---------------------------------------------------------------------
-- Script that creates the sample database SAMPLEDB


-- © Daniel Tait
--Last updated 20210122
---------------------------------------------------------------------




-- 1. Connect to your SQL Server instance and the master database


-- 2. Run the following code to create an empty database called SAMPLEDB
USE master;

-- Drop database
IF DB_ID(N'SAMPLEDB') IS NOT NULL DROP DATABASE SAMPLEDB;


-- If database could not be created due to open connections then abort
IF @@ERROR = 3702 
   RAISERROR(N'Database cannot be dropped because there are still open connections.', 127, 127) WITH NOWAIT, LOG;

-- Create database
CREATE DATABASE SAMPLEDB;
GO

USE SAMPLEDB;
GO


---------------------------------------------------------------------
-- Create Schemas
---------------------------------------------------------------------

CREATE SCHEMA hcm AUTHORIZATION dbo;
GO
CREATE SCHEMA oes AUTHORIZATION dbo;
GO
CREATE SCHEMA bird AUTHORIZATION dbo;
GO

---------------------------------------------------------------------
-- Create Tables
---------------------------------------------------------------------

--create table hcm.countries
CREATE TABLE hcm.countries
(
	country_id INT NOT NULL IDENTITY,
	country_name VARCHAR(50),
	CONSTRAINT pk_countries PRIMARY KEY (country_id),
	CONSTRAINT uk_countries_country_name UNIQUE (country_name)
);

--create table hcm.locations
CREATE TABLE hcm.locations 
(
	location_id         INT NOT NULL IDENTITY,
	street_address      VARCHAR(100) NOT NULL,
	city                VARCHAR(50) NOT NULL,
	state_province      VARCHAR(50),
	postal_code         VARCHAR(10),
	country_id          INT NOT NULL,
	CONSTRAINT pk_locations PRIMARY KEY (location_id),
	CONSTRAINT fk_locations_countries FOREIGN KEY (country_id)
		REFERENCES hcm.countries(country_id)
);


--create table hcm.departments
CREATE TABLE hcm.departments 
(
	department_id INT NOT NULL IDENTITY(10, 10),
	department_name VARCHAR(50) NOT NULL,
	location_id INT NOT NULL,
	CONSTRAINT pk_departments PRIMARY KEY (department_id),
	CONSTRAINT fk_departments_locations FOREIGN KEY (location_id)
		REFERENCES hcm.locations(location_id)
);


--create table hcm.jobs
CREATE TABLE hcm.jobs
(
	job_id INT NOT NULL IDENTITY,
	job_title VARCHAR(40) NOT NULL,
	min_salary NUMERIC(12,2),
	max_salary NUMERIC(12,2),
	CONSTRAINT pk_jobs PRIMARY KEY (job_id)
);


-- Create table hcm.employees
CREATE TABLE hcm.employees
(
  employee_id INT NOT NULL IDENTITY,
  first_name VARCHAR(50) NOT NULL,
  middle_name VARCHAR(50),
  last_name VARCHAR(50) NOT NULL,
  job_id INT NOT NULL,
  salary NUMERIC(12,2),
  birth_date DATE NOT NULL,
  hire_date DATE NOT NULL,
  department_id INT,
  manager_id INT,
  phone VARCHAR(26) NOT NULL,
  street_address VARCHAR(100) NOT NULL,
  city VARCHAR(50) NOT NULL,
  state_province VARCHAR(50),
  postal_code VARCHAR(10),
  country_id INT NOT NULL,
  CONSTRAINT pk_employees PRIMARY KEY(employee_id),
  CONSTRAINT fk_employees_manager_id FOREIGN KEY(manager_id)
    REFERENCES hcm.employees(employee_id),
  CONSTRAINT fk_employees_jobs FOREIGN KEY (job_id)
    REFERENCES hcm.jobs (job_id),
  CONSTRAINT fk_employees_departments FOREIGN KEY (department_id) 
	REFERENCES hcm.departments (department_id),
  CONSTRAINT fk_employees_countries FOREIGN KEY (country_id)
    REFERENCES hcm.countries (country_id),
  CONSTRAINT chk_employees_birth_date CHECK (birth_date < hire_date)
  --,CONSTRAINT chk_employees_salary CHECK (salary > 0)
);

CREATE INDEX ix_employees_lastname ON hcm.employees(last_name);
CREATE INDEX ix_employees_country_id ON hcm.employees(country_id);
CREATE INDEX ix_employees_manager_id ON hcm.employees(manager_id);

	
	
-- Create table oes.Customers
CREATE TABLE oes.customers
(
  customer_id INT NOT NULL IDENTITY,
  first_name VARCHAR(50) NOT NULL,
  last_name VARCHAR(50) NOT NULL,  
  email VARCHAR(320) NOT NULL,
  phone VARCHAR(26) NOT NULL,
  street_address VARCHAR(100) NOT NULL,
  city VARCHAR(50) NOT NULL,
  state_province VARCHAR(50),
  postal_code VARCHAR(10),
  loyalty_card_issued BIT NOT NULL CONSTRAINT dft_loyalty_card_issued DEFAULT(0),
  country_id INT NOT NULL,
  CONSTRAINT pk_customers_customer_id PRIMARY KEY(customer_id),
  CONSTRAINT fk_customers_countries FOREIGN KEY (country_id)
	REFERENCES hcm.countries (country_id)
);

CREATE INDEX ix_customers_city ON oes.customers(city);
CREATE INDEX ix_customers_state_province ON oes.customers(state_province);
CREATE INDEX ix_customers_country_id ON oes.customers(country_id);


-- Create table oes.Shippers
CREATE TABLE oes.shippers
(
  shipper_id INT NOT NULL IDENTITY,
  company_name VARCHAR(40) NOT NULL,
  email VARCHAR(320) NOT NULL,
  phone VARCHAR(24) NOT NULL,
  CONSTRAINT pk_shippers_shipper_id PRIMARY KEY(shipper_id)
);


--create table oes.warehouses 
CREATE TABLE oes.warehouses 
(
	warehouse_id INT NOT NULL IDENTITY,
	warehouse_name VARCHAR(50),
	location_id INT,
	CONSTRAINT pk_warehouses_warehouse_id PRIMARY KEY (warehouse_id),
	CONSTRAINT fk_warehouses_locations FOREIGN KEY (location_id)
	 REFERENCES hcm.locations (location_id)
);



-- Create table oes.product_categories
CREATE TABLE oes.product_categories
(
  category_id INT NOT NULL IDENTITY,
  category_name VARCHAR(40) NOT NULL,
  category_description  VARCHAR(300) NOT NULL,
  CONSTRAINT pk_product_categories_cat_id PRIMARY KEY(category_id),
  CONSTRAINT uk_product_categories_cat_name UNIQUE (category_name)
);

CREATE INDEX ix_category_name ON oes.product_categories(category_name);


-- Create table oes.products
CREATE TABLE oes.products 
(
  product_id INT NOT NULL IDENTITY,
  product_name VARCHAR(100) NOT NULL,
  category_id INT NOT NULL,
  list_price NUMERIC(19,4) NOT NULL CONSTRAINT dft_products_list_price DEFAULT(0),
  discontinued BIT NOT NULL CONSTRAINT dft_products_discontinued DEFAULT(0),
  CONSTRAINT pk_products_product_id PRIMARY KEY (product_id),
  CONSTRAINT fk_products_product_categories FOREIGN KEY (category_id)
    REFERENCES oes.product_categories (category_id),
  CONSTRAINT chk_products_list_price CHECK(list_price >= 0)
);

CREATE INDEX ix_products_category_id ON oes.products(category_id);



--Create table oes.inventories
CREATE TABLE oes.inventories
(
	product_id INT NOT NULL,
	warehouse_id INT NOT NULL,
	quantity_on_hand INT NOT NULL,
	CONSTRAINT pk_inventories PRIMARY KEY (product_id, warehouse_id),
	CONSTRAINT fk_inventories_products FOREIGN KEY (product_id)
	  REFERENCES oes.products (product_id),
	CONSTRAINT fk_inventories_warehouses FOREIGN KEY (warehouse_id)
	  REFERENCES oes.warehouses (warehouse_id)
);

CREATE INDEX ix_inventories_product_id ON oes.inventories(product_id);
CREATE INDEX ix_inventories_warehouse_id ON oes.inventories(warehouse_id);



-- Create table oes.orders
CREATE TABLE oes.orders
(
  order_id INT NOT NULL IDENTITY,
  customer_id INT NOT NULL,
  employee_id INT,
  order_date DATE NOT NULL,
  shipped_date DATE NULL,
  shipper_id INT NOT NULL,
  freight_cost NUMERIC(19,4) NOT NULL CONSTRAINT dft_orders_freight_cost DEFAULT(0),
  CONSTRAINT pk_orders_order_id PRIMARY KEY (order_id),
  CONSTRAINT fk_orders_customer_id FOREIGN KEY (customer_id)
    REFERENCES oes.customers (customer_id),
  CONSTRAINT fk_orders_employees FOREIGN KEY (employee_id)
    REFERENCES hcm.employees (employee_id),
  CONSTRAINT fk_orders_shippers FOREIGN KEY (shipper_id)
    REFERENCES oes.shippers (shipper_id)
);

CREATE INDEX ix_orders_customer_id ON oes.orders(customer_id);
CREATE INDEX ix_orders_employee_id ON oes.orders(employee_id);
CREATE INDEX ix_orders_shipper_id ON oes.orders(shipper_id);
CREATE INDEX ix_orders_order_date ON oes.orders(order_date);



-- Create table oes.order_items
CREATE TABLE oes.order_items
(
  order_id INT NOT NULL,
  product_id INT NOT NULL,
  unit_price NUMERIC(19,4) NOT NULL CONSTRAINT dft_order_items_unit_price DEFAULT(0),
  quantity INT NOT NULL CONSTRAINT dft_order_items_quantity DEFAULT(1),
  discount  NUMERIC(4,3) NOT NULL CONSTRAINT dft_order_items_discount DEFAULT(0),
  CONSTRAINT pk_order_items PRIMARY KEY (order_id, product_id),
  CONSTRAINT fk_order_items_orders FOREIGN KEY(order_id)
    REFERENCES oes.orders(order_id),
  CONSTRAINT fk_order_items_products FOREIGN KEY(product_id)
    REFERENCES oes.products(product_id),
  CONSTRAINT chk_order_items_discount  CHECK (discount BETWEEN 0 AND 1),
  CONSTRAINT chk_order_items_quantity  CHECK (quantity > 0),
  CONSTRAINT chk_unit_price CHECK (unit_price >= 0)
);

CREATE INDEX ix_order_items_order_id ON oes.order_items(order_id);
CREATE INDEX ix_order_items_product_id ON oes.order_items(product_id);


-- Create table bird.arizona_sightings
CREATE TABLE bird.arizona_sightings
(
	sighting_id INT NOT NULL IDENTITY,
	common_name VARCHAR(60),
	scientific_name VARCHAR(60),
	sighting_location VARCHAR(50),
	sighting_date DATE,
	CONSTRAINT pk_arizona_sightings PRIMARY KEY (sighting_id)
);

-- Create table bird.california_sightings
CREATE TABLE bird.california_sightings
(
	sighting_id INT NOT NULL IDENTITY,
	common_name VARCHAR(60),
	scientific_name VARCHAR(60),
	location_of_sighting VARCHAR(50),
	sighting_date DATE,
	CONSTRAINT pk_california_sightings PRIMARY KEY (sighting_id)
);

-- Create table bird.florida_sightings
CREATE TABLE bird.florida_sightings
(
	observation_id INT NOT NULL IDENTITY,
	scientific_name VARCHAR(50),
	locality VARCHAR(50),
	sighting_datetime DATETIME2,
	CONSTRAINT pk_florida_sightings PRIMARY KEY (observation_id)
);


-- Create table bird.antarctic_species 
CREATE TABLE bird.antarctic_species 
(
	species_id INT NOT NULL IDENTITY,
	scientific_name VARCHAR(50),
	common_name VARCHAR(50),
	CONSTRAINT pk_antarctic_species PRIMARY KEY (species_id)
);

CREATE UNIQUE INDEX UK_ix_antarctic_species ON bird.antarctic_species (scientific_name);


-- Create table bird.antarctic_populations
CREATE TABLE bird.antarctic_populations 
(
	species_id INT NOT NULL,
	locality VARCHAR(50) NOT NULL,
	population_count INT,
	date_of_count DATE NOT NULL,
	CONSTRAINT pk_antarctic_populations PRIMARY KEY (species_id, locality, date_of_count),
	CONSTRAINT fk_antarctic_populations_species FOREIGN KEY (species_id)
		REFERENCES bird.antarctic_species (species_id)
);

CREATE INDEX ix_antarctic_popdate_of_count ON bird.antarctic_populations (date_of_count);



--------------------------------------------------------
--  Populate Tables  
--------------------------------------------------------

SET NOCOUNT ON;

-- Populate table bird.antarctic_species
SET IDENTITY_INSERT bird.antarctic_species ON;
INSERT INTO bird.antarctic_species (species_id, scientific_name, common_name) VALUES (1,'Pygoscelis adeliae','Adelie penguin');
INSERT INTO bird.antarctic_species (species_id, scientific_name, common_name) VALUES (2,'Aptenodytes patagonicus','King Penguin');
INSERT INTO bird.antarctic_species (species_id, scientific_name, common_name) VALUES (3,'Pygoscelis antarcticus','Chinstrap penguin');
INSERT INTO bird.antarctic_species (species_id, scientific_name, common_name) VALUES (4,'Eudyptes chrysolophus','Macaroni penguin');
INSERT INTO bird.antarctic_species (species_id, scientific_name, common_name) VALUES (5,'Phoebetria fusca','Sooty albatross');
SET IDENTITY_INSERT bird.antarctic_species OFF;


-- Populate table bird.antarctic_populations
INSERT INTO bird.antarctic_populations (species_id, locality, population_count, date_of_count) VALUES (3,'Elephant Island', 115800, '20180517');
INSERT INTO bird.antarctic_populations (species_id, locality, population_count, date_of_count) VALUES (3,'Elephant Island', 112400, '20190627');
INSERT INTO bird.antarctic_populations (species_id, locality, population_count, date_of_count) VALUES (3,'Elephant Island', 104000, '20200419');
INSERT INTO bird.antarctic_populations (species_id, locality, population_count, date_of_count) VALUES (3,'Falkland Islands', 6300, '20180812');
INSERT INTO bird.antarctic_populations (species_id, locality, population_count, date_of_count) VALUES (3,'Falkland Islands', 6400, '20190915');
INSERT INTO bird.antarctic_populations (species_id, locality, population_count, date_of_count) VALUES (3,'Falkland Islands', 6250, '20200920');
INSERT INTO bird.antarctic_populations (species_id, locality, population_count, date_of_count) VALUES (2,'Falkland Islands', 3025, '20181220');
INSERT INTO bird.antarctic_populations (species_id, locality, population_count, date_of_count) VALUES (2,'South Georgia Island', 104000, '20181218');
INSERT INTO bird.antarctic_populations (species_id, locality, population_count, date_of_count) VALUES (2,'Falkland Islands', 3050, '20191203');
INSERT INTO bird.antarctic_populations (species_id, locality, population_count, date_of_count) VALUES (2,'South Georgia Island', 102000, '20191217');
INSERT INTO bird.antarctic_populations (species_id, locality, population_count, date_of_count) VALUES (2,'Falkland Islands', 3050, '20201107');
INSERT INTO bird.antarctic_populations (species_id, locality, population_count, date_of_count) VALUES (2,'South Georgia Island', 102000, '20201105');
INSERT INTO bird.antarctic_populations (species_id, locality, population_count, date_of_count) VALUES (1,'Anvers Island', 91000, '20180512');
INSERT INTO bird.antarctic_populations (species_id, locality, population_count, date_of_count) VALUES (1,'Anvers Island', 91000, '20190815');
INSERT INTO bird.antarctic_populations (species_id, locality, population_count, date_of_count) VALUES (1,'Anvers Island', 90000, '20200918');
INSERT INTO bird.antarctic_populations (species_id, locality, population_count, date_of_count) VALUES (4,'South Georgia Island', 5400000, '20180515');
INSERT INTO bird.antarctic_populations (species_id, locality, population_count, date_of_count) VALUES (4,'South Georgia Island', 5200000, '20190818');
INSERT INTO bird.antarctic_populations (species_id, locality, population_count, date_of_count) VALUES (4,'South Georgia Island', 5100000, '20200920');


-- Populate table bird.arizona_sightings
SET IDENTITY_INSERT bird.arizona_sightings ON;
INSERT INTO bird.arizona_sightings (sighting_id,common_name,scientific_name,sighting_location,sighting_date) VALUES (1,'Elegant Trogon','Trogon elegans','Cave Creek Canyon', '20200815');
INSERT INTO bird.arizona_sightings (sighting_id,common_name,scientific_name,sighting_location,sighting_date) VALUES (2,'Montezuma Quail','Cyrtonyx montezumae','Cave Creek Canyon', '20200815');
INSERT INTO bird.arizona_sightings (sighting_id,common_name,scientific_name,sighting_location,sighting_date) VALUES (3,'Elegant Trogon','Trogon elegans','Cave Creek Canyon', '20200812');
INSERT INTO bird.arizona_sightings (sighting_id,common_name,scientific_name,sighting_location,sighting_date) VALUES (4,'Yellow-headed Blackbird','Xanthocephalus xanthocephalus','Dead Horse Ranch State Park', '20200730');
INSERT INTO bird.arizona_sightings (sighting_id,common_name,scientific_name,sighting_location,sighting_date) VALUES (5,'Gambel''s quail','Callipepla gambelii','Kartchner Caverns State Park', '20200729');
SET IDENTITY_INSERT bird.arizona_sightings OFF;


-- Populate table bird.california_sightings
SET IDENTITY_INSERT bird.california_sightings ON;
INSERT INTO bird.california_sightings (sighting_id,common_name,scientific_name,location_of_sighting,sighting_date) VALUES (1,'Gambel''s quail','Callipepla gambelii','Anza-Borrego Desert State Park','20200729');
INSERT INTO bird.california_sightings (sighting_id,common_name,scientific_name,location_of_sighting,sighting_date) VALUES (2,'Snowy plover','Charadrius nivosus','Morro Bay State Park','20200331');
INSERT INTO bird.california_sightings (sighting_id,common_name,scientific_name,location_of_sighting,sighting_date) VALUES (3,'Short-eared Owl','Asio flammeus','Morro Bay State Park','20200329');
INSERT INTO bird.california_sightings (sighting_id,common_name,scientific_name,location_of_sighting,sighting_date) VALUES (4,'Horned Lark','Eremophila alpestris','Joshua Tree National Park','20200529');
INSERT INTO bird.california_sightings (sighting_id,common_name,scientific_name,location_of_sighting,sighting_date) VALUES (5,'American Cliff Swallow','Petrochelidon pyrrhonota','Joshua Tree National Park','20200621');
SET IDENTITY_INSERT bird.california_sightings OFF;


-- Populate table bird.florida_sightings
SET IDENTITY_INSERT bird.florida_sightings ON;
INSERT INTO bird.florida_sightings (observation_id,scientific_name,locality,sighting_datetime) VALUES (1,'Pandion haliaetus','Myakka River State Park', '20200815 17:00:00');
INSERT INTO bird.florida_sightings (observation_id,scientific_name,locality,sighting_datetime) VALUES (2,'Buteo lineatus','Blue Spring State Park', '20200820 11:15:00');
INSERT INTO bird.florida_sightings (observation_id,scientific_name,locality,sighting_datetime) VALUES (3,'Aphelocoma coerulescens','Blue Spring State Park', '20200821 11:30:00');
INSERT INTO bird.florida_sightings (observation_id,scientific_name,locality,sighting_datetime) VALUES (4,'Cathartes aura','Blue Spring State Park', '20200821 10:35:00');
INSERT INTO bird.florida_sightings (observation_id,scientific_name,locality,sighting_datetime) VALUES (5,'Mycteria americana','Blue Spring State Park', '20200822 14:40:00');
INSERT INTO bird.florida_sightings (observation_id,scientific_name,locality,sighting_datetime) VALUES (6,'Aramus guarauna','Colt Creek State Park', '20200825 15:00:00');
INSERT INTO bird.florida_sightings (observation_id,scientific_name,locality,sighting_datetime) VALUES (7,'Caracara cheriway','Colt Creek State Park', '20200830 15:15:00');
SET IDENTITY_INSERT bird.florida_sightings OFF;


-- Populate table hcm.countries
SET IDENTITY_INSERT hcm.countries ON;
INSERT INTO hcm.countries (country_id,country_name) VALUES (1,'Argentina');
INSERT INTO hcm.countries (country_id,country_name) VALUES (2,'Australia');
INSERT INTO hcm.countries (country_id,country_name) VALUES (3,'Belgium');
INSERT INTO hcm.countries (country_id,country_name) VALUES (4,'Brazil');
INSERT INTO hcm.countries (country_id,country_name) VALUES (5,'Canada');
INSERT INTO hcm.countries (country_id,country_name) VALUES (6,'China');
INSERT INTO hcm.countries (country_id,country_name) VALUES (7,'Denmark');
INSERT INTO hcm.countries (country_id,country_name) VALUES (8,'Egypt');
INSERT INTO hcm.countries (country_id,country_name) VALUES (9,'France');
INSERT INTO hcm.countries (country_id,country_name) VALUES (10,'Germany');
INSERT INTO hcm.countries (country_id,country_name) VALUES (11,'India');
INSERT INTO hcm.countries (country_id,country_name) VALUES (12,'Israel');
INSERT INTO hcm.countries (country_id,country_name) VALUES (13,'Italy');
INSERT INTO hcm.countries (country_id,country_name) VALUES (14,'Japan');
INSERT INTO hcm.countries (country_id,country_name) VALUES (15,'Jordan');
INSERT INTO hcm.countries (country_id,country_name) VALUES (16,'Kazakstan');
INSERT INTO hcm.countries (country_id,country_name) VALUES (17,'Malaysia');
INSERT INTO hcm.countries (country_id,country_name) VALUES (18,'Mexico');
INSERT INTO hcm.countries (country_id,country_name) VALUES (19,'Netherlands');
INSERT INTO hcm.countries (country_id,country_name) VALUES (20,'New Zealand');
INSERT INTO hcm.countries (country_id,country_name) VALUES (21,'Nigeria');
INSERT INTO hcm.countries (country_id,country_name) VALUES (22,'Norway');
INSERT INTO hcm.countries (country_id,country_name) VALUES (23,'Singapore');
INSERT INTO hcm.countries (country_id,country_name) VALUES (24,'South Africa');
INSERT INTO hcm.countries (country_id,country_name) VALUES (25,'Sweden');
INSERT INTO hcm.countries (country_id,country_name) VALUES (26,'Switzerland');
INSERT INTO hcm.countries (country_id,country_name) VALUES (27,'United Kingdom');
INSERT INTO hcm.countries (country_id,country_name) VALUES (28,'United States of America');
INSERT INTO hcm.countries (country_id,country_name) VALUES (29,'Vietnam');
INSERT INTO hcm.countries (country_id,country_name) VALUES (30,'Zambia');
SET IDENTITY_INSERT hcm.countries OFF;

-- Populate table hcm.locations
SET IDENTITY_INSERT hcm.locations ON;
INSERT INTO hcm.locations (location_id,street_address,city,state_province,postal_code,country_id) VALUES (1000,'33 Isabella Street','Toronto','Ontario','M4Y 2P7',5);
INSERT INTO hcm.locations (location_id,street_address,city,state_province,postal_code,country_id) VALUES (1100,'8 Park Road','Toronto','Ontario','M4W 1B7',5);
INSERT INTO hcm.locations (location_id,street_address,city,state_province,postal_code,country_id) VALUES (1200,'2017 Shinjuku-ku','Tokyo','Tokyo Prefecture','1689',14);
INSERT INTO hcm.locations (location_id,street_address,city,state_province,postal_code,country_id) VALUES (1300,'9450 Kamiya-cho','Hiroshima',null,'6823',14);
INSERT INTO hcm.locations (location_id,street_address,city,state_province,postal_code,country_id) VALUES (1400,'9520 Rainier Ave','Seattle','Washington','98118',28);
INSERT INTO hcm.locations (location_id,street_address,city,state_province,postal_code,country_id) VALUES (1500,'418 E Loretta Pl','Seattle','Washington','98102',28);
INSERT INTO hcm.locations (location_id,street_address,city,state_province,postal_code,country_id) VALUES (1600,'2007 Zagora St','South Brunswick','New Jersey','50090',28);
INSERT INTO hcm.locations (location_id,street_address,city,state_province,postal_code,country_id) VALUES (1700,'402 Aloha St','Seattle','Washington','98109',28);
INSERT INTO hcm.locations (location_id,street_address,city,state_province,postal_code,country_id) VALUES (1800,'147 Spadina Ave','Toronto','Ontario','M5V 2L7',5);
INSERT INTO hcm.locations (location_id,street_address,city,state_province,postal_code,country_id) VALUES (1900,'6092 Boxwood St','Whitehorse','Yukon','YSW 9T2',5);
INSERT INTO hcm.locations (location_id,street_address,city,state_province,postal_code,country_id) VALUES (2000,'40-5-12 Laogianggen','Beijing',null,'190518',6);
INSERT INTO hcm.locations (location_id,street_address,city,state_province,postal_code,country_id) VALUES (2100,'1298 Vileparle (E)','Bombay','Maharashtra','490231',11);
INSERT INTO hcm.locations (location_id,street_address,city,state_province,postal_code,country_id) VALUES (2200,'12 Victoria Street','Sydney','New South Wales','2901',2);
INSERT INTO hcm.locations (location_id,street_address,city,state_province,postal_code,country_id) VALUES (2300,'198 Clementi North','Singapore',null,'540198',23);
INSERT INTO hcm.locations (location_id,street_address,city,state_province,postal_code,country_id) VALUES (2400,'101 Portland St','Manchester',null,'M1 6DF',27);
INSERT INTO hcm.locations (location_id,street_address,city,state_province,postal_code,country_id) VALUES (2500,'54 Duncan Street','London',null,'N1 8BW',27);
INSERT INTO hcm.locations (location_id,street_address,city,state_province,postal_code,country_id) VALUES (2600,'9702 Chester Road','Stretford','Manchester','9629850293',27);
INSERT INTO hcm.locations (location_id,street_address,city,state_province,postal_code,country_id) VALUES (2700,'66 York Street','Sydney','New South Wales','2000',2);
INSERT INTO hcm.locations (location_id,street_address,city,state_province,postal_code,country_id) VALUES (2800,'Rua Frei Caneca 1360 ','Sao Paulo','Sao Paulo','01307-002',4);
INSERT INTO hcm.locations (location_id,street_address,city,state_province,postal_code,country_id) VALUES (2900,'20 Rue des Corps-Saints','Geneva','Geneve','1730',26);
INSERT INTO hcm.locations (location_id,street_address,city,state_province,postal_code,country_id) VALUES (3000,'Murtenstrasse 921','Bern','BE','3095',26);
INSERT INTO hcm.locations (location_id,street_address,city,state_province,postal_code,country_id) VALUES (3100,'Pieter Breughelstraat 837','Utrecht','Utrecht','3029SK',19);
INSERT INTO hcm.locations (location_id,street_address,city,state_province,postal_code,country_id) VALUES (3200,'Mariano Escobedo 9991','Mexico City','Distrito Federal','11932',18);
SET IDENTITY_INSERT hcm.locations OFF;

-- Populate table hcm.departments
SET IDENTITY_INSERT hcm.departments ON;
INSERT INTO hcm.departments (department_id,department_name,location_id) VALUES (10,'Administration',1700);
INSERT INTO hcm.departments (department_id,department_name,location_id) VALUES (20,'Marketing',1800);
INSERT INTO hcm.departments (department_id,department_name,location_id) VALUES (30,'Purchasing',1700);
INSERT INTO hcm.departments (department_id,department_name,location_id) VALUES (40,'Human Resources',2400);
INSERT INTO hcm.departments (department_id,department_name,location_id) VALUES (50,'Shipping',1500);
INSERT INTO hcm.departments (department_id,department_name,location_id) VALUES (60,'IT',1400);
INSERT INTO hcm.departments (department_id,department_name,location_id) VALUES (70,'Public Relations',2700);
INSERT INTO hcm.departments (department_id,department_name,location_id) VALUES (80,'Sales',2500);
INSERT INTO hcm.departments (department_id,department_name,location_id) VALUES (90,'Executive',1700);
INSERT INTO hcm.departments (department_id,department_name,location_id) VALUES (100,'Finance',2700);
INSERT INTO hcm.departments (department_id,department_name,location_id) VALUES (110,'Accounting',1700);
INSERT INTO hcm.departments (department_id,department_name,location_id) VALUES (120,'Treasury',1700);
INSERT INTO hcm.departments (department_id,department_name,location_id) VALUES (130,'Corporate Tax',1700);
INSERT INTO hcm.departments (department_id,department_name,location_id) VALUES (140,'Control And Credit',1700);
INSERT INTO hcm.departments (department_id,department_name,location_id) VALUES (150,'Shareholder Services',1700);
INSERT INTO hcm.departments (department_id,department_name,location_id) VALUES (160,'Benefits',1700);
INSERT INTO hcm.departments (department_id,department_name,location_id) VALUES (170,'Manufacturing',1700);
INSERT INTO hcm.departments (department_id,department_name,location_id) VALUES (180,'Construction',1700);
INSERT INTO hcm.departments (department_id,department_name,location_id) VALUES (190,'Contracting',1700);
INSERT INTO hcm.departments (department_id,department_name,location_id) VALUES (200,'Operations',1700);
INSERT INTO hcm.departments (department_id,department_name,location_id) VALUES (210,'IT Support',1700);
INSERT INTO hcm.departments (department_id,department_name,location_id) VALUES (220,'NOC',1700);
INSERT INTO hcm.departments (department_id,department_name,location_id) VALUES (230,'IT Helpdesk',1700);
INSERT INTO hcm.departments (department_id,department_name,location_id) VALUES (240,'Government Sales',1700);
INSERT INTO hcm.departments (department_id,department_name,location_id) VALUES (250,'Retail Sales',1700);
INSERT INTO hcm.departments (department_id,department_name,location_id) VALUES (260,'Recruiting',1700);
INSERT INTO hcm.departments (department_id,department_name,location_id) VALUES (270,'Payroll',1700);
SET IDENTITY_INSERT hcm.departments OFF;



-- Populate table hcm.jobs
SET IDENTITY_INSERT hcm.jobs ON;
INSERT INTO hcm.jobs (job_id,job_title,min_salary,max_salary) VALUES (1,'President',481920,960000);
INSERT INTO hcm.jobs (job_id,job_title,min_salary,max_salary) VALUES (2,'Administration Vice President',360000,720000);
INSERT INTO hcm.jobs (job_id,job_title,min_salary,max_salary) VALUES (3,'Administration Assistant',72000,144000);
INSERT INTO hcm.jobs (job_id,job_title,min_salary,max_salary) VALUES (4,'Finance Manager',196800,384000);
INSERT INTO hcm.jobs (job_id,job_title,min_salary,max_salary) VALUES (5,'Accountant',100800,216000);
INSERT INTO hcm.jobs (job_id,job_title,min_salary,max_salary) VALUES (6,'Accounting Manager',196800,384000);
INSERT INTO hcm.jobs (job_id,job_title,min_salary,max_salary) VALUES (7,'Public Accountant',100800,216000);
INSERT INTO hcm.jobs (job_id,job_title,min_salary,max_salary) VALUES (8,'Sales Manager',240000,481920);
INSERT INTO hcm.jobs (job_id,job_title,min_salary,max_salary) VALUES (9,'Sales Representative',144000,288192);
INSERT INTO hcm.jobs (job_id,job_title,min_salary,max_salary) VALUES (10,'Purchasing Manager',192000,360000);
INSERT INTO hcm.jobs (job_id,job_title,min_salary,max_salary) VALUES (11,'Purchasing Clerk',60000,132000);
INSERT INTO hcm.jobs (job_id,job_title,min_salary,max_salary) VALUES (12,'Stock Manager',132000,204000);
INSERT INTO hcm.jobs (job_id,job_title,min_salary,max_salary) VALUES (13,'Stock Clerk',48192,120000);
INSERT INTO hcm.jobs (job_id,job_title,min_salary,max_salary) VALUES (14,'Shipping Clerk',60000,132000);
INSERT INTO hcm.jobs (job_id,job_title,min_salary,max_salary) VALUES (15,'Developer',96000,240000);
INSERT INTO hcm.jobs (job_id,job_title,min_salary,max_salary) VALUES (16,'Marketing Manager',216000,360000);
INSERT INTO hcm.jobs (job_id,job_title,min_salary,max_salary) VALUES (17,'Marketing Representative',96000,216000);
INSERT INTO hcm.jobs (job_id,job_title,min_salary,max_salary) VALUES (18,'Human Resources Representative',96000,216000);
INSERT INTO hcm.jobs (job_id,job_title,min_salary,max_salary) VALUES (19,'Public Relations Representative',108000,252000);
SET IDENTITY_INSERT hcm.jobs OFF;


-- Populate table hcm.employees
SET IDENTITY_INSERT hcm.employees ON;
INSERT INTO hcm.employees (employee_id,first_name,middle_name,last_name,job_id,salary,birth_date,hire_date,department_id,manager_id,phone,street_address,city,state_province,postal_code,country_id) VALUES (100,'Jack','John','Bernard',1,576000,'19940113','20170123',90,NULL,'515.996.5357','3 Kenwood Plaza','Seattle','Washington','98185',28);
INSERT INTO hcm.employees (employee_id,first_name,middle_name,last_name,job_id,salary,birth_date,hire_date,department_id,manager_id,phone,street_address,city,state_province,postal_code,country_id) VALUES (101,'Don','Fred','Reilly',2,408000,'19661227','20061228',90,100,'515.848.4385','61 Banding Street','Seattle','Washington','98166',28);
INSERT INTO hcm.employees (employee_id,first_name,middle_name,last_name,job_id,salary,birth_date,hire_date,department_id,manager_id,phone,street_address,city,state_province,postal_code,country_id) VALUES (102,'Judy','Georgia','Lawson',2,408000,'19601112','20101126',90,100,'515.195.9617','17 American Ash Trail','Seattle','Washington','98127',28);
INSERT INTO hcm.employees (employee_id,first_name,middle_name,last_name,job_id,salary,birth_date,hire_date,department_id,manager_id,phone,street_address,city,state_province,postal_code,country_id) VALUES (103,'Yani','Michelle','Wenzlick',15,216000,'19670922','20020906',60,102,'590.117.7119','6 Pearson Junction','Seattle','Washington','98148',28);
INSERT INTO hcm.employees (employee_id,first_name,middle_name,last_name,job_id,salary,birth_date,hire_date,department_id,manager_id,phone,street_address,city,state_province,postal_code,country_id) VALUES (104,'Rachel','Alison','Mortensen',15,144000,'19590727','20030725',60,103,'590.876.6936','27 Dunning Street','Seattle','Washington','98109',28);
INSERT INTO hcm.employees (employee_id,first_name,middle_name,last_name,job_id,salary,birth_date,hire_date,department_id,manager_id,phone,street_address,city,state_province,postal_code,country_id) VALUES (105,'Paul','James','Cameron',15,115200,'19851220','20181214',60,103,'590.826.7764','3 Calypso Parkway','Seattle','Washington','98133',28);
INSERT INTO hcm.employees (employee_id,first_name,middle_name,last_name,job_id,salary,birth_date,hire_date,department_id,manager_id,phone,street_address,city,state_province,postal_code,country_id) VALUES (106,'Russell','John','King',15,115200,'19890418','20080421',60,103,'590.964.4035','5 Barnett Drive','Seattle','Washington','98148',28);
INSERT INTO hcm.employees (employee_id,first_name,middle_name,last_name,job_id,salary,birth_date,hire_date,department_id,manager_id,phone,street_address,city,state_province,postal_code,country_id) VALUES (107,'Maria','April','Cameron',15,100800,'19730311','20080301',60,103,'590.643.5171','578 Brentwood Parkway','Seattle','Washington','98140',28);
INSERT INTO hcm.employees (employee_id,first_name,middle_name,last_name,job_id,salary,birth_date,hire_date,department_id,manager_id,phone,street_address,city,state_province,postal_code,country_id) VALUES (108,'Patricia','Dana','Doyle',4,288192,'19710814','20150806',100,101,'515.626.4805','286 Santa Rosa Ave','Sydney','New South Wales','1595',2);
INSERT INTO hcm.employees (employee_id,first_name,middle_name,last_name,job_id,salary,birth_date,hire_date,department_id,manager_id,phone,street_address,city,state_province,postal_code,country_id) VALUES (109,'Daniel','Alexander','Hopkins',5,216000,'19950415','20190427',100,108,'515.845.7923','8 Collins Ave','Sydney','New South Wales','2650',2);
INSERT INTO hcm.employees (employee_id,first_name,middle_name,last_name,job_id,salary,birth_date,hire_date,department_id,manager_id,phone,street_address,city,state_province,postal_code,country_id) VALUES (110,'John',NULL,'Chen',5,196800,'19610124','20070106',100,108,'515.003.1575','406 Eastern road','Sydney','New South Wales','2481',2);
INSERT INTO hcm.employees (employee_id,first_name,middle_name,last_name,job_id,salary,birth_date,hire_date,department_id,manager_id,phone,street_address,city,state_province,postal_code,country_id) VALUES (111,'Llyod','Eric','Henderson',5,184800,'19921002','20161007',100,108,'515.689.5566','60 Highway Road','Sydney','New South Wales','2155',2);
INSERT INTO hcm.employees (employee_id,first_name,middle_name,last_name,job_id,salary,birth_date,hire_date,department_id,manager_id,phone,street_address,city,state_province,postal_code,country_id) VALUES (112,'Lena','Michelle','Chadwick',5,187200,'19570203','20040204',100,108,'515.390.5375','6 Argyle Rd','Sydney','New South Wales','2300',2);
INSERT INTO hcm.employees (employee_id,first_name,middle_name,last_name,job_id,salary,birth_date,hire_date,department_id,manager_id,phone,street_address,city,state_province,postal_code,country_id) VALUES (113,'Richard','Mark','Stewart',5,165600,'19671020','20031013',100,108,'515.239.5085','16949 Harristown Rd','Sydney','New South Wales','2287',2);
INSERT INTO hcm.employees (employee_id,first_name,middle_name,last_name,job_id,salary,birth_date,hire_date,department_id,manager_id,phone,street_address,city,state_province,postal_code,country_id) VALUES (114,'Diana','Mary','Colman',10,264000,'19860213','20130220',30,100,'515.776.5640','576 Nancy Alley','Seattle','Washington','98115',28);
INSERT INTO hcm.employees (employee_id,first_name,middle_name,last_name,job_id,salary,birth_date,hire_date,department_id,manager_id,phone,street_address,city,state_province,postal_code,country_id) VALUES (115,'Alexander',NULL,'Khoo',11,74400,'19591017','20111004',30,114,'515.125.0259','22270 Portage Park','Seattle','Washington','98104',28);
INSERT INTO hcm.employees (employee_id,first_name,middle_name,last_name,job_id,salary,birth_date,hire_date,department_id,manager_id,phone,street_address,city,state_province,postal_code,country_id) VALUES (116,'Shelli',NULL,'Baida',11,69600,'19590123','20160110',30,114,'515.513.4164','05 School Lane','Seattle','Washington','98121',28);
INSERT INTO hcm.employees (employee_id,first_name,middle_name,last_name,job_id,salary,birth_date,hire_date,department_id,manager_id,phone,street_address,city,state_province,postal_code,country_id) VALUES (117,'Peter',NULL,'Owen',11,67200,'19881022','20191012',30,114,'515.114.7092','9506 Bultman Trail','Seattle','Washington','98115',28);
INSERT INTO hcm.employees (employee_id,first_name,middle_name,last_name,job_id,salary,birth_date,hire_date,department_id,manager_id,phone,street_address,city,state_province,postal_code,country_id) VALUES (118,'Peter','Richard','Owen',11,62400,'19940223','20190224',30,114,'515.251.9362','503 Tennessee Crossing','Seattle','Washington','98140',28);
INSERT INTO hcm.employees (employee_id,first_name,middle_name,last_name,job_id,salary,birth_date,hire_date,department_id,manager_id,phone,street_address,city,state_province,postal_code,country_id) VALUES (119,'Karen','Rhonda','Colmenares',11,60000,'19870306','20060304',30,114,'515.593.3752','23 Kennedy Drive','Seattle','Washington','98166',28);
INSERT INTO hcm.employees (employee_id,first_name,middle_name,last_name,job_id,salary,birth_date,hire_date,department_id,manager_id,phone,street_address,city,state_province,postal_code,country_id) VALUES (120,'Matthew','Anthony','Wilson',12,196800,'19701013','20111014',50,100,'650.689.6900','91 Northland Plaza','Seattle','Washington','98127',28);
INSERT INTO hcm.employees (employee_id,first_name,middle_name,last_name,job_id,salary,birth_date,hire_date,department_id,manager_id,phone,street_address,city,state_province,postal_code,country_id) VALUES (121,'Jack','Earl','Hale',12,196800,'19660913','20110907',50,100,'650.083.4633','3951 Merrick Lane','Seattle','Washington','98133',28);
INSERT INTO hcm.employees (employee_id,first_name,middle_name,last_name,job_id,salary,birth_date,hire_date,department_id,manager_id,phone,street_address,city,state_province,postal_code,country_id) VALUES (122,'Priya',NULL,'Singh',12,189600,'19800804','20190805',50,100,'650.937.4754','750 Schmedeman Pass','Seattle','Washington','98195',28);
INSERT INTO hcm.employees (employee_id,first_name,middle_name,last_name,job_id,salary,birth_date,hire_date,department_id,manager_id,phone,street_address,city,state_province,postal_code,country_id) VALUES (123,'Shanta',NULL,'Vollman',12,156000,'19840706','20020709',50,100,'650.878.7210','45623 Lyons Street','Seattle','Washington','98148',28);
INSERT INTO hcm.employees (employee_id,first_name,middle_name,last_name,job_id,salary,birth_date,hire_date,department_id,manager_id,phone,street_address,city,state_province,postal_code,country_id) VALUES (124,'Kevin',NULL,'Mourgos',12,139200,'19700903','20090921',50,100,'650.168.8824','52 Hollow Ridge Street','Seattle','Washington','98148',28);
INSERT INTO hcm.employees (employee_id,first_name,middle_name,last_name,job_id,salary,birth_date,hire_date,department_id,manager_id,phone,street_address,city,state_province,postal_code,country_id) VALUES (125,'Julia','Aleisha','Nayer',13,76800,'19720916','20150917',50,120,'650.290.0080','7 Summerview Crossing','Seattle','Washington','98109',28);
INSERT INTO hcm.employees (employee_id,first_name,middle_name,last_name,job_id,salary,birth_date,hire_date,department_id,manager_id,phone,street_address,city,state_province,postal_code,country_id) VALUES (126,'Irene',NULL,'Mikkilineni',13,64800,'19620216','20010222',50,120,'650.810.3548','6 Veith Place','Seattle','Washington','98115',28);
INSERT INTO hcm.employees (employee_id,first_name,middle_name,last_name,job_id,salary,birth_date,hire_date,department_id,manager_id,phone,street_address,city,state_province,postal_code,country_id) VALUES (127,'James',NULL,'Landry',13,57600,'19720413','20110411',50,120,'650.816.0130','95 Elka Crossing','Seattle','Washington','98109',28);
INSERT INTO hcm.employees (employee_id,first_name,middle_name,last_name,job_id,salary,birth_date,hire_date,department_id,manager_id,phone,street_address,city,state_province,postal_code,country_id) VALUES (128,'Steven','Andrew','Markle',13,52800,'19700819','20040801',50,120,'650.058.3953','18499 Autumn Leaf Trail','Seattle','Washington','98185',28);
INSERT INTO hcm.employees (employee_id,first_name,middle_name,last_name,job_id,salary,birth_date,hire_date,department_id,manager_id,phone,street_address,city,state_province,postal_code,country_id) VALUES (129,'Laura','Tanya','Bissot',13,79200,'19870402','20160408',50,121,'650.824.8471','5378 Porter Place','Seattle','Washington','98195',28);
INSERT INTO hcm.employees (employee_id,first_name,middle_name,last_name,job_id,salary,birth_date,hire_date,department_id,manager_id,phone,street_address,city,state_province,postal_code,country_id) VALUES (130,'Mark','Jeffrey','Atkinson',13,67200,'19790204','20100225',50,121,'650.447.4686','94307 Annamark Junction','Seattle','Washington','98104',28);
INSERT INTO hcm.employees (employee_id,first_name,middle_name,last_name,job_id,salary,birth_date,hire_date,department_id,manager_id,phone,street_address,city,state_province,postal_code,country_id) VALUES (131,'James','Ian','Marlow',13,60000,'19840621','20130609',50,121,'650.860.2883','1891 Sage Court','Seattle','Washington','98109',28);
INSERT INTO hcm.employees (employee_id,first_name,middle_name,last_name,job_id,salary,birth_date,hire_date,department_id,manager_id,phone,street_address,city,state_province,postal_code,country_id) VALUES (132,'Gavin','Francis','Olson',13,52800,'19730216','20080215',50,121,'650.283.1659','9794 Carey Hill','Seattle','Washington','98109',28);
INSERT INTO hcm.employees (employee_id,first_name,middle_name,last_name,job_id,salary,birth_date,hire_date,department_id,manager_id,phone,street_address,city,state_province,postal_code,country_id) VALUES (133,'Jason','Paul','Mallin',13,79200,'19851222','20161206',50,122,'650.315.4723','7975 Pleasure Crossing','Seattle','Washington','98166',28);
INSERT INTO hcm.employees (employee_id,first_name,middle_name,last_name,job_id,salary,birth_date,hire_date,department_id,manager_id,phone,street_address,city,state_province,postal_code,country_id) VALUES (134,'Michael','Robert','Rogers',13,69600,'19690825','20180822',50,122,'650.763.3210','212 High Crossing Terrace','Seattle','Washington','98148',28);
INSERT INTO hcm.employees (employee_id,first_name,middle_name,last_name,job_id,salary,birth_date,hire_date,department_id,manager_id,phone,street_address,city,state_province,postal_code,country_id) VALUES (135,'Mitch','Matthew','Holt',13,57600,'19920510','20120523',50,122,'650.500.8591','3 Muir Trail','Seattle','Washington','98104',28);
INSERT INTO hcm.employees (employee_id,first_name,middle_name,last_name,job_id,salary,birth_date,hire_date,department_id,manager_id,phone,street_address,city,state_province,postal_code,country_id) VALUES (136,'Hazel','Danielle','Philtanker',13,52800,'19941017','20171013',50,122,'650.908.2415','8 South Avenue','Seattle','Washington','98185',28);
INSERT INTO hcm.employees (employee_id,first_name,middle_name,last_name,job_id,salary,birth_date,hire_date,department_id,manager_id,phone,street_address,city,state_province,postal_code,country_id) VALUES (137,'Renske',NULL,'Ladwig',13,86400,'19720718','20060715',50,123,'650.960.5034','8 Upham Crossing','Seattle','Washington','98127',28);
INSERT INTO hcm.employees (employee_id,first_name,middle_name,last_name,job_id,salary,birth_date,hire_date,department_id,manager_id,phone,street_address,city,state_province,postal_code,country_id) VALUES (138,'Stephen','Curtis','Stiles',13,76800,'19821113','20181109',50,123,'650.538.5633','4403 Iowa Drive','Seattle','Washington','98127',28);
INSERT INTO hcm.employees (employee_id,first_name,middle_name,last_name,job_id,salary,birth_date,hire_date,department_id,manager_id,phone,street_address,city,state_province,postal_code,country_id) VALUES (139,'Tony','Sean','Rogers',13,64800,'19760221','20170212',50,123,'650.250.0801','89 Randy Junction','Seattle','Washington','98109',28);
INSERT INTO hcm.employees (employee_id,first_name,middle_name,last_name,job_id,salary,birth_date,hire_date,department_id,manager_id,phone,street_address,city,state_province,postal_code,country_id) VALUES (140,'Mayank',NULL,'Patel',13,60000,'19830616','20100605',50,123,'650.281.1672','2954 North Plaza','Seattle','Washington','98104',28);
INSERT INTO hcm.employees (employee_id,first_name,middle_name,last_name,job_id,salary,birth_date,hire_date,department_id,manager_id,phone,street_address,city,state_province,postal_code,country_id) VALUES (141,'Trenna','Jasmine','Rajs',13,84000,'19650927','20060919',50,124,'650.295.9197','6896 Reindahl Parkway','Seattle','Washington','98115',28);
INSERT INTO hcm.employees (employee_id,first_name,middle_name,last_name,job_id,salary,birth_date,hire_date,department_id,manager_id,phone,street_address,city,state_province,postal_code,country_id) VALUES (142,'Rick','David','Davies',13,74400,'19770413','20190403',50,124,'650.436.1986','08 Sutherland Lane','Seattle','Washington','98140',28);
INSERT INTO hcm.employees (employee_id,first_name,middle_name,last_name,job_id,salary,birth_date,hire_date,department_id,manager_id,phone,street_address,city,state_province,postal_code,country_id) VALUES (143,'Randall','Patrick','Matos',13,62400,'19570524','20190502',50,124,'650.761.0990','42206 Elka Circle','Seattle','Washington','98148',28);
INSERT INTO hcm.employees (employee_id,first_name,middle_name,last_name,job_id,salary,birth_date,hire_date,department_id,manager_id,phone,street_address,city,state_province,postal_code,country_id) VALUES (144,'Peter','Andrew','Vargas',13,60000,'19750524','20010526',50,124,'650.989.6665','764 Knutson Avenue','Seattle','Washington','98166',28);
INSERT INTO hcm.employees (employee_id,first_name,middle_name,last_name,job_id,salary,birth_date,hire_date,department_id,manager_id,phone,street_address,city,state_province,postal_code,country_id) VALUES (145,'Harold','John','Russell',8,336000,'19690106','20040115',80,100,'011.781.2573','67 Micawber St','Brockley Ward',NULL,'SE14 6RQ',27);
INSERT INTO hcm.employees (employee_id,first_name,middle_name,last_name,job_id,salary,birth_date,hire_date,department_id,manager_id,phone,street_address,city,state_province,postal_code,country_id) VALUES (146,'Karen','Courtney','Partners',8,336000,'19861206','20021214',80,100,'011.116.5962','41 Benedict St','Aldborough Ward',NULL,'IG2 7QG',27);
INSERT INTO hcm.employees (employee_id,first_name,middle_name,last_name,job_id,salary,birth_date,hire_date,department_id,manager_id,phone,street_address,city,state_province,postal_code,country_id) VALUES (147,'Alberto','Jesus','Errazuriz',8,288000,'19730817','20030812',80,100,'011.548.7376','62 Margaret St','Royal Hospital Ward',NULL,'SW3 4ND',27);
INSERT INTO hcm.employees (employee_id,first_name,middle_name,last_name,job_id,salary,birth_date,hire_date,department_id,manager_id,phone,street_address,city,state_province,postal_code,country_id) VALUES (148,'Gerald',NULL,'Cambrault',8,264000,'19730627','20130626',80,100,'011.869.8196','61 Miriam St','Abbey Road Ward',NULL,'NW8 9BD',27);
INSERT INTO hcm.employees (employee_id,first_name,middle_name,last_name,job_id,salary,birth_date,hire_date,department_id,manager_id,phone,street_address,city,state_province,postal_code,country_id) VALUES (149,'Michael',NULL,'Rogers',8,252000,'19701019','20111005',80,100,'011.612.8871','5382 Redfern St','West End Ward',NULL,'W1J 0QH',27);
INSERT INTO hcm.employees (employee_id,first_name,middle_name,last_name,job_id,salary,birth_date,hire_date,department_id,manager_id,phone,street_address,city,state_province,postal_code,country_id) VALUES (150,'Peter',NULL,'Tucker',9,240000,'19890428','20120409',80,145,'011.488.6311','45 Bidder St #38','Town Ward',NULL,'EN1 3HT',27);
INSERT INTO hcm.employees (employee_id,first_name,middle_name,last_name,job_id,salary,birth_date,hire_date,department_id,manager_id,phone,street_address,city,state_province,postal_code,country_id) VALUES (151,'David',NULL,'Bernstein',9,228000,'19630407','20170413',80,145,'011.474.4371','5344 Bengel St #5','Millwall Ward',NULL,'E14 5DR',27);
INSERT INTO hcm.employees (employee_id,first_name,middle_name,last_name,job_id,salary,birth_date,hire_date,department_id,manager_id,phone,street_address,city,state_province,postal_code,country_id) VALUES (152,'Peter',NULL,'Hall',9,216000,'19940511','20150518',80,145,'011.551.8183','227 Albert Terrace','Belvedere Ward',NULL,'DA17 6EF',27);
INSERT INTO hcm.employees (employee_id,first_name,middle_name,last_name,job_id,salary,birth_date,hire_date,department_id,manager_id,phone,street_address,city,state_province,postal_code,country_id) VALUES (153,'Christopher',NULL,'Olsen',9,192000,'19581013','20071012',80,145,'011.628.3870','464 Back Nile St #618','Acton Central Ward',NULL,'W3 6QJ',27);
INSERT INTO hcm.employees (employee_id,first_name,middle_name,last_name,job_id,salary,birth_date,hire_date,department_id,manager_id,phone,street_address,city,state_province,postal_code,country_id) VALUES (154,'Raewyn','Phoebe','Cambrault',9,180000,'19851025','20101005',80,145,'011.903.1413','76 Dawber St #6','Blackheath Westcombe Ward',NULL,'SE3 7JY',27);
INSERT INTO hcm.employees (employee_id,first_name,middle_name,last_name,job_id,salary,birth_date,hire_date,department_id,manager_id,phone,street_address,city,state_province,postal_code,country_id) VALUES (155,'Oliver',NULL,'Tuvault',9,168000,'19831002','20021016',80,145,'011.254.0417','52 Trowbridge St','Knightsbridge and Belgravia Wa',NULL,'SW1X 9HB',27);
INSERT INTO hcm.employees (employee_id,first_name,middle_name,last_name,job_id,salary,birth_date,hire_date,department_id,manager_id,phone,street_address,city,state_province,postal_code,country_id) VALUES (156,'Janette','Helen','King',9,240000,'19890928','20190922',80,146,'011.033.2021','3347 Lawrence Rd #456','Haverstock Ward',NULL,'NW5 4EU',27);
INSERT INTO hcm.employees (employee_id,first_name,middle_name,last_name,job_id,salary,birth_date,hire_date,department_id,manager_id,phone,street_address,city,state_province,postal_code,country_id) VALUES (157,'Patrick','Richard','Sully',9,228000,'19930920','20170916',80,146,'011.676.0988','2 Kirkdale Rd','Canning Town North Ward',NULL,'E16 4NF',27);
INSERT INTO hcm.employees (employee_id,first_name,middle_name,last_name,job_id,salary,birth_date,hire_date,department_id,manager_id,phone,street_address,city,state_province,postal_code,country_id) VALUES (158,'Allan','Arthur','McEwen',9,216000,'19660713','20100726',80,146,'011.734.7834','588 Venmore St','Twickenham Riverside Ward',NULL,'TW1 2QH',27);
INSERT INTO hcm.employees (employee_id,first_name,middle_name,last_name,job_id,salary,birth_date,hire_date,department_id,manager_id,phone,street_address,city,state_province,postal_code,country_id) VALUES (159,'Lindsey','Ben','Smith',9,192000,'19710612','20100624',80,146,'011.988.3137','5588 Lake St #903','Crystal Palace Ward',NULL,'SE19 2TJ',27);
INSERT INTO hcm.employees (employee_id,first_name,middle_name,last_name,job_id,salary,birth_date,hire_date,department_id,manager_id,phone,street_address,city,state_province,postal_code,country_id) VALUES (160,'Louise','Christina','Doran',9,180000,'19710125','20100120',80,146,'011.432.6996','5 Gainsborough Rd','Newington Ward',NULL,'SE1 6EH',27);
INSERT INTO hcm.employees (employee_id,first_name,middle_name,last_name,job_id,salary,birth_date,hire_date,department_id,manager_id,phone,street_address,city,state_province,postal_code,country_id) VALUES (161,'Sarath','Melissa','Sewall',9,168000,'19580827','20020802',80,146,'011.689.3207','9960 Gilroy Rd','Woodhouse Ward',NULL,'N12 9JT',27);
INSERT INTO hcm.employees (employee_id,first_name,middle_name,last_name,job_id,salary,birth_date,hire_date,department_id,manager_id,phone,street_address,city,state_province,postal_code,country_id) VALUES (162,'Clara',NULL,'Vishney',9,252000,'19781223','20131218',80,147,'011.059.1453','4 Northbrook St #600','Edmonton Green Ward',NULL,'N18 2NF',27);
INSERT INTO hcm.employees (employee_id,first_name,middle_name,last_name,job_id,salary,birth_date,hire_date,department_id,manager_id,phone,street_address,city,state_province,postal_code,country_id) VALUES (163,'Danielle','Marie','Greene',9,228000,'19900516','20120505',80,147,'011.093.1450','6301 Dorset Rd','Harefield Ward',NULL,'UB9 6LF',27);
INSERT INTO hcm.employees (employee_id,first_name,middle_name,last_name,job_id,salary,birth_date,hire_date,department_id,manager_id,phone,street_address,city,state_province,postal_code,country_id) VALUES (164,'Tamara','Madeleine','Marvins',9,172800,'19630914','20010915',80,147,'011.316.1849','11 Tetlow St','Parsons Green and Walham Ward',NULL,'SW6 4QP',27);
INSERT INTO hcm.employees (employee_id,first_name,middle_name,last_name,job_id,salary,birth_date,hire_date,department_id,manager_id,phone,street_address,city,state_province,postal_code,country_id) VALUES (165,'David','Craig','Lee',9,163200,'19870703','20100713',80,147,'011.322.6428','22 Kilshaw St','Wimbledon Park Ward',NULL,'SW19 7DT',27);
INSERT INTO hcm.employees (employee_id,first_name,middle_name,last_name,job_id,salary,birth_date,hire_date,department_id,manager_id,phone,street_address,city,state_province,postal_code,country_id) VALUES (166,'Sundar',NULL,'Ande',9,153600,'19950612','20140621',80,147,'011.069.6306','9923 Dinorben St #4838','Childs Hill Ward',NULL,'NW11 8DY',27);
INSERT INTO hcm.employees (employee_id,first_name,middle_name,last_name,job_id,salary,birth_date,hire_date,department_id,manager_id,phone,street_address,city,state_province,postal_code,country_id) VALUES (167,'Amit','Tom','Banda',9,148800,'19780509','20170528',80,147,'011.910.9493','7643 Campbell St','Penge and Cator Ward',NULL,'BR3 1LT',27);
INSERT INTO hcm.employees (employee_id,first_name,middle_name,last_name,job_id,salary,birth_date,hire_date,department_id,manager_id,phone,street_address,city,state_province,postal_code,country_id) VALUES (168,'Danny',NULL,'Ozer',9,276000,'19900328','20140304',80,148,'011.597.1458','1779 Bird St','East Sheen Ward',NULL,'SW14 8JZ',27);
INSERT INTO hcm.employees (employee_id,first_name,middle_name,last_name,job_id,salary,birth_date,hire_date,department_id,manager_id,phone,street_address,city,state_province,postal_code,country_id) VALUES (169,'Alexander','Joseph','Bloom',9,240000,'19640923','20140923',80,148,'011.733.4576','7 Netley St','Custom House Ward',NULL,'E16 3DP',27);
INSERT INTO hcm.employees (employee_id,first_name,middle_name,last_name,job_id,salary,birth_date,hire_date,department_id,manager_id,phone,street_address,city,state_province,postal_code,country_id) VALUES (170,'William','Nigel','Fox',9,230400,'19920713','20140709',80,148,'011.225.0992','2 Prince Rupert St','West Wickham Ward',NULL,'BR3 6SX',27);
INSERT INTO hcm.employees (employee_id,first_name,middle_name,last_name,job_id,salary,birth_date,hire_date,department_id,manager_id,phone,street_address,city,state_province,postal_code,country_id) VALUES (171,'Ashley','Freya','Smith',9,177600,'19791207','20071209',80,148,'011.721.4298','62 Euston St','Bunhill Ward',NULL,'EC1Y 8RT',27);
INSERT INTO hcm.employees (employee_id,first_name,middle_name,last_name,job_id,salary,birth_date,hire_date,department_id,manager_id,phone,street_address,city,state_province,postal_code,country_id) VALUES (172,'Edward','Neil','Bates',9,175200,'19680204','20140209',80,148,'011.649.3798','7901 Beech St','St. Helier Ward',NULL,'SM4 5PY',27);
INSERT INTO hcm.employees (employee_id,first_name,middle_name,last_name,job_id,salary,birth_date,hire_date,department_id,manager_id,phone,street_address,city,state_province,postal_code,country_id) VALUES (173,'Clark','Nigel','Solomon',9,146400,'19650207','20120228',80,148,'011.194.3517','684 Cotswold St','Victoria Ward',NULL,'E9 7NG',27);
INSERT INTO hcm.employees (employee_id,first_name,middle_name,last_name,job_id,salary,birth_date,hire_date,department_id,manager_id,phone,street_address,city,state_province,postal_code,country_id) VALUES (174,'Annemarie','Olivia','Hoffman',9,264000,'19750804','20160801',80,149,'011.657.3709','231 Wordsworth St','Harrow Weald Ward',NULL,'HA3 6TH',27);
INSERT INTO hcm.employees (employee_id,first_name,middle_name,last_name,job_id,salary,birth_date,hire_date,department_id,manager_id,phone,street_address,city,state_province,postal_code,country_id) VALUES (175,'Hiroko',NULL,'Hutton',9,211200,'19950402','20180427',80,149,'011.181.1371','7252 Dansie St','East Finchley Ward',NULL,'N2 9JL',27);
INSERT INTO hcm.employees (employee_id,first_name,middle_name,last_name,job_id,salary,birth_date,hire_date,department_id,manager_id,phone,street_address,city,state_province,postal_code,country_id) VALUES (176,'Aron',NULL,'Taylor',9,206400,'19600821','20040814',80,149,'011.191.4554','76 Paulton St','Lancaster Gate Ward',NULL,'W2 3JT',27);
INSERT INTO hcm.employees (employee_id,first_name,middle_name,last_name,job_id,salary,birth_date,hire_date,department_id,manager_id,phone,street_address,city,state_province,postal_code,country_id) VALUES (177,'Theron',NULL,'Livingston',9,201600,'19880820','20130824',80,149,'011.283.5306','1257 Stone St','Northwood Ward',NULL,'HA6 1AN',27);
INSERT INTO hcm.employees (employee_id,first_name,middle_name,last_name,job_id,salary,birth_date,hire_date,department_id,manager_id,phone,street_address,city,state_province,postal_code,country_id) VALUES (178,'Olivia','Chantelle','Grant',9,168000,'19950626','20130605',NULL,149,'011.486.1642','5 Bentinck St','Churchill Ward',NULL,'SW1V 3EW',27);
INSERT INTO hcm.employees (employee_id,first_name,middle_name,last_name,job_id,salary,birth_date,hire_date,department_id,manager_id,phone,street_address,city,state_province,postal_code,country_id) VALUES (179,'Richie','Hugh','Johnson',9,148800,'19771117','20101120',NULL,149,'011.823.8442','7 Canton St','Mildmay Ward',NULL,'N1 4RF',27);
INSERT INTO hcm.employees (employee_id,first_name,middle_name,last_name,job_id,salary,birth_date,hire_date,department_id,manager_id,phone,street_address,city,state_province,postal_code,country_id) VALUES (180,'Horacio','Otis','Taylor',14,76800,'19711106','20051121',NULL,120,'650.021.8548','91 Ludlow St','Woodhouse Ward',NULL,'N12 0EF',27);
INSERT INTO hcm.employees (employee_id,first_name,middle_name,last_name,job_id,salary,birth_date,hire_date,department_id,manager_id,phone,street_address,city,state_province,postal_code,country_id) VALUES (181,'Laura','Caitlyn','Hobbs',14,74400,'19771007','20141023',NULL,120,'650.104.4982','2476 Marsh St','Markhouse Ward',NULL,'E17 8NP',27);
INSERT INTO hcm.employees (employee_id,first_name,middle_name,last_name,job_id,salary,birth_date,hire_date,department_id,manager_id,phone,street_address,city,state_province,postal_code,country_id) VALUES (182,'Martha',NULL,'Sullivan',14,60000,'19600804','20110824',NULL,120,'650.664.6703','1 Jervis St','High Barnet Ward',NULL,'EN5 4LH',27);
INSERT INTO hcm.employees (employee_id,first_name,middle_name,last_name,job_id,salary,birth_date,hire_date,department_id,manager_id,phone,street_address,city,state_province,postal_code,country_id) VALUES (183,'Girard','Rafael','Geoni',14,67200,'19650802','20180824',NULL,120,'650.244.2292','2015 Suburban Rd','Springfield Ward',NULL,'N16 6TD',27);
INSERT INTO hcm.employees (employee_id,first_name,middle_name,last_name,job_id,salary,birth_date,hire_date,department_id,manager_id,phone,street_address,city,state_province,postal_code,country_id) VALUES (184,'Nandita',NULL,'Sarchand',14,100800,'19751213','20171203',NULL,121,'650.594.0907','9283 Ruth St #81','Dormers Wells Ward',NULL,'UB1 2FH',27);
INSERT INTO hcm.employees (employee_id,first_name,middle_name,last_name,job_id,salary,birth_date,hire_date,department_id,manager_id,phone,street_address,city,state_province,postal_code,country_id) VALUES (185,'Alexis',NULL,'Bull',14,98400,'19630326','20130326',NULL,121,'650.315.7253','6452 Pilgrim St #5','Seven Sisters Ward',NULL,'N15 6TH',27);
INSERT INTO hcm.employees (employee_id,first_name,middle_name,last_name,job_id,salary,birth_date,hire_date,department_id,manager_id,phone,street_address,city,state_province,postal_code,country_id) VALUES (186,'Julia','Veronica','Dellinger',14,81600,'19770108','20050106',NULL,121,'650.297.2123','70 Lilly Rd','Shirley Ward',NULL,'CR0 7PT',27);
INSERT INTO hcm.employees (employee_id,first_name,middle_name,last_name,job_id,salary,birth_date,hire_date,department_id,manager_id,phone,street_address,city,state_province,postal_code,country_id) VALUES (187,'Anthony','Alec','Cabrio',14,72000,'19801218','20141208',NULL,121,'650.107.6163','9166 Devon St #905','Knightsbridge and Belgravia Wa',NULL,'SW1W 8JY',27);
INSERT INTO hcm.employees (employee_id,first_name,middle_name,last_name,job_id,salary,birth_date,hire_date,department_id,manager_id,phone,street_address,city,state_province,postal_code,country_id) VALUES (188,'Kelly','Natalie','Chung',14,91200,'19681214','20091207',NULL,122,'650.825.3939','3 S Willow St #82','Bygalorie','New South Wales','2669',2);
INSERT INTO hcm.employees (employee_id,first_name,middle_name,last_name,job_id,salary,birth_date,hire_date,department_id,manager_id,phone,street_address,city,state_province,postal_code,country_id) VALUES (189,'Jennifer','Hazel','Dilly',14,86400,'19571226','20181220',NULL,122,'650.517.8059','199 Maple Ave','Boolaroo','New South Wales','2284',2);
INSERT INTO hcm.employees (employee_id,first_name,middle_name,last_name,job_id,salary,birth_date,hire_date,department_id,manager_id,phone,street_address,city,state_province,postal_code,country_id) VALUES (190,'Timothy','Mitchell','Gates',14,69600,'19830201','20180208',NULL,122,'650.340.2668','5 30w W #3083','Hillston','New South Wales','2675',2);
INSERT INTO hcm.employees (employee_id,first_name,middle_name,last_name,job_id,salary,birth_date,hire_date,department_id,manager_id,phone,street_address,city,state_province,postal_code,country_id) VALUES (191,'Chuck',NULL,'Perkins',14,60000,'19940301','20150320',NULL,122,'650.749.2243','6940 Prospect Pl','Caldwell','New South Wales','2710',2);
INSERT INTO hcm.employees (employee_id,first_name,middle_name,last_name,job_id,salary,birth_date,hire_date,department_id,manager_id,phone,street_address,city,state_province,postal_code,country_id) VALUES (192,'Sarah','Maisie','Bell',14,96000,'19690405','20130422',NULL,123,'650.950.5406','5399 Mcwhorter Rd','Calala','New South Wales','2340',2);
INSERT INTO hcm.employees (employee_id,first_name,middle_name,last_name,job_id,salary,birth_date,hire_date,department_id,manager_id,phone,street_address,city,state_province,postal_code,country_id) VALUES (193,'Britney','Josie','Everett',14,93600,'19580101','20110110',NULL,123,'650.830.8731','7 Hall St','Nambucca Heads','New South Wales','2448',2);
INSERT INTO hcm.employees (employee_id,first_name,middle_name,last_name,job_id,salary,birth_date,hire_date,department_id,manager_id,phone,street_address,city,state_province,postal_code,country_id) VALUES (194,'Samuel','Christopher','McCain',14,76800,'19850627','20170609',NULL,123,'650.864.7855','5 W Allen St','Mccullys Gap','New South Wales','2333',2);
INSERT INTO hcm.employees (employee_id,first_name,middle_name,last_name,job_id,salary,birth_date,hire_date,department_id,manager_id,phone,street_address,city,state_province,postal_code,country_id) VALUES (195,'Catrina','Hollie','Jones',14,67200,'19570217','20050219',NULL,123,'650.146.4730','28 Aaronwood Ave Ne','Coombell','New South Wales','2470',2);
INSERT INTO hcm.employees (employee_id,first_name,middle_name,last_name,job_id,salary,birth_date,hire_date,department_id,manager_id,phone,street_address,city,state_province,postal_code,country_id) VALUES (196,'Tabitha','Meghan','Walsh',14,74400,'19910402','20130426',NULL,124,'650.968.2599','9591 Bayshore Rd #637','Mirrool','New South Wales','2665',2);
INSERT INTO hcm.employees (employee_id,first_name,middle_name,last_name,job_id,salary,birth_date,hire_date,department_id,manager_id,phone,street_address,city,state_province,postal_code,country_id) VALUES (197,'Milford',NULL,'Feeney',14,72000,'19620610','20100626',NULL,124,'650.523.2373','6 Hope Rd #10','Pinnacle','Queensland','4741',2);
INSERT INTO hcm.employees (employee_id,first_name,middle_name,last_name,job_id,salary,birth_date,hire_date,department_id,manager_id,phone,street_address,city,state_province,postal_code,country_id) VALUES (198,'Alfred','Jack','Tate',14,62400,'19910403','20150418',NULL,124,'650.413.1564','65898 E St Nw','Watsonville','Queensland','4887',2);
INSERT INTO hcm.employees (employee_id,first_name,middle_name,last_name,job_id,salary,birth_date,hire_date,department_id,manager_id,phone,street_address,city,state_province,postal_code,country_id) VALUES (199,'Douglas','Robert','Grant',14,62400,'19930204','20160225',NULL,124,'650.742.9288','35673 Annapolis Rd #190','Ascot','Queensland','4359',2);
INSERT INTO hcm.employees (employee_id,first_name,middle_name,last_name,job_id,salary,birth_date,hire_date,department_id,manager_id,phone,street_address,city,state_province,postal_code,country_id) VALUES (200,'Jennifer','Patricia','Whalen',3,105600,'19831115','20071106',NULL,101,'515.551.7720','98247 Russell Blvd','Stafford Heights','Queensland','4053',2);
INSERT INTO hcm.employees (employee_id,first_name,middle_name,last_name,job_id,salary,birth_date,hire_date,department_id,manager_id,phone,street_address,city,state_province,postal_code,country_id) VALUES (201,'Michael','Timothy','Hartstein',16,312000,'19650711','20100704',NULL,100,'515.533.9401','423 S Navajo St #56','Brookhill','Queensland','4816',2);
INSERT INTO hcm.employees (employee_id,first_name,middle_name,last_name,job_id,salary,birth_date,hire_date,department_id,manager_id,phone,street_address,city,state_province,postal_code,country_id) VALUES (202,'Patrick','Ronan','Bacon',17,144000,'19931110','20131104',NULL,201,'603.241.7070','92 South St','Alligator Creek','Queensland','4740',2);
INSERT INTO hcm.employees (employee_id,first_name,middle_name,last_name,job_id,salary,birth_date,hire_date,department_id,manager_id,phone,street_address,city,state_province,postal_code,country_id) VALUES (203,'Susan','Jane','Jacobs',18,156000,'19850711','20120719',NULL,101,'515.541.4415','4 Piccadilly Place','Manchester',NULL,'M1 3BG',27);
INSERT INTO hcm.employees (employee_id,first_name,middle_name,last_name,job_id,salary,birth_date,hire_date,department_id,manager_id,phone,street_address,city,state_province,postal_code,country_id) VALUES (204,'Richard','Michael','Baer',19,240000,'19610407','20150416',NULL,101,'515.241.7574','5210 E Airy St #2','Brandy Creek','Queensland','4800',2);
INSERT INTO hcm.employees (employee_id,first_name,middle_name,last_name,job_id,salary,birth_date,hire_date,department_id,manager_id,phone,street_address,city,state_province,postal_code,country_id) VALUES (205,'Shelley',NULL,'Higgins',6,288192,'19750404','20150410',NULL,101,'515.509.9456','52347 San Fernando Rd','Coppabella','Queensland','4741',2);
INSERT INTO hcm.employees (employee_id,first_name,middle_name,last_name,job_id,salary,birth_date,hire_date,department_id,manager_id,phone,street_address,city,state_province,postal_code,country_id) VALUES (206,'William','Abe','Gietz',7,199200,'19621024','20161016',NULL,205,'515.598.9812','15126 Goldenwest St','Toowoomba South','Queensland','4350',2);
SET IDENTITY_INSERT hcm.employees OFF;


-- Populate table oes.customers
SET IDENTITY_INSERT oes.customers ON;
INSERT INTO oes.customers (customer_id,first_name,last_name,email,phone,street_address,city,state_province,postal_code,loyalty_card_issued,country_id) VALUES (1,'Kristian','Ellerbusch','kristian@yahoo.com','0442-982-316','71585 S Ayon Ave #9','Wanguri','NT','810',0,2);
INSERT INTO oes.customers (customer_id,first_name,last_name,email,phone,street_address,city,state_province,postal_code,loyalty_card_issued,country_id) VALUES (2,'Gwen','Harris','gwen@hotmail.com','0465-547-766','8 Old County Rd #3','Alvie','VIC','3249',0,2);
INSERT INTO oes.customers (customer_id,first_name,last_name,email,phone,street_address,city,state_province,postal_code,loyalty_card_issued,country_id) VALUES (3,'Ben','Harris','ben.h@hotmail.com','0462-648-621','13904 S 35th St','Wherrol Flat','NSW','2429',0,2);
INSERT INTO oes.customers (customer_id,first_name,last_name,email,phone,street_address,city,state_province,postal_code,loyalty_card_issued,country_id) VALUES (4,'Trina','Oto','trina@oto.com.au','0460-377-727','6149 Kapiolani Blvd #6','Placid Hills','QLD','4343',0,2);
INSERT INTO oes.customers (customer_id,first_name,last_name,email,phone,street_address,city,state_province,postal_code,loyalty_card_issued,country_id) VALUES (5,'Emelda','Geffers','emelda.geffers@gmail.com','0454-643-433','95431 34th Ave #62','Nedlands','WA','6909',0,2);
INSERT INTO oes.customers (customer_id,first_name,last_name,email,phone,street_address,city,state_province,postal_code,loyalty_card_issued,country_id) VALUES (6,'Zana','Ploszaj','zana_ploszaj@ploszaj.net.au','0430-656-502','25 Swift Ave','Auchenflower','QLD','4066',1,2);
INSERT INTO oes.customers (customer_id,first_name,last_name,email,phone,street_address,city,state_province,postal_code,loyalty_card_issued,country_id) VALUES (7,'Shaun','Rael','shaun.rael@rael.com.au','0498-627-281','14304 Old Alexandria Ferry Rd','Buninyong','VIC','3357',0,2);
INSERT INTO oes.customers (customer_id,first_name,last_name,email,phone,street_address,city,state_province,postal_code,loyalty_card_issued,country_id) VALUES (8,'Oren','Lobosco','olobosco@hotmail.com','0495-838-492','1585 Salem Church Rd #59','Dangar Island','NSW','2083',1,2);
INSERT INTO oes.customers (customer_id,first_name,last_name,email,phone,street_address,city,state_province,postal_code,loyalty_card_issued,country_id) VALUES (9,'Catherin','Aguele','caguele@gmail.com','0444-150-950','75962 E Drinker St','Sunny Nook','QLD','4605',0,2);
INSERT INTO oes.customers (customer_id,first_name,last_name,email,phone,street_address,city,state_province,postal_code,loyalty_card_issued,country_id) VALUES (10,'Pearlene','Boudrie','pboudrie@boudrie.net.au','0462-627-260','8978 W Henrietta Rd','Minden','QLD','4311',1,2);
INSERT INTO oes.customers (customer_id,first_name,last_name,email,phone,street_address,city,state_province,postal_code,loyalty_card_issued,country_id) VALUES (11,'Kathryn','Bonalumi','kathryn.bonalumi@yahoo.com','0455-699-311','86 Worth St #272','Tibradden','WA','6532',0,2);
INSERT INTO oes.customers (customer_id,first_name,last_name,email,phone,street_address,city,state_province,postal_code,loyalty_card_issued,country_id) VALUES (12,'Suzan','Landa','suzan.landa@gmail.com','0471-251-939','15 Campville Rd #191','Clermont','QLD','4721',1,2);
INSERT INTO oes.customers (customer_id,first_name,last_name,email,phone,street_address,city,state_province,postal_code,loyalty_card_issued,country_id) VALUES (13,'Sommer','Agar','sagar@agar.net.au','0486-599-199','3 N Ridge Ave','Kadina','SA','5554',0,2);
INSERT INTO oes.customers (customer_id,first_name,last_name,email,phone,street_address,city,state_province,postal_code,loyalty_card_issued,country_id) VALUES (14,'Willow','Kusko','wkusko@yahoo.com','212-582-4976','90991 Thorburn Ave','New York','NY','10011',1,28);
INSERT INTO oes.customers (customer_id,first_name,last_name,email,phone,street_address,city,state_province,postal_code,loyalty_card_issued,country_id) VALUES (15,'Bernard','Horsham','bhorsham@aol.com','936-336-3951','386 9th Ave N','Conroe','TX','77301',1,28);
INSERT INTO oes.customers (customer_id,first_name,last_name,email,phone,street_address,city,state_province,postal_code,loyalty_card_issued,country_id) VALUES (16,'Ammie','Corrio','ammie@corrio.com','614-801-9788','74874 Atlantic Ave','Columbus','OH','43215',0,28);
INSERT INTO oes.customers (customer_id,first_name,last_name,email,phone,street_address,city,state_province,postal_code,loyalty_card_issued,country_id) VALUES (17,'Francine','Vocelka','francine_vocelka@vocelka.com','505-977-3911','366 South Dr','Las Cruces','NM','88011',0,28);
INSERT INTO oes.customers (customer_id,first_name,last_name,email,phone,street_address,city,state_province,postal_code,loyalty_card_issued,country_id) VALUES (18,'Ernie','Sawyer','ernie_sawyer@aol.com','201-709-6245','45 E Liberty St','Ridgefield Park','NJ','7660',1,28);
INSERT INTO oes.customers (customer_id,first_name,last_name,email,phone,street_address,city,state_province,postal_code,loyalty_card_issued,country_id) VALUES (19,'Albina','Glick','albina@glick.com','732-924-7882','4 Ralph Ct','Dunellen','NJ','8812',1,28);
INSERT INTO oes.customers (customer_id,first_name,last_name,email,phone,street_address,city,state_province,postal_code,loyalty_card_issued,country_id) VALUES (20,'Alishia','Sergi','asergi@gmail.com','212-860-1579','2742 Distribution Way','New York','NY','10025',0,28);
INSERT INTO oes.customers (customer_id,first_name,last_name,email,phone,street_address,city,state_province,postal_code,loyalty_card_issued,country_id) VALUES (21,'Solange','Shinko','solange@shinko.com','504-979-9175','426 Wolf St','Metairie','LA','70002',1,28);
INSERT INTO oes.customers (customer_id,first_name,last_name,email,phone,street_address,city,state_province,postal_code,loyalty_card_issued,country_id) VALUES (22,'Jose','Stockham','jose@yahoo.com','212-675-8570','128 Bransten Rd','New York','NY','10011',0,28);
INSERT INTO oes.customers (customer_id,first_name,last_name,email,phone,street_address,city,state_province,postal_code,loyalty_card_issued,country_id) VALUES (23,'Rozella','Ostrosky','rozella.ostrosky@ostrosky.com','805-832-6163','17 Morena Blvd','Camarillo','CA','93012',1,28);
INSERT INTO oes.customers (customer_id,first_name,last_name,email,phone,street_address,city,state_province,postal_code,loyalty_card_issued,country_id) VALUES (24,'Valentine','Gillian','valentine_gillian@gmail.com','210-812-9597','775 W 17th St','San Antonio','TX','78204',0,28);
INSERT INTO oes.customers (customer_id,first_name,last_name,email,phone,street_address,city,state_province,postal_code,loyalty_card_issued,country_id) VALUES (25,'Kati','Rulapaugh','kati.rulapaugh@hotmail.com','785-463-7829','6980 Dorsett Rd','Abilene','KS','67410',0,28);
INSERT INTO oes.customers (customer_id,first_name,last_name,email,phone,street_address,city,state_province,postal_code,loyalty_card_issued,country_id) VALUES (26,'Youlanda','Schemmer','youlanda@aol.com','541-548-8197','2881 Lewis Rd','Prineville','OR','97754',1,28);
INSERT INTO oes.customers (customer_id,first_name,last_name,email,phone,street_address,city,state_province,postal_code,loyalty_card_issued,country_id) VALUES (27,'Dyan','Oldroyd','doldroyd@aol.com','913-413-4604','7219 Woodfield Rd','Overland Park','KS','66204',1,28);
INSERT INTO oes.customers (customer_id,first_name,last_name,email,phone,street_address,city,state_province,postal_code,loyalty_card_issued,country_id) VALUES (28,'Aleshia','Harris','a_harris@hotmail.com','01835-703597','14 Taylor St','St. Stephens Ward',null,'CT2 7PP',1,27);
INSERT INTO oes.customers (customer_id,first_name,last_name,email,phone,street_address,city,state_province,postal_code,loyalty_card_issued,country_id) VALUES (29,'Evan','Zigomalas','evan.zigomalas@gmail.com','01937-864715','5 Binney St','Abbey Ward',null,'HP11 2AX',1,27);
INSERT INTO oes.customers (customer_id,first_name,last_name,email,phone,street_address,city,state_province,postal_code,loyalty_card_issued,country_id) VALUES (30,'France','Andrade','france.andrade@hotmail.com','01347-368222','89 Priory Rd','Liverpool',null,'L4 2SE',1,27);
INSERT INTO oes.customers (customer_id,first_name,last_name,email,phone,street_address,city,state_province,postal_code,loyalty_card_issued,country_id) VALUES (31,'Ulysses','Walters','ulysses@hotmail.com','01912-771311','10 Whitlow Rd','Liverpool',null,'L5 6AD',0,27);
INSERT INTO oes.customers (customer_id,first_name,last_name,email,phone,street_address,city,state_province,postal_code,loyalty_card_issued,country_id) VALUES (32,'Tyisha','Veness','tyisha.veness@hotmail.com','01547-429341','5396 Forth Street','Greets Green and Lyng Ward',null,'B70 9DT',0,27);
INSERT INTO oes.customers (customer_id,first_name,last_name,email,phone,street_address,city,state_province,postal_code,loyalty_card_issued,country_id) VALUES (33,'Eric','Rampy','erampy@rampy.co.uk','01969-886290','9472 Lind St','Desborough',null,'NN14 2GH',1,27);
INSERT INTO oes.customers (customer_id,first_name,last_name,email,phone,street_address,city,state_province,postal_code,loyalty_card_issued,country_id) VALUES (34,'Eric','Grasmick','marg@hotmail.com','01865-582516','7457 Cowl St #70','Bargate Ward',null,'SO14 3TY',0,27);
INSERT INTO oes.customers (customer_id,first_name,last_name,email,phone,street_address,city,state_province,postal_code,loyalty_card_issued,country_id) VALUES (35,'Laquita','Hisaw','laquita@yahoo.com','01746-394243','20 Gloucester Pl #96','Chirton Ward',null,'NE29 7AD',1,27);
INSERT INTO oes.customers (customer_id,first_name,last_name,email,phone,street_address,city,state_province,postal_code,loyalty_card_issued,country_id) VALUES (36,'Lura','Manzella','lura@hotmail.com','01907-538509','5 Osterley Rd','London',null,'EC4A 0NJ',1,27);
INSERT INTO oes.customers (customer_id,first_name,last_name,email,phone,street_address,city,state_province,postal_code,loyalty_card_issued,country_id) VALUES (37,'Yuette','Klapec','yuette.klapec@klapec.co.uk','01903-649460','45 Bradfield St #166','Parwich',null,'DE6 1QN',0,27);
INSERT INTO oes.customers (customer_id,first_name,last_name,email,phone,street_address,city,state_province,postal_code,loyalty_card_issued,country_id) VALUES (38,'Fernanda','Writer','fernanda@writer.co.uk','01630-202053','620 Northampton St','Wilmington',null,'DA2 7PP',0,27);
INSERT INTO oes.customers (customer_id,first_name,last_name,email,phone,street_address,city,state_province,postal_code,loyalty_card_issued,country_id) VALUES (39,'Charlotte','Erm','charlotte_erm@gmail.com','01276-816806','5 Hygeia St','Loundsley Green Ward',null,'S40 4LY',0,27);
INSERT INTO oes.customers (customer_id,first_name,last_name,email,phone,street_address,city,state_province,postal_code,loyalty_card_issued,country_id) VALUES (40,'Corrinne','Jaret','corrinne_jaret@gmail.com','01625-932209','2150 Morley St','Dee Ward',null,'DG8 7DE',0,27);
INSERT INTO oes.customers (customer_id,first_name,last_name,email,phone,street_address,city,state_province,postal_code,loyalty_card_issued,country_id) VALUES (41,'Niesha','Bruch','niesha.bruch@yahoo.com','01874-856950','24 Bolton St','Broxburn, Uphall and Winchburg',null,'EH52 5TL',1,27);
INSERT INTO oes.customers (customer_id,first_name,last_name,email,phone,street_address,city,state_province,postal_code,loyalty_card_issued,country_id) VALUES (42,'Rueben','Gastellum','rueben_gastellum@gastellum.co.uk','01976-755279','4 Forrest St','Weston-Super-Mare',null,'BS23 3HG',1,27);
INSERT INTO oes.customers (customer_id,first_name,last_name,email,phone,street_address,city,state_province,postal_code,loyalty_card_issued,country_id) VALUES (43,'Michelle','Jones','mthrossell@throssell.co.uk','01967-580851','89 Noon St','Carbrooke',null,'IP25 6JQ',0,27);
INSERT INTO oes.customers (customer_id,first_name,last_name,email,phone,street_address,city,state_province,postal_code,loyalty_card_issued,country_id) VALUES (44,'Edgar','Kanne','edgar.kanne@yahoo.com','01326-532337','99 Guthrie St','New Milton',null,'BH25 5DF',1,27);
INSERT INTO oes.customers (customer_id,first_name,last_name,email,phone,street_address,city,state_province,postal_code,loyalty_card_issued,country_id) VALUES (45,'Dewitt','Julio','dewitt.julio@hotmail.com','01253-528327','7 Richmond St','Parkham',null,'EX39 5DJ',1,27);
INSERT INTO oes.customers (customer_id,first_name,last_name,email,phone,street_address,city,state_province,postal_code,loyalty_card_issued,country_id) VALUES (46,'Charisse','Spinello','charisse_spinello@spinello.co.uk','01719-831436','9165 Primrose St','Darnall Ward',null,'S4 7WN',1,27);
INSERT INTO oes.customers (customer_id,first_name,last_name,email,phone,street_address,city,state_province,postal_code,loyalty_card_issued,country_id) VALUES (47,'Mee','Lapinski','mee.lapinski@yahoo.com','01578-287816','9 Pengwern St','Marldon',null,'TQ3 1SA',0,27);
INSERT INTO oes.customers (customer_id,first_name,last_name,email,phone,street_address,city,state_province,postal_code,loyalty_card_issued,country_id) VALUES (48,'Peter','Gutierres','peter_gutierres@yahoo.com','01842-767201','30 Whatlington Road','Manchester',null,'LL19 9EG',1,27);
INSERT INTO oes.customers (customer_id,first_name,last_name,email,phone,street_address,city,state_province,postal_code,loyalty_card_issued,country_id) VALUES (49,'Francoise','Rautenstrauch','francoise.rautenstrauch@rautenstrauch.com','519-569-8399','2335 Canton Hwy #6','Windsor','ON','N8N 3N2',0,5);
INSERT INTO oes.customers (customer_id,first_name,last_name,email,phone,street_address,city,state_province,postal_code,loyalty_card_issued,country_id) VALUES (50,'Kendra','Loud','kloud@gmail.com','506-363-1526','6 Arch St #9757','Alcida','NB','E8J 2C4',0,5);
INSERT INTO oes.customers (customer_id,first_name,last_name,email,phone,street_address,city,state_province,postal_code,loyalty_card_issued,country_id) VALUES (51,'Lourdes','Bauswell','lourdes_bauswell@aol.com','613-903-7043','9547 Belmont Rd #21','Belleville','ON','K8P 1B3',1,5);
INSERT INTO oes.customers (customer_id,first_name,last_name,email,phone,street_address,city,state_province,postal_code,loyalty_card_issued,country_id) VALUES (52,'Hannah','Edmison','hannah@yahoo.com','604-334-3686','73 Pittsford Victor Rd','Vancouver','BC','V5Z 3K2',1,5);
INSERT INTO oes.customers (customer_id,first_name,last_name,email,phone,street_address,city,state_province,postal_code,loyalty_card_issued,country_id) VALUES (53,'Tom','Fauci','tom.fauci@gmail.com','514-487-6096','447 Commercial St Se','LIle-Perrot','QC','J7V 4T4',0,5);
INSERT INTO oes.customers (customer_id,first_name,last_name,email,phone,street_address,city,state_province,postal_code,loyalty_card_issued,country_id) VALUES (54,'Jackie','Jones','jackie.jones@gmail.com','306-421-5793','47 Garfield Ave','Swift Current','SK','S9H 4V2',0,5);
INSERT INTO oes.customers (customer_id,first_name,last_name,email,phone,street_address,city,state_province,postal_code,loyalty_card_issued,country_id) VALUES (55,'Hui','Portaro','hui_portaro@cox.net','506-827-7755','3 Mill Rd','Baker Brook','NB','E7A 1T3',1,5);
INSERT INTO oes.customers (customer_id,first_name,last_name,email,phone,street_address,city,state_province,postal_code,loyalty_card_issued,country_id) VALUES (56,'Josefa','Opitz','josefa.opitz@opitz.org','519-788-7645','136 W Grand Ave #3','Delhi','ON','N4B 1C4',1,5);
INSERT INTO oes.customers (customer_id,first_name,last_name,email,phone,street_address,city,state_province,postal_code,loyalty_card_issued,country_id) VALUES (57,'Lea','Steinhaus','lsteinhaus@cox.net','905-618-8258','80 Maplewood Dr #34','Bradford','ON','L3Z 2S4',1,5);
INSERT INTO oes.customers (customer_id,first_name,last_name,email,phone,street_address,city,state_province,postal_code,loyalty_card_issued,country_id) VALUES (58,'Paola','Vielma','paola_vielma@aol.com','905-456-1117','58 Hancock St','Aurora','ON','L4G 2J7',0,5);
INSERT INTO oes.customers (customer_id,first_name,last_name,email,phone,street_address,city,state_province,postal_code,loyalty_card_issued,country_id) VALUES (59,'Hortencia','Bresser','hbresser@aol.com','902-256-6791','808 Calle De Industrias','New Waterford','NS','B1H 1Z4',1,5);
INSERT INTO oes.customers (customer_id,first_name,last_name,email,phone,street_address,city,state_province,postal_code,loyalty_card_issued,country_id) VALUES (60,'Leanna','Tijerina','leanna@cox.net','416-719-2114','2859 Dorsett Rd','North York','ON','M9L 2T9',0,5);
INSERT INTO oes.customers (customer_id,first_name,last_name,email,phone,street_address,city,state_province,postal_code,loyalty_card_issued,country_id) VALUES (61,'Casper','Henderson','casper123@hotmail.com','403-212-4945','6857 Wall St','Red Deer','AB','T4R 2H5',0,5);
INSERT INTO oes.customers (customer_id,first_name,last_name,email,phone,street_address,city,state_province,postal_code,loyalty_card_issued,country_id) VALUES (62,'Huey','Marcille','huey.marcille@gmail.com','780-639-3619','169 Journal Sq','Edmonton','AB','T5P 1G9',1,5);
INSERT INTO oes.customers (customer_id,first_name,last_name,email,phone,street_address,city,state_province,postal_code,loyalty_card_issued,country_id) VALUES (63,'Apolonia','Warne','apolonia@gmail.com','506-978-1488','3 E 31st St #77','Fredericton','NB','E3G 0A3',0,5);
INSERT INTO oes.customers (customer_id,first_name,last_name,email,phone,street_address,city,state_province,postal_code,loyalty_card_issued,country_id) VALUES (64,'Chandra','Lagos','chandra.lagos@lagos.org','416-716-6446','7 N Dean St','Etobicoke','ON','M8Z 3P6',0,5);
INSERT INTO oes.customers (customer_id,first_name,last_name,email,phone,street_address,city,state_province,postal_code,loyalty_card_issued,country_id) VALUES (65,'Crissy','Pacholec','crissy@aol.com','705-477-2307','85 S State St','Barrie','ON','L4N 6T7',0,5);
INSERT INTO oes.customers (customer_id,first_name,last_name,email,phone,street_address,city,state_province,postal_code,loyalty_card_issued,country_id) VALUES (66,'Gianna','Branin','gianna@aol.com','403-337-7162','100 Main St','Calgary','AB','T2K 4X5',1,5);
INSERT INTO oes.customers (customer_id,first_name,last_name,email,phone,street_address,city,state_province,postal_code,loyalty_card_issued,country_id) VALUES (67,'Valentin','Billa','vbilla@yahoo.com','306-291-5073','6185 Bohn St #72','Pangman','SK','S0C 2C0',0,5);
INSERT INTO oes.customers (customer_id,first_name,last_name,email,phone,street_address,city,state_province,postal_code,loyalty_card_issued,country_id) VALUES (68,'Irene','Dudash','idudash@dudash.com','819-536-7034','2 Sutton Pl S #5727','Rouyn-Noranda','QC','J9X 3V4',0,5);
INSERT INTO oes.customers (customer_id,first_name,last_name,email,phone,street_address,city,state_province,postal_code,loyalty_card_issued,country_id) VALUES (69,'Willard','Lablanc','wlablanc@yahoo.com','780-384-5410','1534 Sidco Dr','Leduc','AB','T9E 5A6',0,5);
INSERT INTO oes.customers (customer_id,first_name,last_name,email,phone,street_address,city,state_province,postal_code,loyalty_card_issued,country_id) VALUES (70,'Lauryn','Randol','lauryn@yahoo.com','604-236-4625','4207 Leon Rd','North Vancouver','BC','V7L 3X6',1,5);
INSERT INTO oes.customers (customer_id,first_name,last_name,email,phone,street_address,city,state_province,postal_code,loyalty_card_issued,country_id) VALUES (71,'Laurena','Davis','laurena.davis@davis.com','519-790-8660','7564 N Academy Ave','London','ON','N6A 1S5',0,5);
INSERT INTO oes.customers (customer_id,first_name,last_name,email,phone,street_address,city,state_province,postal_code,loyalty_card_issued,country_id) VALUES (72,'Elaine','Adams','elise@gmail.com','905-652-4509','88 E Saint Elmo Rd','Hamilton','ON','L8R 3J3',1,5);
INSERT INTO oes.customers (customer_id,first_name,last_name,email,phone,street_address,city,state_province,postal_code,loyalty_card_issued,country_id) VALUES (73,'Corrie','Kardell','corrie_kardell@aol.com','514-203-7817','75 Westchester Ave','Pierrefonds','QC','H9J 1W6',1,5);
INSERT INTO oes.customers (customer_id,first_name,last_name,email,phone,street_address,city,state_province,postal_code,loyalty_card_issued,country_id) VALUES (74,'Kimberely','Rabuse','kimberely.rabuse@cox.net','519-912-5533','89 W 35th St #1','Windsor','ON','N8S 3R1',1,5);
INSERT INTO oes.customers (customer_id,first_name,last_name,email,phone,street_address,city,state_province,postal_code,loyalty_card_issued,country_id) VALUES (75,'Tish','Violett','tish.violett@violett.com','450-840-7605','1 Norris Ave #4095','Laval','QC','H7W 5K7',1,5);
INSERT INTO oes.customers (customer_id,first_name,last_name,email,phone,street_address,city,state_province,postal_code,loyalty_card_issued,country_id) VALUES (76,'Hollis','Stanfield','hollis.stanfield@aol.com','780-574-5620','5174 Interstate 45 N','Yellowhead County','AB','T7E 3A7',0,5);
INSERT INTO oes.customers (customer_id,first_name,last_name,email,phone,street_address,city,state_province,postal_code,loyalty_card_issued,country_id) VALUES (77,'Andree','Christmann','andree.christmann@cox.net','519-872-6826','765 Rock Island Rd','Strathroy','ON','N7G 3K6',1,5);
INSERT INTO oes.customers (customer_id,first_name,last_name,email,phone,street_address,city,state_province,postal_code,loyalty_card_issued,country_id) VALUES (78,'Lyla','Fucillo','lyla_fucillo@cox.net','902-844-1174','7979 33  191','North River','NS','B6L 6N1',0,5);
INSERT INTO oes.customers (customer_id,first_name,last_name,email,phone,street_address,city,state_province,postal_code,loyalty_card_issued,country_id) VALUES (79,'Felton','Yafuso','felton.yafuso@gmail.com','613-749-1169','202 Madison Ave','Ottawa','ON','K1Y 1M2',1,5);
INSERT INTO oes.customers (customer_id,first_name,last_name,email,phone,street_address,city,state_province,postal_code,loyalty_card_issued,country_id) VALUES (80,'Dell','Polino','dell_polino@polino.com','819-255-1725','56 Corporate Dr','Becancour','QC','G9H 1H7',0,5);
INSERT INTO oes.customers (customer_id,first_name,last_name,email,phone,street_address,city,state_province,postal_code,loyalty_card_issued,country_id) VALUES (81,'Nohemi','Leko','nohemi@aol.com','705-838-9265','37 Us Highway 12e E #6','Sault Ste. Marie','ON','P6C 2C8',1,5);
INSERT INTO oes.customers (customer_id,first_name,last_name,email,phone,street_address,city,state_province,postal_code,loyalty_card_issued,country_id) VALUES (82,'Tehani','Winters','t_winters@lembke.org','250-353-7479','6734 W Jackson Blvd','Salmon Arm','BC','V1E 4G9',0,5);
INSERT INTO oes.customers (customer_id,first_name,last_name,email,phone,street_address,city,state_province,postal_code,loyalty_card_issued,country_id) VALUES (83,'Vicki','Jones','vicki@gmail.com','604-231-6180','7 Tomahawk Dr','Richmond','BC','V7A 3N1',0,5);
INSERT INTO oes.customers (customer_id,first_name,last_name,email,phone,street_address,city,state_province,postal_code,loyalty_card_issued,country_id) VALUES (84,'Renato','Airhart','renato_airhart@hotmail.com','403-444-2250','1 Vernon Blvd','Calgary','AB','T2A 2H9',0,5);
INSERT INTO oes.customers (customer_id,first_name,last_name,email,phone,street_address,city,state_province,postal_code,loyalty_card_issued,country_id) VALUES (85,'Lenita','Darbro','lenita@yahoo.com','250-749-4517','2726 Franklin Hill Rd','Vernon','BC','V1T 7V8',1,5);
INSERT INTO oes.customers (customer_id,first_name,last_name,email,phone,street_address,city,state_province,postal_code,loyalty_card_issued,country_id) VALUES (86,'Barney','Hagen','barney@yahoo.com','450-526-5424','6335 Fort Myer Dr','Saint-Hyacinthe','QC','J2S 2N3',1,5);
INSERT INTO oes.customers (customer_id,first_name,last_name,email,phone,street_address,city,state_province,postal_code,loyalty_card_issued,country_id) VALUES (87,'Matthew','Armacost','matthew_armacost@gmail.com','705-417-7221','220 Old Us Highway 441','Peterborough','ON','K9H 6C3',0,5);
INSERT INTO oes.customers (customer_id,first_name,last_name,email,phone,street_address,city,state_province,postal_code,loyalty_card_issued,country_id) VALUES (88,'Belen','Nelton','bnelton@gmail.com','250-768-5812','77 Central Pky N','Quesnel','BC','V2J 1N4',0,5);
INSERT INTO oes.customers (customer_id,first_name,last_name,email,phone,street_address,city,state_province,postal_code,loyalty_card_issued,country_id) VALUES (89,'Iesha','Wardle','iesha@gmail.com','416-989-2001','781 Alabama Ave','Etobicoke','ON','M8Z 2C1',0,5);
INSERT INTO oes.customers (customer_id,first_name,last_name,email,phone,street_address,city,state_province,postal_code,loyalty_card_issued,country_id) VALUES (90,'Francesco','Sarchet','francesco@hotmail.com','306-524-4509','22 Dearborn St','Regina','SK','S4T 4B1',0,5);
INSERT INTO oes.customers (customer_id,first_name,last_name,email,phone,street_address,city,state_province,postal_code,loyalty_card_issued,country_id) VALUES (91,'Paulene','Thomas','paulene_thomas@rhule.org','418-348-2107','21 E 64th Ave','Matane','QC','G4W 3G6',1,5);
INSERT INTO oes.customers (customer_id,first_name,last_name,email,phone,street_address,city,state_province,postal_code,loyalty_card_issued,country_id) VALUES (92,'Hollie','Heard','hollie_briggs@hotmail.com','416-694-8464','500 Kingston Rd','Toronto','ON','ON M4L',1,5);
INSERT INTO oes.customers (customer_id,first_name,last_name,email,phone,street_address,city,state_province,postal_code,loyalty_card_issued,country_id) VALUES (93,'Andrew','Burns','burnzy@gmail.com','440-781-8981','2588  Vineyard Drive','Cleveland','OH','44115',1,28);
SET IDENTITY_INSERT oes.customers OFF;


-- Populate table oes.shippers
SET IDENTITY_INSERT oes.shippers ON;
INSERT INTO oes.shippers (shipper_id,company_name,email,phone) VALUES (1,'Fast Freight','karend@fastfreight.com','(505) 589-0137');
INSERT INTO oes.shippers (shipper_id,company_name,email,phone) VALUES (2,'Smart Shipping Ltd','tony@smartshipping.com','(425) 594-0136');
INSERT INTO oes.shippers (shipper_id,company_name,email,phone) VALUES (3,'Pack and Ship','customerservice@packandship.com','(418) 555-017');
SET IDENTITY_INSERT oes.shippers OFF;

-- Populate table oes.warehouses
SET IDENTITY_INSERT oes.warehouses ON;
INSERT INTO oes.warehouses (warehouse_id,warehouse_name,location_id) VALUES (1,'Central warehouse',1400);
INSERT INTO oes.warehouses (warehouse_id,warehouse_name,location_id) VALUES (2,'Downtown warehouse',1500);
INSERT INTO oes.warehouses (warehouse_id,warehouse_name,location_id) VALUES (3,'Brunswick warehouse',1600);
INSERT INTO oes.warehouses (warehouse_id,warehouse_name,location_id) VALUES (4,null,1700);
INSERT INTO oes.warehouses (warehouse_id,warehouse_name,location_id) VALUES (5,null,1800);
INSERT INTO oes.warehouses (warehouse_id,warehouse_name,location_id) VALUES (6,null,2200);
INSERT INTO oes.warehouses (warehouse_id,warehouse_name,location_id) VALUES (7,null,3200);
INSERT INTO oes.warehouses (warehouse_id,warehouse_name,location_id) VALUES (8,null,2000);
INSERT INTO oes.warehouses (warehouse_id,warehouse_name,location_id) VALUES (9,null,2100);
SET IDENTITY_INSERT oes.warehouses OFF;


-- Populate table oes.product_categories
SET IDENTITY_INSERT oes.product_categories ON;
INSERT INTO oes.product_categories (category_id,category_name,category_description) VALUES (1,'Phones and Accessories','Mobile phones, phone caes, smart watches, power banks.');
INSERT INTO oes.product_categories (category_id,category_name,category_description) VALUES (2,'PC Peripherals','Monitors, keyboards, headsets, cables.');
INSERT INTO oes.product_categories (category_id,category_name,category_description) VALUES (3,'Cameras and Drones','Cameras, drones, action cameras, camera cases.');
INSERT INTO oes.product_categories (category_id,category_name,category_description) VALUES (4,'TV and Audio','Televisions, speakers, headphones.');
INSERT INTO oes.product_categories (category_id,category_name,category_description) VALUES (5,'Computers','Desktops, laptops, tablets.');
INSERT INTO oes.product_categories (category_id,category_name,category_description) VALUES (6,'Home Security','Surveillance kits, security cameras, smart lighting.');
INSERT INTO oes.product_categories (category_id,category_name,category_description) VALUES (7,'Printing and Office','Printers, printer ink, printer toner, printing paper.');
INSERT INTO oes.product_categories (category_id,category_name,category_description) VALUES (8,'PC Parts','Video cards, hard drives, CPU / Processors, RAM.');
SET IDENTITY_INSERT oes.product_categories OFF;


-- Populate table oes.products
SET IDENTITY_INSERT oes.products ON;
INSERT INTO oes.products (product_id,product_name,category_id,list_price,discontinued) VALUES (1,'Apple iPhone 11 64GB - Black',1,1299,0);
INSERT INTO oes.products (product_id,product_name,category_id,list_price,discontinued) VALUES (2,'Apple iPhone 11 128GB - White',1,1499,0);
INSERT INTO oes.products (product_id,product_name,category_id,list_price,discontinued) VALUES (3,'Titan Army N34QW 34 inch Curved UltraWide Monitor',2,799,0);
INSERT INTO oes.products (product_id,product_name,category_id,list_price,discontinued) VALUES (4,'LG UltraGear 24GL600F-B 24 inch Full HD Monitor',2,348.99,0);
INSERT INTO oes.products (product_id,product_name,category_id,list_price,discontinued) VALUES (5,'ASUS PG279Q Monitor',2,149,1);
INSERT INTO oes.products (product_id,product_name,category_id,list_price,discontinued) VALUES (6,'Logitech G213 Prodigy RGB Gaming Keyboard',2,109,0);
INSERT INTO oes.products (product_id,product_name,category_id,list_price,discontinued) VALUES (7,'Canon PIXMA MG2460 Inkjet MFP printer',7,39,0);
INSERT INTO oes.products (product_id,product_name,category_id,list_price,discontinued) VALUES (8,'Microsoft Sculpt Ergonomic Wireless Keyboard and Mouse Combo',2,171.35,0);
INSERT INTO oes.products (product_id,product_name,category_id,list_price,discontinued) VALUES (9,'JKW Video Intercom over IP adaptor',6,495,1);
INSERT INTO oes.products (product_id,product_name,category_id,list_price,discontinued) VALUES (10,'Intel Coffee Lake Core i9 Processor',8,779,0);
INSERT INTO oes.products (product_id,product_name,category_id,list_price,discontinued) VALUES (11,'Horion 55 inch 4K Ultra HD LED TV',4,632,0);
INSERT INTO oes.products (product_id,product_name,category_id,list_price,discontinued) VALUES (12,'Sony WH-1000XM3 Noise-Cancelling headphones - Black',4,459,0);
INSERT INTO oes.products (product_id,product_name,category_id,list_price,discontinued) VALUES (13,'HyperX AMP 7.1 USB Sound Card',8,59,0);
INSERT INTO oes.products (product_id,product_name,category_id,list_price,discontinued) VALUES (14,'HP LaserJet Pro M15W printer',7,23.25,0);
INSERT INTO oes.products (product_id,product_name,category_id,list_price,discontinued) VALUES (15,'Logitech G Pro X Mechanical TKL RGB Gaming Keyboard',2,278.99,0);
INSERT INTO oes.products (product_id,product_name,category_id,list_price,discontinued) VALUES (16,'Canon EOS 3000D DSLR Entry-Level Camera',3,578.99,0);
INSERT INTO oes.products (product_id,product_name,category_id,list_price,discontinued) VALUES (17,'MPS Intercom system',6,398,1);
INSERT INTO oes.products (product_id,product_name,category_id,list_price,discontinued) VALUES (18,'Ugreen CM129 Audio Sound Card Adapter',8,28.75,0);
INSERT INTO oes.products (product_id,product_name,category_id,list_price,discontinued) VALUES (19,'Nikon D3500 DSLR Camera',3,659,0);
INSERT INTO oes.products (product_id,product_name,category_id,list_price,discontinued) VALUES (20,'GoPro HERO 8 Black Action Camera 4K Video',3,595,0);
INSERT INTO oes.products (product_id,product_name,category_id,list_price,discontinued) VALUES (21,'DJI Mavic Mini Drone',3,623.5,0);
INSERT INTO oes.products (product_id,product_name,category_id,list_price,discontinued) VALUES (22,'HPR Workstation Intel 7',5,3744,0);
INSERT INTO oes.products (product_id,product_name,category_id,list_price,discontinued) VALUES (23,'PBX 32106 NUC Mini PC Desktop Kit',5,350.95,0);
INSERT INTO oes.products (product_id,product_name,category_id,list_price,discontinued) VALUES (24,'Apple iPhone 6S - Silver',1,999.99,1);
INSERT INTO oes.products (product_id,product_name,category_id,list_price,discontinued) VALUES (25,'Apple iPhone SE 128GB - Black',1,898.99,0);
INSERT INTO oes.products (product_id,product_name,category_id,list_price,discontinued) VALUES (26,'DJI Mavic 2 Pro Drone with Hasselblad Camera',3,2491.67,0);
INSERT INTO oes.products (product_id,product_name,category_id,list_price,discontinued) VALUES (27,'Canon EF 50mm f/1.8 STM Lens for Canon Digital SLR Cameras',3,249,0);
INSERT INTO oes.products (product_id,product_name,category_id,list_price,discontinued) VALUES (28,'Canon Black CLI-8 Ink Cartridge',7,32,1);
INSERT INTO oes.products (product_id,product_name,category_id,list_price,discontinued) VALUES (29,'APY Intercom System',6,350,1);
INSERT INTO oes.products (product_id,product_name,category_id,list_price,discontinued) VALUES (30,'Leadtek Quadro P620 Professional Workstation Graphics Card',8,349.94,0);
INSERT INTO oes.products (product_id,product_name,category_id,list_price,discontinued) VALUES (31,'Logitech Z333 2.1 Multimedia Speaker System',4,159,0);
INSERT INTO oes.products (product_id,product_name,category_id,list_price,discontinued) VALUES (32,'Blue Yeti Microphone',4,258.99,0);
INSERT INTO oes.products (product_id,product_name,category_id,list_price,discontinued) VALUES (33,'Edifier Multimedia 2.0 system PC Speaker',4,22.94,0);
INSERT INTO oes.products (product_id,product_name,category_id,list_price,discontinued) VALUES (34,'Samsung Galaxy Note10 - Aura Black',1,1499,0);
INSERT INTO oes.products (product_id,product_name,category_id,list_price,discontinued) VALUES (35,'PBX Smart Watch 4',1,69,0);
INSERT INTO oes.products (product_id,product_name,category_id,list_price,discontinued) VALUES (36,'Leadtek Quadro P1000 Full Performance Professional Graphics Card',8,688.85,0);
INSERT INTO oes.products (product_id,product_name,category_id,list_price,discontinued) VALUES (37,'Leadtek Quadro P400 Professional Workstation Graphics Card',8,240.35,0);
INSERT INTO oes.products (product_id,product_name,category_id,list_price,discontinued) VALUES (38,'Apple Watch Series 3 - Grey',1,339.5,0);
INSERT INTO oes.products (product_id,product_name,category_id,list_price,discontinued) VALUES (39,'Spigen iPhone 11 Clear Case',1,23,0);
INSERT INTO oes.products (product_id,product_name,category_id,list_price,discontinued) VALUES (40,'Samsung 1TB Solid State Drive SSD',8,194.35,0);
INSERT INTO oes.products (product_id,product_name,category_id,list_price,discontinued) VALUES (41,'Crucial MX500 500GB SSD',8,132.25,0);
INSERT INTO oes.products (product_id,product_name,category_id,list_price,discontinued) VALUES (42,'PBX Everyday Home PC 43300',5,1033,1);
INSERT INTO oes.products (product_id,product_name,category_id,list_price,discontinued) VALUES (43,'Samsung Galaxy S20 Smart Cover',1,85.95,0);
INSERT INTO oes.products (product_id,product_name,category_id,list_price,discontinued) VALUES (44,'ASUS VG279Q 27 inch Full HD IPS Gaming Monitor',2,578.99,0);
INSERT INTO oes.products (product_id,product_name,category_id,list_price,discontinued) VALUES (45,'Aten UC3020 CamLive HDMI to USB-C Video Capture',8,251,0);
INSERT INTO oes.products (product_id,product_name,category_id,list_price,discontinued) VALUES (46,'Cooler Master Hyper 212',8,74.75,0);
INSERT INTO oes.products (product_id,product_name,category_id,list_price,discontinued) VALUES (47,'Canon EOS M50 Mirrorless Camera',3,989,0);
INSERT INTO oes.products (product_id,product_name,category_id,list_price,discontinued) VALUES (48,'Canon EOS 80D DSLR Camera Single Lens Kit',3,1499,0);
INSERT INTO oes.products (product_id,product_name,category_id,list_price,discontinued) VALUES (49,'GoPro HERO 7 Silver Action Camera 4K Video',3,325.62,0);
INSERT INTO oes.products (product_id,product_name,category_id,list_price,discontinued) VALUES (50,'Comet Drone with Camera',3,99,0);
INSERT INTO oes.products (product_id,product_name,category_id,list_price,discontinued) VALUES (51,'HP Ink Cartridge 65XL Black',7,44.49,0);
INSERT INTO oes.products (product_id,product_name,category_id,list_price,discontinued) VALUES (52,'ASUS W203MA Laptop',5,425.99,0);
INSERT INTO oes.products (product_id,product_name,category_id,list_price,discontinued) VALUES (53,'AB Security cam',6,300,1);
INSERT INTO oes.products (product_id,product_name,category_id,list_price,discontinued) VALUES (54,'Panasonic VL-SWD272 Wireless Video Intercom System',6,661.25,0);
INSERT INTO oes.products (product_id,product_name,category_id,list_price,discontinued) VALUES (55,'RING Smart Video Wi-Fi Doorbell 3',6,398.99,0);
INSERT INTO oes.products (product_id,product_name,category_id,list_price,discontinued) VALUES (56,'Microsoft Surface Laptop 3',5,1789.99,0);
INSERT INTO oes.products (product_id,product_name,category_id,list_price,discontinued) VALUES (57,'Acer Nitro 7 Gaming Laptop',5,2104,0);
INSERT INTO oes.products (product_id,product_name,category_id,list_price,discontinued) VALUES (58,'Cooler Master MasterFan',8,98.99,0);
INSERT INTO oes.products (product_id,product_name,category_id,list_price,discontinued) VALUES (59,'Samsung 50TU8000 50 inch 4K Smart TV',4,1426,0);
INSERT INTO oes.products (product_id,product_name,category_id,list_price,discontinued) VALUES (60,'Konic 55 inch 4K Ultra HD LED TV',4,747.5,0);
INSERT INTO oes.products (product_id,product_name,category_id,list_price,discontinued) VALUES (61,'Apple Magic Keyboard',2,147.99,0);
INSERT INTO oes.products (product_id,product_name,category_id,list_price,discontinued) VALUES (62,'Viper-X Drone with VR Headset',3,69.99,0);
INSERT INTO oes.products (product_id,product_name,category_id,list_price,discontinued) VALUES (63,'Samsung C49HG90 49 inch QLED Monitor',2,1899,0);
INSERT INTO oes.products (product_id,product_name,category_id,list_price,discontinued) VALUES (64,'Microsoft Surface Pro 7 Tablet',5,1598.99,0);
INSERT INTO oes.products (product_id,product_name,category_id,list_price,discontinued) VALUES (65,'Evoluent VM4R Wired Vertical Mouse 4 right-handed',2,182.85,0);
INSERT INTO oes.products (product_id,product_name,category_id,list_price,discontinued) VALUES (66,'Adesso iMouse E1',2,79.95,0);
INSERT INTO oes.products (product_id,product_name,category_id,list_price,discontinued) VALUES (67,'Spigen Galaxy Note 10 tough armor case',1,20,0);
INSERT INTO oes.products (product_id,product_name,category_id,list_price,discontinued) VALUES (68,'Andromeda Drone with Camera',3,49.99,0);
INSERT INTO oes.products (product_id,product_name,category_id,list_price,discontinued) VALUES (69,'PowerBeats Pro True Wireless Sports Earphones',4,332.99,0);
INSERT INTO oes.products (product_id,product_name,category_id,list_price,discontinued) VALUES (70,'PBX 2000mAh Power Bank 3 - Black',1,84,0);
INSERT INTO oes.products (product_id,product_name,category_id,list_price,discontinued) VALUES (71,'Apple AirPods Pro Noise Cancelling True Wireless Headphones',4,409,0);
INSERT INTO oes.products (product_id,product_name,category_id,list_price,discontinued) VALUES (72,'Sennheiser HD 4.30i Over-Ear Headphones',4,98.99,0);
INSERT INTO oes.products (product_id,product_name,category_id,list_price,discontinued) VALUES (73,'Corsair LL Series LL120 Fan',8,192.99,0);
INSERT INTO oes.products (product_id,product_name,category_id,list_price,discontinued) VALUES (74,'Canon Ink Cartridge PG645',7,33.82,0);
INSERT INTO oes.products (product_id,product_name,category_id,list_price,discontinued) VALUES (75,'Roidmi S3 Bluetooth Music Car Charger',1,53.99,0);
INSERT INTO oes.products (product_id,product_name,category_id,list_price,discontinued) VALUES (76,'Belkin 10W Wireless Charging Air Vent Car Mount ',1,68,0);
INSERT INTO oes.products (product_id,product_name,category_id,list_price,discontinued) VALUES (77,'Microsoft Surface Arc Mouse - Bluetooth - Ice Blue',2,128.8,0);
INSERT INTO oes.products (product_id,product_name,category_id,list_price,discontinued) VALUES (78,'PBX Noise Cancelling Headphones',4,80,0);
INSERT INTO oes.products (product_id,product_name,category_id,list_price,discontinued) VALUES (79,'PBX 21 inch Series 9 Monitor',2,79.95,0);
SET IDENTITY_INSERT oes.products OFF;


-- Populate table oes.inventories
INSERT INTO oes.inventories (product_id,warehouse_id,quantity_on_hand) VALUES (64,1,106);
INSERT INTO oes.inventories (product_id,warehouse_id,quantity_on_hand) VALUES (17,1,25);
INSERT INTO oes.inventories (product_id,warehouse_id,quantity_on_hand) VALUES (12,1,106);
INSERT INTO oes.inventories (product_id,warehouse_id,quantity_on_hand) VALUES (4,1,107);
INSERT INTO oes.inventories (product_id,warehouse_id,quantity_on_hand) VALUES (70,1,108);
INSERT INTO oes.inventories (product_id,warehouse_id,quantity_on_hand) VALUES (74,1,108);
INSERT INTO oes.inventories (product_id,warehouse_id,quantity_on_hand) VALUES (39,1,125);
INSERT INTO oes.inventories (product_id,warehouse_id,quantity_on_hand) VALUES (70,2,131);
INSERT INTO oes.inventories (product_id,warehouse_id,quantity_on_hand) VALUES (21,2,117);
INSERT INTO oes.inventories (product_id,warehouse_id,quantity_on_hand) VALUES (77,2,118);
INSERT INTO oes.inventories (product_id,warehouse_id,quantity_on_hand) VALUES (36,2,118);
INSERT INTO oes.inventories (product_id,warehouse_id,quantity_on_hand) VALUES (57,2,125);
INSERT INTO oes.inventories (product_id,warehouse_id,quantity_on_hand) VALUES (53,2,30);
INSERT INTO oes.inventories (product_id,warehouse_id,quantity_on_hand) VALUES (4,2,126);
INSERT INTO oes.inventories (product_id,warehouse_id,quantity_on_hand) VALUES (39,2,127);
INSERT INTO oes.inventories (product_id,warehouse_id,quantity_on_hand) VALUES (16,2,128);
INSERT INTO oes.inventories (product_id,warehouse_id,quantity_on_hand) VALUES (38,2,131);
INSERT INTO oes.inventories (product_id,warehouse_id,quantity_on_hand) VALUES (47,2,133);
INSERT INTO oes.inventories (product_id,warehouse_id,quantity_on_hand) VALUES (54,2,133);
INSERT INTO oes.inventories (product_id,warehouse_id,quantity_on_hand) VALUES (64,2,89);
INSERT INTO oes.inventories (product_id,warehouse_id,quantity_on_hand) VALUES (5,2,10);
INSERT INTO oes.inventories (product_id,warehouse_id,quantity_on_hand) VALUES (71,2,170);
INSERT INTO oes.inventories (product_id,warehouse_id,quantity_on_hand) VALUES (44,2,170);
INSERT INTO oes.inventories (product_id,warehouse_id,quantity_on_hand) VALUES (35,2,175);
INSERT INTO oes.inventories (product_id,warehouse_id,quantity_on_hand) VALUES (68,3,175);
INSERT INTO oes.inventories (product_id,warehouse_id,quantity_on_hand) VALUES (51,3,176);
INSERT INTO oes.inventories (product_id,warehouse_id,quantity_on_hand) VALUES (28,3,9);
INSERT INTO oes.inventories (product_id,warehouse_id,quantity_on_hand) VALUES (70,3,209);
INSERT INTO oes.inventories (product_id,warehouse_id,quantity_on_hand) VALUES (16,3,196);
INSERT INTO oes.inventories (product_id,warehouse_id,quantity_on_hand) VALUES (49,3,197);
INSERT INTO oes.inventories (product_id,warehouse_id,quantity_on_hand) VALUES (62,4,197);
INSERT INTO oes.inventories (product_id,warehouse_id,quantity_on_hand) VALUES (67,4,197);
INSERT INTO oes.inventories (product_id,warehouse_id,quantity_on_hand) VALUES (76,4,221);
INSERT INTO oes.inventories (product_id,warehouse_id,quantity_on_hand) VALUES (53,4,40);
INSERT INTO oes.inventories (product_id,warehouse_id,quantity_on_hand) VALUES (51,4,222);
INSERT INTO oes.inventories (product_id,warehouse_id,quantity_on_hand) VALUES (50,4,251);
INSERT INTO oes.inventories (product_id,warehouse_id,quantity_on_hand) VALUES (74,4,96);
INSERT INTO oes.inventories (product_id,warehouse_id,quantity_on_hand) VALUES (73,4,96);
INSERT INTO oes.inventories (product_id,warehouse_id,quantity_on_hand) VALUES (47,4,96);
INSERT INTO oes.inventories (product_id,warehouse_id,quantity_on_hand) VALUES (8,4,96);
INSERT INTO oes.inventories (product_id,warehouse_id,quantity_on_hand) VALUES (68,4,97);
INSERT INTO oes.inventories (product_id,warehouse_id,quantity_on_hand) VALUES (42,4,21);
INSERT INTO oes.inventories (product_id,warehouse_id,quantity_on_hand) VALUES (1,4,97);
INSERT INTO oes.inventories (product_id,warehouse_id,quantity_on_hand) VALUES (10,4,98);
INSERT INTO oes.inventories (product_id,warehouse_id,quantity_on_hand) VALUES (54,4,98);
INSERT INTO oes.inventories (product_id,warehouse_id,quantity_on_hand) VALUES (11,4,98);
INSERT INTO oes.inventories (product_id,warehouse_id,quantity_on_hand) VALUES (39,4,98);
INSERT INTO oes.inventories (product_id,warehouse_id,quantity_on_hand) VALUES (40,5,99);
INSERT INTO oes.inventories (product_id,warehouse_id,quantity_on_hand) VALUES (71,5,100);
INSERT INTO oes.inventories (product_id,warehouse_id,quantity_on_hand) VALUES (60,5,101);
INSERT INTO oes.inventories (product_id,warehouse_id,quantity_on_hand) VALUES (4,5,101);
INSERT INTO oes.inventories (product_id,warehouse_id,quantity_on_hand) VALUES (41,5,104);
INSERT INTO oes.inventories (product_id,warehouse_id,quantity_on_hand) VALUES (15,5,105);
INSERT INTO oes.inventories (product_id,warehouse_id,quantity_on_hand) VALUES (42,5,114);
INSERT INTO oes.inventories (product_id,warehouse_id,quantity_on_hand) VALUES (51,5,114);
INSERT INTO oes.inventories (product_id,warehouse_id,quantity_on_hand) VALUES (24,5,115);
INSERT INTO oes.inventories (product_id,warehouse_id,quantity_on_hand) VALUES (54,5,115);
INSERT INTO oes.inventories (product_id,warehouse_id,quantity_on_hand) VALUES (76,5,115);
INSERT INTO oes.inventories (product_id,warehouse_id,quantity_on_hand) VALUES (13,5,106);
INSERT INTO oes.inventories (product_id,warehouse_id,quantity_on_hand) VALUES (64,5,107);
INSERT INTO oes.inventories (product_id,warehouse_id,quantity_on_hand) VALUES (67,5,107);
INSERT INTO oes.inventories (product_id,warehouse_id,quantity_on_hand) VALUES (66,5,117);
INSERT INTO oes.inventories (product_id,warehouse_id,quantity_on_hand) VALUES (53,5,29);
INSERT INTO oes.inventories (product_id,warehouse_id,quantity_on_hand) VALUES (44,5,118);
INSERT INTO oes.inventories (product_id,warehouse_id,quantity_on_hand) VALUES (61,6,119);
INSERT INTO oes.inventories (product_id,warehouse_id,quantity_on_hand) VALUES (6,6,119);
INSERT INTO oes.inventories (product_id,warehouse_id,quantity_on_hand) VALUES (55,6,119);
INSERT INTO oes.inventories (product_id,warehouse_id,quantity_on_hand) VALUES (27,6,119);
INSERT INTO oes.inventories (product_id,warehouse_id,quantity_on_hand) VALUES (38,6,119);
INSERT INTO oes.inventories (product_id,warehouse_id,quantity_on_hand) VALUES (26,6,122);
INSERT INTO oes.inventories (product_id,warehouse_id,quantity_on_hand) VALUES (64,6,122);
INSERT INTO oes.inventories (product_id,warehouse_id,quantity_on_hand) VALUES (65,6,122);
INSERT INTO oes.inventories (product_id,warehouse_id,quantity_on_hand) VALUES (41,6,117);
INSERT INTO oes.inventories (product_id,warehouse_id,quantity_on_hand) VALUES (21,6,110);
INSERT INTO oes.inventories (product_id,warehouse_id,quantity_on_hand) VALUES (71,6,149);
INSERT INTO oes.inventories (product_id,warehouse_id,quantity_on_hand) VALUES (68,6,149);
INSERT INTO oes.inventories (product_id,warehouse_id,quantity_on_hand) VALUES (18,6,154);
INSERT INTO oes.inventories (product_id,warehouse_id,quantity_on_hand) VALUES (70,6,154);
INSERT INTO oes.inventories (product_id,warehouse_id,quantity_on_hand) VALUES (8,6,154);
INSERT INTO oes.inventories (product_id,warehouse_id,quantity_on_hand) VALUES (69,6,155);
INSERT INTO oes.inventories (product_id,warehouse_id,quantity_on_hand) VALUES (1,6,155);
INSERT INTO oes.inventories (product_id,warehouse_id,quantity_on_hand) VALUES (58,6,155);
INSERT INTO oes.inventories (product_id,warehouse_id,quantity_on_hand) VALUES (74,6,111);
INSERT INTO oes.inventories (product_id,warehouse_id,quantity_on_hand) VALUES (23,6,111);
INSERT INTO oes.inventories (product_id,warehouse_id,quantity_on_hand) VALUES (17,6,18);
INSERT INTO oes.inventories (product_id,warehouse_id,quantity_on_hand) VALUES (20,7,113);
INSERT INTO oes.inventories (product_id,warehouse_id,quantity_on_hand) VALUES (69,7,113);
INSERT INTO oes.inventories (product_id,warehouse_id,quantity_on_hand) VALUES (32,7,113);
INSERT INTO oes.inventories (product_id,warehouse_id,quantity_on_hand) VALUES (52,7,119);
INSERT INTO oes.inventories (product_id,warehouse_id,quantity_on_hand) VALUES (10,7,167);
INSERT INTO oes.inventories (product_id,warehouse_id,quantity_on_hand) VALUES (70,7,167);
INSERT INTO oes.inventories (product_id,warehouse_id,quantity_on_hand) VALUES (71,7,167);
INSERT INTO oes.inventories (product_id,warehouse_id,quantity_on_hand) VALUES (38,7,91);
INSERT INTO oes.inventories (product_id,warehouse_id,quantity_on_hand) VALUES (40,8,94);
INSERT INTO oes.inventories (product_id,warehouse_id,quantity_on_hand) VALUES (56,8,94);
INSERT INTO oes.inventories (product_id,warehouse_id,quantity_on_hand) VALUES (45,8,173);
INSERT INTO oes.inventories (product_id,warehouse_id,quantity_on_hand) VALUES (42,8,19);
INSERT INTO oes.inventories (product_id,warehouse_id,quantity_on_hand) VALUES (69,8,81);
INSERT INTO oes.inventories (product_id,warehouse_id,quantity_on_hand) VALUES (48,8,178);
INSERT INTO oes.inventories (product_id,warehouse_id,quantity_on_hand) VALUES (25,8,178);
INSERT INTO oes.inventories (product_id,warehouse_id,quantity_on_hand) VALUES (17,8,35);
INSERT INTO oes.inventories (product_id,warehouse_id,quantity_on_hand) VALUES (57,8,179);
INSERT INTO oes.inventories (product_id,warehouse_id,quantity_on_hand) VALUES (21,8,179);
INSERT INTO oes.inventories (product_id,warehouse_id,quantity_on_hand) VALUES (77,8,179);
INSERT INTO oes.inventories (product_id,warehouse_id,quantity_on_hand) VALUES (46,8,180);
INSERT INTO oes.inventories (product_id,warehouse_id,quantity_on_hand) VALUES (65,8,181);
INSERT INTO oes.inventories (product_id,warehouse_id,quantity_on_hand) VALUES (64,8,182);
INSERT INTO oes.inventories (product_id,warehouse_id,quantity_on_hand) VALUES (29,8,182);
INSERT INTO oes.inventories (product_id,warehouse_id,quantity_on_hand) VALUES (13,8,183);
INSERT INTO oes.inventories (product_id,warehouse_id,quantity_on_hand) VALUES (32,8,183);
INSERT INTO oes.inventories (product_id,warehouse_id,quantity_on_hand) VALUES (61,8,183);
INSERT INTO oes.inventories (product_id,warehouse_id,quantity_on_hand) VALUES (7,8,183);
INSERT INTO oes.inventories (product_id,warehouse_id,quantity_on_hand) VALUES (55,8,184);
INSERT INTO oes.inventories (product_id,warehouse_id,quantity_on_hand) VALUES (28,8,9);
INSERT INTO oes.inventories (product_id,warehouse_id,quantity_on_hand) VALUES (6,9,184);
INSERT INTO oes.inventories (product_id,warehouse_id,quantity_on_hand) VALUES (51,9,184);
INSERT INTO oes.inventories (product_id,warehouse_id,quantity_on_hand) VALUES (72,9,185);
INSERT INTO oes.inventories (product_id,warehouse_id,quantity_on_hand) VALUES (49,9,185);
INSERT INTO oes.inventories (product_id,warehouse_id,quantity_on_hand) VALUES (64,9,88);
INSERT INTO oes.inventories (product_id,warehouse_id,quantity_on_hand) VALUES (56,9,88);
INSERT INTO oes.inventories (product_id,warehouse_id,quantity_on_hand) VALUES (53,9,34);
INSERT INTO oes.inventories (product_id,warehouse_id,quantity_on_hand) VALUES (38,9,185);
INSERT INTO oes.inventories (product_id,warehouse_id,quantity_on_hand) VALUES (33,9,89);
INSERT INTO oes.inventories (product_id,warehouse_id,quantity_on_hand) VALUES (68,9,89);
INSERT INTO oes.inventories (product_id,warehouse_id,quantity_on_hand) VALUES (16,9,186);
INSERT INTO oes.inventories (product_id,warehouse_id,quantity_on_hand) VALUES (63,9,191);
INSERT INTO oes.inventories (product_id,warehouse_id,quantity_on_hand) VALUES (65,1,93);
INSERT INTO oes.inventories (product_id,warehouse_id,quantity_on_hand) VALUES (67,1,94);
INSERT INTO oes.inventories (product_id,warehouse_id,quantity_on_hand) VALUES (31,1,194);
INSERT INTO oes.inventories (product_id,warehouse_id,quantity_on_hand) VALUES (32,2,95);
INSERT INTO oes.inventories (product_id,warehouse_id,quantity_on_hand) VALUES (63,2,96);
INSERT INTO oes.inventories (product_id,warehouse_id,quantity_on_hand) VALUES (51,2,96);
INSERT INTO oes.inventories (product_id,warehouse_id,quantity_on_hand) VALUES (23,2,96);
INSERT INTO oes.inventories (product_id,warehouse_id,quantity_on_hand) VALUES (58,2,97);
INSERT INTO oes.inventories (product_id,warehouse_id,quantity_on_hand) VALUES (6,2,97);
INSERT INTO oes.inventories (product_id,warehouse_id,quantity_on_hand) VALUES (19,2,101);
INSERT INTO oes.inventories (product_id,warehouse_id,quantity_on_hand) VALUES (18,2,101);
INSERT INTO oes.inventories (product_id,warehouse_id,quantity_on_hand) VALUES (14,2,101);
INSERT INTO oes.inventories (product_id,warehouse_id,quantity_on_hand) VALUES (11,2,120);
INSERT INTO oes.inventories (product_id,warehouse_id,quantity_on_hand) VALUES (69,2,138);
INSERT INTO oes.inventories (product_id,warehouse_id,quantity_on_hand) VALUES (13,2,128);
INSERT INTO oes.inventories (product_id,warehouse_id,quantity_on_hand) VALUES (20,2,158);
INSERT INTO oes.inventories (product_id,warehouse_id,quantity_on_hand) VALUES (75,2,158);
INSERT INTO oes.inventories (product_id,warehouse_id,quantity_on_hand) VALUES (28,2,33);
INSERT INTO oes.inventories (product_id,warehouse_id,quantity_on_hand) VALUES (2,3,178);
INSERT INTO oes.inventories (product_id,warehouse_id,quantity_on_hand) VALUES (33,3,178);
INSERT INTO oes.inventories (product_id,warehouse_id,quantity_on_hand) VALUES (56,3,171);
INSERT INTO oes.inventories (product_id,warehouse_id,quantity_on_hand) VALUES (71,3,172);
INSERT INTO oes.inventories (product_id,warehouse_id,quantity_on_hand) VALUES (32,4,172);
INSERT INTO oes.inventories (product_id,warehouse_id,quantity_on_hand) VALUES (22,4,173);
INSERT INTO oes.inventories (product_id,warehouse_id,quantity_on_hand) VALUES (25,4,173);
INSERT INTO oes.inventories (product_id,warehouse_id,quantity_on_hand) VALUES (57,4,174);
INSERT INTO oes.inventories (product_id,warehouse_id,quantity_on_hand) VALUES (66,4,174);
INSERT INTO oes.inventories (product_id,warehouse_id,quantity_on_hand) VALUES (43,4,175);
INSERT INTO oes.inventories (product_id,warehouse_id,quantity_on_hand) VALUES (3,4,176);
INSERT INTO oes.inventories (product_id,warehouse_id,quantity_on_hand) VALUES (12,5,176);
INSERT INTO oes.inventories (product_id,warehouse_id,quantity_on_hand) VALUES (68,5,176);
INSERT INTO oes.inventories (product_id,warehouse_id,quantity_on_hand) VALUES (63,5,177);
INSERT INTO oes.inventories (product_id,warehouse_id,quantity_on_hand) VALUES (70,5,177);
INSERT INTO oes.inventories (product_id,warehouse_id,quantity_on_hand) VALUES (61,5,177);
INSERT INTO oes.inventories (product_id,warehouse_id,quantity_on_hand) VALUES (33,5,193);
INSERT INTO oes.inventories (product_id,warehouse_id,quantity_on_hand) VALUES (31,5,194);
INSERT INTO oes.inventories (product_id,warehouse_id,quantity_on_hand) VALUES (47,5,195);
INSERT INTO oes.inventories (product_id,warehouse_id,quantity_on_hand) VALUES (10,6,195);
INSERT INTO oes.inventories (product_id,warehouse_id,quantity_on_hand) VALUES (56,6,196);
INSERT INTO oes.inventories (product_id,warehouse_id,quantity_on_hand) VALUES (15,6,197);
INSERT INTO oes.inventories (product_id,warehouse_id,quantity_on_hand) VALUES (66,6,198);
INSERT INTO oes.inventories (product_id,warehouse_id,quantity_on_hand) VALUES (35,6,184);
INSERT INTO oes.inventories (product_id,warehouse_id,quantity_on_hand) VALUES (62,6,185);
INSERT INTO oes.inventories (product_id,warehouse_id,quantity_on_hand) VALUES (29,6,32);
INSERT INTO oes.inventories (product_id,warehouse_id,quantity_on_hand) VALUES (13,6,185);
INSERT INTO oes.inventories (product_id,warehouse_id,quantity_on_hand) VALUES (54,6,189);
INSERT INTO oes.inventories (product_id,warehouse_id,quantity_on_hand) VALUES (53,6,23);
INSERT INTO oes.inventories (product_id,warehouse_id,quantity_on_hand) VALUES (19,6,212);
INSERT INTO oes.inventories (product_id,warehouse_id,quantity_on_hand) VALUES (57,6,213);
INSERT INTO oes.inventories (product_id,warehouse_id,quantity_on_hand) VALUES (72,6,213);
INSERT INTO oes.inventories (product_id,warehouse_id,quantity_on_hand) VALUES (50,6,213);
INSERT INTO oes.inventories (product_id,warehouse_id,quantity_on_hand) VALUES (24,6,19);
INSERT INTO oes.inventories (product_id,warehouse_id,quantity_on_hand) VALUES (40,6,213);
INSERT INTO oes.inventories (product_id,warehouse_id,quantity_on_hand) VALUES (64,7,214);
INSERT INTO oes.inventories (product_id,warehouse_id,quantity_on_hand) VALUES (40,7,214);
INSERT INTO oes.inventories (product_id,warehouse_id,quantity_on_hand) VALUES (6,7,214);
INSERT INTO oes.inventories (product_id,warehouse_id,quantity_on_hand) VALUES (43,7,214);
INSERT INTO oes.inventories (product_id,warehouse_id,quantity_on_hand) VALUES (24,7,29);
INSERT INTO oes.inventories (product_id,warehouse_id,quantity_on_hand) VALUES (16,7,209);
INSERT INTO oes.inventories (product_id,warehouse_id,quantity_on_hand) VALUES (5,7,28);
INSERT INTO oes.inventories (product_id,warehouse_id,quantity_on_hand) VALUES (3,7,225);
INSERT INTO oes.inventories (product_id,warehouse_id,quantity_on_hand) VALUES (47,7,225);
INSERT INTO oes.inventories (product_id,warehouse_id,quantity_on_hand) VALUES (12,7,226);
INSERT INTO oes.inventories (product_id,warehouse_id,quantity_on_hand) VALUES (30,7,226);
INSERT INTO oes.inventories (product_id,warehouse_id,quantity_on_hand) VALUES (44,7,226);
INSERT INTO oes.inventories (product_id,warehouse_id,quantity_on_hand) VALUES (12,8,226);
INSERT INTO oes.inventories (product_id,warehouse_id,quantity_on_hand) VALUES (53,8,54);
INSERT INTO oes.inventories (product_id,warehouse_id,quantity_on_hand) VALUES (19,8,227);
INSERT INTO oes.inventories (product_id,warehouse_id,quantity_on_hand) VALUES (22,8,227);
INSERT INTO oes.inventories (product_id,warehouse_id,quantity_on_hand) VALUES (52,8,227);
INSERT INTO oes.inventories (product_id,warehouse_id,quantity_on_hand) VALUES (31,8,227);
INSERT INTO oes.inventories (product_id,warehouse_id,quantity_on_hand) VALUES (49,8,210);
INSERT INTO oes.inventories (product_id,warehouse_id,quantity_on_hand) VALUES (16,8,210);
INSERT INTO oes.inventories (product_id,warehouse_id,quantity_on_hand) VALUES (13,9,215);
INSERT INTO oes.inventories (product_id,warehouse_id,quantity_on_hand) VALUES (32,9,216);
INSERT INTO oes.inventories (product_id,warehouse_id,quantity_on_hand) VALUES (76,9,264);
INSERT INTO oes.inventories (product_id,warehouse_id,quantity_on_hand) VALUES (67,9,232);
INSERT INTO oes.inventories (product_id,warehouse_id,quantity_on_hand) VALUES (34,9,219);
INSERT INTO oes.inventories (product_id,warehouse_id,quantity_on_hand) VALUES (61,9,219);
INSERT INTO oes.inventories (product_id,warehouse_id,quantity_on_hand) VALUES (26,9,220);
INSERT INTO oes.inventories (product_id,warehouse_id,quantity_on_hand) VALUES (71,9,244);
INSERT INTO oes.inventories (product_id,warehouse_id,quantity_on_hand) VALUES (3,9,244);
INSERT INTO oes.inventories (product_id,warehouse_id,quantity_on_hand) VALUES (7,9,239);
INSERT INTO oes.inventories (product_id,warehouse_id,quantity_on_hand) VALUES (4,9,226);
INSERT INTO oes.inventories (product_id,warehouse_id,quantity_on_hand) VALUES (5,9,45);
INSERT INTO oes.inventories (product_id,warehouse_id,quantity_on_hand) VALUES (55,9,267);
INSERT INTO oes.inventories (product_id,warehouse_id,quantity_on_hand) VALUES (18,9,267);
INSERT INTO oes.inventories (product_id,warehouse_id,quantity_on_hand) VALUES (30,9,100);
INSERT INTO oes.inventories (product_id,warehouse_id,quantity_on_hand) VALUES (28,9,40);
INSERT INTO oes.inventories (product_id,warehouse_id,quantity_on_hand) VALUES (47,9,88);
INSERT INTO oes.inventories (product_id,warehouse_id,quantity_on_hand) VALUES (70,9,89);
INSERT INTO oes.inventories (product_id,warehouse_id,quantity_on_hand) VALUES (17,9,34);
INSERT INTO oes.inventories (product_id,warehouse_id,quantity_on_hand) VALUES (19,9,90);
INSERT INTO oes.inventories (product_id,warehouse_id,quantity_on_hand) VALUES (24,1,36);
INSERT INTO oes.inventories (product_id,warehouse_id,quantity_on_hand) VALUES (1,1,112);
INSERT INTO oes.inventories (product_id,warehouse_id,quantity_on_hand) VALUES (43,1,66);
INSERT INTO oes.inventories (product_id,warehouse_id,quantity_on_hand) VALUES (49,1,101);
INSERT INTO oes.inventories (product_id,warehouse_id,quantity_on_hand) VALUES (1,2,107);
INSERT INTO oes.inventories (product_id,warehouse_id,quantity_on_hand) VALUES (34,2,118);
INSERT INTO oes.inventories (product_id,warehouse_id,quantity_on_hand) VALUES (46,2,118);
INSERT INTO oes.inventories (product_id,warehouse_id,quantity_on_hand) VALUES (60,2,118);
INSERT INTO oes.inventories (product_id,warehouse_id,quantity_on_hand) VALUES (68,2,94);
INSERT INTO oes.inventories (product_id,warehouse_id,quantity_on_hand) VALUES (3,2,69);
INSERT INTO oes.inventories (product_id,warehouse_id,quantity_on_hand) VALUES (40,2,73);
INSERT INTO oes.inventories (product_id,warehouse_id,quantity_on_hand) VALUES (24,2,38);
INSERT INTO oes.inventories (product_id,warehouse_id,quantity_on_hand) VALUES (9,2,35);
INSERT INTO oes.inventories (product_id,warehouse_id,quantity_on_hand) VALUES (45,2,127);
INSERT INTO oes.inventories (product_id,warehouse_id,quantity_on_hand) VALUES (10,2,127);
INSERT INTO oes.inventories (product_id,warehouse_id,quantity_on_hand) VALUES (27,2,131);
INSERT INTO oes.inventories (product_id,warehouse_id,quantity_on_hand) VALUES (66,2,135);
INSERT INTO oes.inventories (product_id,warehouse_id,quantity_on_hand) VALUES (47,3,136);
INSERT INTO oes.inventories (product_id,warehouse_id,quantity_on_hand) VALUES (52,3,136);
INSERT INTO oes.inventories (product_id,warehouse_id,quantity_on_hand) VALUES (5,3,45);
INSERT INTO oes.inventories (product_id,warehouse_id,quantity_on_hand) VALUES (53,3,41);
INSERT INTO oes.inventories (product_id,warehouse_id,quantity_on_hand) VALUES (16,4,93);
INSERT INTO oes.inventories (product_id,warehouse_id,quantity_on_hand) VALUES (5,4,21);
INSERT INTO oes.inventories (product_id,warehouse_id,quantity_on_hand) VALUES (34,4,107);
INSERT INTO oes.inventories (product_id,warehouse_id,quantity_on_hand) VALUES (35,4,146);
INSERT INTO oes.inventories (product_id,warehouse_id,quantity_on_hand) VALUES (71,4,146);
INSERT INTO oes.inventories (product_id,warehouse_id,quantity_on_hand) VALUES (27,4,245);
INSERT INTO oes.inventories (product_id,warehouse_id,quantity_on_hand) VALUES (20,4,246);
INSERT INTO oes.inventories (product_id,warehouse_id,quantity_on_hand) VALUES (60,4,246);
INSERT INTO oes.inventories (product_id,warehouse_id,quantity_on_hand) VALUES (6,4,181);
INSERT INTO oes.inventories (product_id,warehouse_id,quantity_on_hand) VALUES (70,4,185);
INSERT INTO oes.inventories (product_id,warehouse_id,quantity_on_hand) VALUES (45,4,272);
INSERT INTO oes.inventories (product_id,warehouse_id,quantity_on_hand) VALUES (31,4,273);
INSERT INTO oes.inventories (product_id,warehouse_id,quantity_on_hand) VALUES (18,5,273);
INSERT INTO oes.inventories (product_id,warehouse_id,quantity_on_hand) VALUES (73,5,273);
INSERT INTO oes.inventories (product_id,warehouse_id,quantity_on_hand) VALUES (52,5,181);
INSERT INTO oes.inventories (product_id,warehouse_id,quantity_on_hand) VALUES (2,5,181);
INSERT INTO oes.inventories (product_id,warehouse_id,quantity_on_hand) VALUES (29,5,181);
INSERT INTO oes.inventories (product_id,warehouse_id,quantity_on_hand) VALUES (6,5,197);
INSERT INTO oes.inventories (product_id,warehouse_id,quantity_on_hand) VALUES (49,5,304);
INSERT INTO oes.inventories (product_id,warehouse_id,quantity_on_hand) VALUES (30,5,304);
INSERT INTO oes.inventories (product_id,warehouse_id,quantity_on_hand) VALUES (44,6,227);
INSERT INTO oes.inventories (product_id,warehouse_id,quantity_on_hand) VALUES (39,6,63);
INSERT INTO oes.inventories (product_id,warehouse_id,quantity_on_hand) VALUES (7,6,63);
INSERT INTO oes.inventories (product_id,warehouse_id,quantity_on_hand) VALUES (48,6,63);
INSERT INTO oes.inventories (product_id,warehouse_id,quantity_on_hand) VALUES (77,6,64);
INSERT INTO oes.inventories (product_id,warehouse_id,quantity_on_hand) VALUES (63,6,64);
INSERT INTO oes.inventories (product_id,warehouse_id,quantity_on_hand) VALUES (33,6,67);
INSERT INTO oes.inventories (product_id,warehouse_id,quantity_on_hand) VALUES (11,6,67);
INSERT INTO oes.inventories (product_id,warehouse_id,quantity_on_hand) VALUES (32,6,68);
INSERT INTO oes.inventories (product_id,warehouse_id,quantity_on_hand) VALUES (73,6,68);
INSERT INTO oes.inventories (product_id,warehouse_id,quantity_on_hand) VALUES (42,7,21);
INSERT INTO oes.inventories (product_id,warehouse_id,quantity_on_hand) VALUES (19,7,68);
INSERT INTO oes.inventories (product_id,warehouse_id,quantity_on_hand) VALUES (15,7,69);
INSERT INTO oes.inventories (product_id,warehouse_id,quantity_on_hand) VALUES (14,7,70);
INSERT INTO oes.inventories (product_id,warehouse_id,quantity_on_hand) VALUES (33,7,71);
INSERT INTO oes.inventories (product_id,warehouse_id,quantity_on_hand) VALUES (35,7,71);
INSERT INTO oes.inventories (product_id,warehouse_id,quantity_on_hand) VALUES (75,7,71);
INSERT INTO oes.inventories (product_id,warehouse_id,quantity_on_hand) VALUES (7,7,72);
INSERT INTO oes.inventories (product_id,warehouse_id,quantity_on_hand) VALUES (2,7,73);
INSERT INTO oes.inventories (product_id,warehouse_id,quantity_on_hand) VALUES (48,7,74);
INSERT INTO oes.inventories (product_id,warehouse_id,quantity_on_hand) VALUES (59,7,74);
INSERT INTO oes.inventories (product_id,warehouse_id,quantity_on_hand) VALUES (17,7,24);
INSERT INTO oes.inventories (product_id,warehouse_id,quantity_on_hand) VALUES (71,8,74);
INSERT INTO oes.inventories (product_id,warehouse_id,quantity_on_hand) VALUES (6,8,74);
INSERT INTO oes.inventories (product_id,warehouse_id,quantity_on_hand) VALUES (43,8,76);
INSERT INTO oes.inventories (product_id,warehouse_id,quantity_on_hand) VALUES (36,8,76);
INSERT INTO oes.inventories (product_id,warehouse_id,quantity_on_hand) VALUES (59,8,76);
INSERT INTO oes.inventories (product_id,warehouse_id,quantity_on_hand) VALUES (38,8,76);
INSERT INTO oes.inventories (product_id,warehouse_id,quantity_on_hand) VALUES (68,8,76);
INSERT INTO oes.inventories (product_id,warehouse_id,quantity_on_hand) VALUES (37,8,77);
INSERT INTO oes.inventories (product_id,warehouse_id,quantity_on_hand) VALUES (67,8,87);
INSERT INTO oes.inventories (product_id,warehouse_id,quantity_on_hand) VALUES (11,8,87);
INSERT INTO oes.inventories (product_id,warehouse_id,quantity_on_hand) VALUES (47,8,88);
INSERT INTO oes.inventories (product_id,warehouse_id,quantity_on_hand) VALUES (74,9,89);
INSERT INTO oes.inventories (product_id,warehouse_id,quantity_on_hand) VALUES (52,9,89);
INSERT INTO oes.inventories (product_id,warehouse_id,quantity_on_hand) VALUES (10,9,89);
INSERT INTO oes.inventories (product_id,warehouse_id,quantity_on_hand) VALUES (36,9,95);
INSERT INTO oes.inventories (product_id,warehouse_id,quantity_on_hand) VALUES (11,9,86);
INSERT INTO oes.inventories (product_id,warehouse_id,quantity_on_hand) VALUES (58,9,86);
INSERT INTO oes.inventories (product_id,warehouse_id,quantity_on_hand) VALUES (66,9,86);
INSERT INTO oes.inventories (product_id,warehouse_id,quantity_on_hand) VALUES (15,9,95);
INSERT INTO oes.inventories (product_id,warehouse_id,quantity_on_hand) VALUES (69,9,97);
INSERT INTO oes.inventories (product_id,warehouse_id,quantity_on_hand) VALUES (37,9,97);
INSERT INTO oes.inventories (product_id,warehouse_id,quantity_on_hand) VALUES (16,1,97);
INSERT INTO oes.inventories (product_id,warehouse_id,quantity_on_hand) VALUES (10,1,97);
INSERT INTO oes.inventories (product_id,warehouse_id,quantity_on_hand) VALUES (47,1,98);
INSERT INTO oes.inventories (product_id,warehouse_id,quantity_on_hand) VALUES (30,1,98);
INSERT INTO oes.inventories (product_id,warehouse_id,quantity_on_hand) VALUES (2,2,98);
INSERT INTO oes.inventories (product_id,warehouse_id,quantity_on_hand) VALUES (7,2,99);
INSERT INTO oes.inventories (product_id,warehouse_id,quantity_on_hand) VALUES (73,2,100);
INSERT INTO oes.inventories (product_id,warehouse_id,quantity_on_hand) VALUES (26,2,100);
INSERT INTO oes.inventories (product_id,warehouse_id,quantity_on_hand) VALUES (15,2,101);
INSERT INTO oes.inventories (product_id,warehouse_id,quantity_on_hand) VALUES (41,2,102);
INSERT INTO oes.inventories (product_id,warehouse_id,quantity_on_hand) VALUES (30,2,102);
INSERT INTO oes.inventories (product_id,warehouse_id,quantity_on_hand) VALUES (10,3,102);
INSERT INTO oes.inventories (product_id,warehouse_id,quantity_on_hand) VALUES (64,3,102);
INSERT INTO oes.inventories (product_id,warehouse_id,quantity_on_hand) VALUES (26,3,103);
INSERT INTO oes.inventories (product_id,warehouse_id,quantity_on_hand) VALUES (62,3,103);
INSERT INTO oes.inventories (product_id,warehouse_id,quantity_on_hand) VALUES (37,3,103);
INSERT INTO oes.inventories (product_id,warehouse_id,quantity_on_hand) VALUES (50,3,103);
INSERT INTO oes.inventories (product_id,warehouse_id,quantity_on_hand) VALUES (69,4,103);
INSERT INTO oes.inventories (product_id,warehouse_id,quantity_on_hand) VALUES (55,4,104);
INSERT INTO oes.inventories (product_id,warehouse_id,quantity_on_hand) VALUES (13,4,104);
INSERT INTO oes.inventories (product_id,warehouse_id,quantity_on_hand) VALUES (12,4,104);
INSERT INTO oes.inventories (product_id,warehouse_id,quantity_on_hand) VALUES (24,4,34);
INSERT INTO oes.inventories (product_id,warehouse_id,quantity_on_hand) VALUES (33,4,107);
INSERT INTO oes.inventories (product_id,warehouse_id,quantity_on_hand) VALUES (7,4,110);
INSERT INTO oes.inventories (product_id,warehouse_id,quantity_on_hand) VALUES (7,5,96);
INSERT INTO oes.inventories (product_id,warehouse_id,quantity_on_hand) VALUES (48,5,114);
INSERT INTO oes.inventories (product_id,warehouse_id,quantity_on_hand) VALUES (3,5,134);
INSERT INTO oes.inventories (product_id,warehouse_id,quantity_on_hand) VALUES (59,5,134);
INSERT INTO oes.inventories (product_id,warehouse_id,quantity_on_hand) VALUES (25,5,210);
INSERT INTO oes.inventories (product_id,warehouse_id,quantity_on_hand) VALUES (69,5,211);
INSERT INTO oes.inventories (product_id,warehouse_id,quantity_on_hand) VALUES (28,5,35);
INSERT INTO oes.inventories (product_id,warehouse_id,quantity_on_hand) VALUES (19,5,219);
INSERT INTO oes.inventories (product_id,warehouse_id,quantity_on_hand) VALUES (9,5,21);
INSERT INTO oes.inventories (product_id,warehouse_id,quantity_on_hand) VALUES (34,6,223);
INSERT INTO oes.inventories (product_id,warehouse_id,quantity_on_hand) VALUES (67,7,223);
INSERT INTO oes.inventories (product_id,warehouse_id,quantity_on_hand) VALUES (29,7,223);
INSERT INTO oes.inventories (product_id,warehouse_id,quantity_on_hand) VALUES (68,7,224);
INSERT INTO oes.inventories (product_id,warehouse_id,quantity_on_hand) VALUES (31,7,225);
INSERT INTO oes.inventories (product_id,warehouse_id,quantity_on_hand) VALUES (9,7,19);
INSERT INTO oes.inventories (product_id,warehouse_id,quantity_on_hand) VALUES (36,7,226);
INSERT INTO oes.inventories (product_id,warehouse_id,quantity_on_hand) VALUES (77,7,226);
INSERT INTO oes.inventories (product_id,warehouse_id,quantity_on_hand) VALUES (25,7,227);
INSERT INTO oes.inventories (product_id,warehouse_id,quantity_on_hand) VALUES (26,7,227);
INSERT INTO oes.inventories (product_id,warehouse_id,quantity_on_hand) VALUES (50,7,227);
INSERT INTO oes.inventories (product_id,warehouse_id,quantity_on_hand) VALUES (65,7,228);
INSERT INTO oes.inventories (product_id,warehouse_id,quantity_on_hand) VALUES (50,8,169);
INSERT INTO oes.inventories (product_id,warehouse_id,quantity_on_hand) VALUES (34,8,170);
INSERT INTO oes.inventories (product_id,warehouse_id,quantity_on_hand) VALUES (23,8,171);
INSERT INTO oes.inventories (product_id,warehouse_id,quantity_on_hand) VALUES (2,8,171);
INSERT INTO oes.inventories (product_id,warehouse_id,quantity_on_hand) VALUES (44,8,172);
INSERT INTO oes.inventories (product_id,warehouse_id,quantity_on_hand) VALUES (4,8,173);
INSERT INTO oes.inventories (product_id,warehouse_id,quantity_on_hand) VALUES (76,8,174);
INSERT INTO oes.inventories (product_id,warehouse_id,quantity_on_hand) VALUES (58,8,234);
INSERT INTO oes.inventories (product_id,warehouse_id,quantity_on_hand) VALUES (24,8,20);
INSERT INTO oes.inventories (product_id,warehouse_id,quantity_on_hand) VALUES (30,8,235);
INSERT INTO oes.inventories (product_id,warehouse_id,quantity_on_hand) VALUES (3,8,236);
INSERT INTO oes.inventories (product_id,warehouse_id,quantity_on_hand) VALUES (14,9,185);
INSERT INTO oes.inventories (product_id,warehouse_id,quantity_on_hand) VALUES (77,9,266);
INSERT INTO oes.inventories (product_id,warehouse_id,quantity_on_hand) VALUES (57,9,266);
INSERT INTO oes.inventories (product_id,warehouse_id,quantity_on_hand) VALUES (22,9,271);
INSERT INTO oes.inventories (product_id,warehouse_id,quantity_on_hand) VALUES (59,9,272);
INSERT INTO oes.inventories (product_id,warehouse_id,quantity_on_hand) VALUES (9,9,20);
INSERT INTO oes.inventories (product_id,warehouse_id,quantity_on_hand) VALUES (40,9,275);
INSERT INTO oes.inventories (product_id,warehouse_id,quantity_on_hand) VALUES (27,1,275);
INSERT INTO oes.inventories (product_id,warehouse_id,quantity_on_hand) VALUES (59,2,276);
INSERT INTO oes.inventories (product_id,warehouse_id,quantity_on_hand) VALUES (22,2,215);
INSERT INTO oes.inventories (product_id,warehouse_id,quantity_on_hand) VALUES (65,2,282);
INSERT INTO oes.inventories (product_id,warehouse_id,quantity_on_hand) VALUES (61,2,71);
INSERT INTO oes.inventories (product_id,warehouse_id,quantity_on_hand) VALUES (67,2,46);
INSERT INTO oes.inventories (product_id,warehouse_id,quantity_on_hand) VALUES (60,3,46);
INSERT INTO oes.inventories (product_id,warehouse_id,quantity_on_hand) VALUES (77,3,47);
INSERT INTO oes.inventories (product_id,warehouse_id,quantity_on_hand) VALUES (6,3,47);
INSERT INTO oes.inventories (product_id,warehouse_id,quantity_on_hand) VALUES (75,3,48);
INSERT INTO oes.inventories (product_id,warehouse_id,quantity_on_hand) VALUES (49,4,48);
INSERT INTO oes.inventories (product_id,warehouse_id,quantity_on_hand) VALUES (26,4,73);
INSERT INTO oes.inventories (product_id,warehouse_id,quantity_on_hand) VALUES (21,4,74);
INSERT INTO oes.inventories (product_id,warehouse_id,quantity_on_hand) VALUES (56,4,74);
INSERT INTO oes.inventories (product_id,warehouse_id,quantity_on_hand) VALUES (23,5,74);
INSERT INTO oes.inventories (product_id,warehouse_id,quantity_on_hand) VALUES (17,5,74);
INSERT INTO oes.inventories (product_id,warehouse_id,quantity_on_hand) VALUES (34,5,77);
INSERT INTO oes.inventories (product_id,warehouse_id,quantity_on_hand) VALUES (10,5,77);
INSERT INTO oes.inventories (product_id,warehouse_id,quantity_on_hand) VALUES (43,5,78);
INSERT INTO oes.inventories (product_id,warehouse_id,quantity_on_hand) VALUES (75,6,78);
INSERT INTO oes.inventories (product_id,warehouse_id,quantity_on_hand) VALUES (2,6,78);
INSERT INTO oes.inventories (product_id,warehouse_id,quantity_on_hand) VALUES (20,6,78);
INSERT INTO oes.inventories (product_id,warehouse_id,quantity_on_hand) VALUES (30,6,78);
INSERT INTO oes.inventories (product_id,warehouse_id,quantity_on_hand) VALUES (28,6,25);
INSERT INTO oes.inventories (product_id,warehouse_id,quantity_on_hand) VALUES (47,6,81);
INSERT INTO oes.inventories (product_id,warehouse_id,quantity_on_hand) VALUES (22,6,81);
INSERT INTO oes.inventories (product_id,warehouse_id,quantity_on_hand) VALUES (12,6,82);
INSERT INTO oes.inventories (product_id,warehouse_id,quantity_on_hand) VALUES (42,6,24);
INSERT INTO oes.inventories (product_id,warehouse_id,quantity_on_hand) VALUES (9,6,44);
INSERT INTO oes.inventories (product_id,warehouse_id,quantity_on_hand) VALUES (54,7,69);
INSERT INTO oes.inventories (product_id,warehouse_id,quantity_on_hand) VALUES (18,7,77);
INSERT INTO oes.inventories (product_id,warehouse_id,quantity_on_hand) VALUES (53,7,22);
INSERT INTO oes.inventories (product_id,warehouse_id,quantity_on_hand) VALUES (62,7,62);
INSERT INTO oes.inventories (product_id,warehouse_id,quantity_on_hand) VALUES (33,8,63);
INSERT INTO oes.inventories (product_id,warehouse_id,quantity_on_hand) VALUES (18,8,63);
INSERT INTO oes.inventories (product_id,warehouse_id,quantity_on_hand) VALUES (9,8,34);
INSERT INTO oes.inventories (product_id,warehouse_id,quantity_on_hand) VALUES (54,8,85);
INSERT INTO oes.inventories (product_id,warehouse_id,quantity_on_hand) VALUES (15,8,86);
INSERT INTO oes.inventories (product_id,warehouse_id,quantity_on_hand) VALUES (72,8,88);
INSERT INTO oes.inventories (product_id,warehouse_id,quantity_on_hand) VALUES (51,8,88);
INSERT INTO oes.inventories (product_id,warehouse_id,quantity_on_hand) VALUES (43,9,90);
INSERT INTO oes.inventories (product_id,warehouse_id,quantity_on_hand) VALUES (50,9,73);
INSERT INTO oes.inventories (product_id,warehouse_id,quantity_on_hand) VALUES (65,9,84);
INSERT INTO oes.inventories (product_id,warehouse_id,quantity_on_hand) VALUES (42,9,74);
INSERT INTO oes.inventories (product_id,warehouse_id,quantity_on_hand) VALUES (45,9,74);
INSERT INTO oes.inventories (product_id,warehouse_id,quantity_on_hand) VALUES (44,9,75);
INSERT INTO oes.inventories (product_id,warehouse_id,quantity_on_hand) VALUES (28,1,76);
INSERT INTO oes.inventories (product_id,warehouse_id,quantity_on_hand) VALUES (48,2,79);
INSERT INTO oes.inventories (product_id,warehouse_id,quantity_on_hand) VALUES (29,2,42);
INSERT INTO oes.inventories (product_id,warehouse_id,quantity_on_hand) VALUES (56,2,42);
INSERT INTO oes.inventories (product_id,warehouse_id,quantity_on_hand) VALUES (49,2,81);
INSERT INTO oes.inventories (product_id,warehouse_id,quantity_on_hand) VALUES (52,2,81);
INSERT INTO oes.inventories (product_id,warehouse_id,quantity_on_hand) VALUES (66,3,42);
INSERT INTO oes.inventories (product_id,warehouse_id,quantity_on_hand) VALUES (36,3,43);
INSERT INTO oes.inventories (product_id,warehouse_id,quantity_on_hand) VALUES (8,3,47);
INSERT INTO oes.inventories (product_id,warehouse_id,quantity_on_hand) VALUES (76,3,47);
INSERT INTO oes.inventories (product_id,warehouse_id,quantity_on_hand) VALUES (77,4,87);
INSERT INTO oes.inventories (product_id,warehouse_id,quantity_on_hand) VALUES (37,4,49);
INSERT INTO oes.inventories (product_id,warehouse_id,quantity_on_hand) VALUES (41,4,49);
INSERT INTO oes.inventories (product_id,warehouse_id,quantity_on_hand) VALUES (46,4,50);
INSERT INTO oes.inventories (product_id,warehouse_id,quantity_on_hand) VALUES (40,4,50);
INSERT INTO oes.inventories (product_id,warehouse_id,quantity_on_hand) VALUES (38,4,50);
INSERT INTO oes.inventories (product_id,warehouse_id,quantity_on_hand) VALUES (4,4,50);
INSERT INTO oes.inventories (product_id,warehouse_id,quantity_on_hand) VALUES (48,4,54);
INSERT INTO oes.inventories (product_id,warehouse_id,quantity_on_hand) VALUES (50,5,54);
INSERT INTO oes.inventories (product_id,warehouse_id,quantity_on_hand) VALUES (46,5,54);
INSERT INTO oes.inventories (product_id,warehouse_id,quantity_on_hand) VALUES (5,5,63);
INSERT INTO oes.inventories (product_id,warehouse_id,quantity_on_hand) VALUES (45,5,69);
INSERT INTO oes.inventories (product_id,warehouse_id,quantity_on_hand) VALUES (36,5,84);
INSERT INTO oes.inventories (product_id,warehouse_id,quantity_on_hand) VALUES (37,5,83);
INSERT INTO oes.inventories (product_id,warehouse_id,quantity_on_hand) VALUES (58,5,92);
INSERT INTO oes.inventories (product_id,warehouse_id,quantity_on_hand) VALUES (25,6,122);
INSERT INTO oes.inventories (product_id,warehouse_id,quantity_on_hand) VALUES (37,6,122);
INSERT INTO oes.inventories (product_id,warehouse_id,quantity_on_hand) VALUES (31,6,184);
INSERT INTO oes.inventories (product_id,warehouse_id,quantity_on_hand) VALUES (74,7,184);
INSERT INTO oes.inventories (product_id,warehouse_id,quantity_on_hand) VALUES (61,7,185);
INSERT INTO oes.inventories (product_id,warehouse_id,quantity_on_hand) VALUES (4,7,157);
INSERT INTO oes.inventories (product_id,warehouse_id,quantity_on_hand) VALUES (28,7,16);
INSERT INTO oes.inventories (product_id,warehouse_id,quantity_on_hand) VALUES (66,7,208);
INSERT INTO oes.inventories (product_id,warehouse_id,quantity_on_hand) VALUES (75,8,209);
INSERT INTO oes.inventories (product_id,warehouse_id,quantity_on_hand) VALUES (8,8,209);
INSERT INTO oes.inventories (product_id,warehouse_id,quantity_on_hand) VALUES (10,8,209);
INSERT INTO oes.inventories (product_id,warehouse_id,quantity_on_hand) VALUES (73,8,163);
INSERT INTO oes.inventories (product_id,warehouse_id,quantity_on_hand) VALUES (41,8,163);
INSERT INTO oes.inventories (product_id,warehouse_id,quantity_on_hand) VALUES (63,8,163);
INSERT INTO oes.inventories (product_id,warehouse_id,quantity_on_hand) VALUES (14,8,163);
INSERT INTO oes.inventories (product_id,warehouse_id,quantity_on_hand) VALUES (1,8,164);
INSERT INTO oes.inventories (product_id,warehouse_id,quantity_on_hand) VALUES (46,9,164);
INSERT INTO oes.inventories (product_id,warehouse_id,quantity_on_hand) VALUES (62,9,164);
INSERT INTO oes.inventories (product_id,warehouse_id,quantity_on_hand) VALUES (41,9,164);
INSERT INTO oes.inventories (product_id,warehouse_id,quantity_on_hand) VALUES (73,9,164);
INSERT INTO oes.inventories (product_id,warehouse_id,quantity_on_hand) VALUES (48,1,165);
INSERT INTO oes.inventories (product_id,warehouse_id,quantity_on_hand) VALUES (37,1,165);
INSERT INTO oes.inventories (product_id,warehouse_id,quantity_on_hand) VALUES (61,1,157);
INSERT INTO oes.inventories (product_id,warehouse_id,quantity_on_hand) VALUES (55,1,157);
INSERT INTO oes.inventories (product_id,warehouse_id,quantity_on_hand) VALUES (38,1,157);
INSERT INTO oes.inventories (product_id,warehouse_id,quantity_on_hand) VALUES (74,2,173);
INSERT INTO oes.inventories (product_id,warehouse_id,quantity_on_hand) VALUES (55,2,175);
INSERT INTO oes.inventories (product_id,warehouse_id,quantity_on_hand) VALUES (12,2,175);
INSERT INTO oes.inventories (product_id,warehouse_id,quantity_on_hand) VALUES (72,2,175);
INSERT INTO oes.inventories (product_id,warehouse_id,quantity_on_hand) VALUES (1,3,176);
INSERT INTO oes.inventories (product_id,warehouse_id,quantity_on_hand) VALUES (3,3,176);
INSERT INTO oes.inventories (product_id,warehouse_id,quantity_on_hand) VALUES (45,3,176);
INSERT INTO oes.inventories (product_id,warehouse_id,quantity_on_hand) VALUES (25,3,176);
INSERT INTO oes.inventories (product_id,warehouse_id,quantity_on_hand) VALUES (44,4,176);
INSERT INTO oes.inventories (product_id,warehouse_id,quantity_on_hand) VALUES (17,4,177);
INSERT INTO oes.inventories (product_id,warehouse_id,quantity_on_hand) VALUES (23,4,177);
INSERT INTO oes.inventories (product_id,warehouse_id,quantity_on_hand) VALUES (19,4,177);
INSERT INTO oes.inventories (product_id,warehouse_id,quantity_on_hand) VALUES (64,4,177);
INSERT INTO oes.inventories (product_id,warehouse_id,quantity_on_hand) VALUES (62,5,237);
INSERT INTO oes.inventories (product_id,warehouse_id,quantity_on_hand) VALUES (65,5,237);
INSERT INTO oes.inventories (product_id,warehouse_id,quantity_on_hand) VALUES (59,6,199);
INSERT INTO oes.inventories (product_id,warehouse_id,quantity_on_hand) VALUES (60,6,193);
INSERT INTO oes.inventories (product_id,warehouse_id,quantity_on_hand) VALUES (76,6,194);
INSERT INTO oes.inventories (product_id,warehouse_id,quantity_on_hand) VALUES (5,6,17);
INSERT INTO oes.inventories (product_id,warehouse_id,quantity_on_hand) VALUES (49,6,220);
INSERT INTO oes.inventories (product_id,warehouse_id,quantity_on_hand) VALUES (36,6,216);
INSERT INTO oes.inventories (product_id,warehouse_id,quantity_on_hand) VALUES (51,6,216);
INSERT INTO oes.inventories (product_id,warehouse_id,quantity_on_hand) VALUES (63,7,58);
INSERT INTO oes.inventories (product_id,warehouse_id,quantity_on_hand) VALUES (45,7,29);
INSERT INTO oes.inventories (product_id,warehouse_id,quantity_on_hand) VALUES (34,7,30);
INSERT INTO oes.inventories (product_id,warehouse_id,quantity_on_hand) VALUES (55,7,30);
INSERT INTO oes.inventories (product_id,warehouse_id,quantity_on_hand) VALUES (49,7,30);
INSERT INTO oes.inventories (product_id,warehouse_id,quantity_on_hand) VALUES (35,8,30);
INSERT INTO oes.inventories (product_id,warehouse_id,quantity_on_hand) VALUES (20,9,30);
INSERT INTO oes.inventories (product_id,warehouse_id,quantity_on_hand) VALUES (39,9,31);
INSERT INTO oes.inventories (product_id,warehouse_id,quantity_on_hand) VALUES (54,9,31);
INSERT INTO oes.inventories (product_id,warehouse_id,quantity_on_hand) VALUES (29,9,32);
INSERT INTO oes.inventories (product_id,warehouse_id,quantity_on_hand) VALUES (34,1,32);
INSERT INTO oes.inventories (product_id,warehouse_id,quantity_on_hand) VALUES (41,1,32);
INSERT INTO oes.inventories (product_id,warehouse_id,quantity_on_hand) VALUES (25,2,33);
INSERT INTO oes.inventories (product_id,warehouse_id,quantity_on_hand) VALUES (76,2,34);
INSERT INTO oes.inventories (product_id,warehouse_id,quantity_on_hand) VALUES (42,3,35);
INSERT INTO oes.inventories (product_id,warehouse_id,quantity_on_hand) VALUES (9,3,35);
INSERT INTO oes.inventories (product_id,warehouse_id,quantity_on_hand) VALUES (63,4,35);
INSERT INTO oes.inventories (product_id,warehouse_id,quantity_on_hand) VALUES (29,4,36);
INSERT INTO oes.inventories (product_id,warehouse_id,quantity_on_hand) VALUES (8,5,62);
INSERT INTO oes.inventories (product_id,warehouse_id,quantity_on_hand) VALUES (1,5,62);
INSERT INTO oes.inventories (product_id,warehouse_id,quantity_on_hand) VALUES (16,5,62);
INSERT INTO oes.inventories (product_id,warehouse_id,quantity_on_hand) VALUES (45,6,62);
INSERT INTO oes.inventories (product_id,warehouse_id,quantity_on_hand) VALUES (1,7,63);
INSERT INTO oes.inventories (product_id,warehouse_id,quantity_on_hand) VALUES (21,7,37);
INSERT INTO oes.inventories (product_id,warehouse_id,quantity_on_hand) VALUES (11,7,38);
INSERT INTO oes.inventories (product_id,warehouse_id,quantity_on_hand) VALUES (26,8,38);
INSERT INTO oes.inventories (product_id,warehouse_id,quantity_on_hand) VALUES (70,8,39);
INSERT INTO oes.inventories (product_id,warehouse_id,quantity_on_hand) VALUES (62,8,39);
INSERT INTO oes.inventories (product_id,warehouse_id,quantity_on_hand) VALUES (2,9,65);
INSERT INTO oes.inventories (product_id,warehouse_id,quantity_on_hand) VALUES (48,9,39);


-- Populate table oes.orders
SET IDENTITY_INSERT oes.orders ON;
INSERT INTO oes.orders (order_id,customer_id,employee_id,order_date,shipped_date,shipper_id,freight_cost) VALUES (10248,85,172,'20180714','20180716',3,86.3);
INSERT INTO oes.orders (order_id,customer_id,employee_id,order_date,shipped_date,shipper_id,freight_cost) VALUES (10249,79,149,'20180705','20180710',1,11.61);
INSERT INTO oes.orders (order_id,customer_id,employee_id,order_date,shipped_date,shipper_id,freight_cost) VALUES (10250,34,170,'20180708','20180712',2,18.7);
INSERT INTO oes.orders (order_id,customer_id,employee_id,order_date,shipped_date,shipper_id,freight_cost) VALUES (10251,84,169,'20180708','20180715',1,35);
INSERT INTO oes.orders (order_id,customer_id,employee_id,order_date,shipped_date,shipper_id,freight_cost) VALUES (10252,76,167,'20180709','20180711',2,51.3);
INSERT INTO oes.orders (order_id,customer_id,employee_id,order_date,shipped_date,shipper_id,freight_cost) VALUES (10253,34,177,'20180710','20180716',2,58.17);
INSERT INTO oes.orders (order_id,customer_id,employee_id,order_date,shipped_date,shipper_id,freight_cost) VALUES (10254,14,152,'20180711','20180723',2,66);
INSERT INTO oes.orders (order_id,customer_id,employee_id,order_date,shipped_date,shipper_id,freight_cost) VALUES (10255,68,165,'20180712','20180715',3,38);
INSERT INTO oes.orders (order_id,customer_id,employee_id,order_date,shipped_date,shipper_id,freight_cost) VALUES (10256,88,147,'20180715','20180717',2,13.97);
INSERT INTO oes.orders (order_id,customer_id,employee_id,order_date,shipped_date,shipper_id,freight_cost) VALUES (10257,35,177,'20180716','20180722',3,21);
INSERT INTO oes.orders (order_id,customer_id,employee_id,order_date,shipped_date,shipper_id,freight_cost) VALUES (10258,20,165,'20180717','20180723',1,40);
INSERT INTO oes.orders (order_id,customer_id,employee_id,order_date,shipped_date,shipper_id,freight_cost) VALUES (10259,13,149,'20180718','20180725',3,29.3);
INSERT INTO oes.orders (order_id,customer_id,employee_id,order_date,shipped_date,shipper_id,freight_cost) VALUES (10260,56,150,'20180719','20180729',1,21);
INSERT INTO oes.orders (order_id,customer_id,employee_id,order_date,shipped_date,shipper_id,freight_cost) VALUES (10261,61,162,'20180719','20180730',2,23.7);
INSERT INTO oes.orders (order_id,customer_id,employee_id,order_date,shipped_date,shipper_id,freight_cost) VALUES (10262,65,177,'20180722','20180725',3,32);
INSERT INTO oes.orders (order_id,customer_id,employee_id,order_date,shipped_date,shipper_id,freight_cost) VALUES (10263,20,161,'20180723','20180731',3,37);
INSERT INTO oes.orders (order_id,customer_id,employee_id,order_date,shipped_date,shipper_id,freight_cost) VALUES (10264,24,166,'20180724','20180823',3,53);
INSERT INTO oes.orders (order_id,customer_id,employee_id,order_date,shipped_date,shipper_id,freight_cost) VALUES (10265,7,156,'20180725','20180812',1,55.28);
INSERT INTO oes.orders (order_id,customer_id,employee_id,order_date,shipped_date,shipper_id,freight_cost) VALUES (10266,87,151,'20180726','20180731',3,25.73);
INSERT INTO oes.orders (order_id,customer_id,employee_id,order_date,shipped_date,shipper_id,freight_cost) VALUES (10267,25,169,'20180729','20180806',1,75);
INSERT INTO oes.orders (order_id,customer_id,employee_id,order_date,shipped_date,shipper_id,freight_cost) VALUES (10268,33,148,'20180730','20180802',3,66.29);
INSERT INTO oes.orders (order_id,customer_id,employee_id,order_date,shipped_date,shipper_id,freight_cost) VALUES (10269,89,167,'20180731','20180809',1,4.56);
INSERT INTO oes.orders (order_id,customer_id,employee_id,order_date,shipped_date,shipper_id,freight_cost) VALUES (10270,87,166,'20180801','20180802',1,39);
INSERT INTO oes.orders (order_id,customer_id,employee_id,order_date,shipped_date,shipper_id,freight_cost) VALUES (10271,75,165,'20180801','20180830',2,1.3);
INSERT INTO oes.orders (order_id,customer_id,employee_id,order_date,shipped_date,shipper_id,freight_cost) VALUES (10272,65,149,'20180802','20180806',2,98.03);
INSERT INTO oes.orders (order_id,customer_id,employee_id,order_date,shipped_date,shipper_id,freight_cost) VALUES (10273,63,168,'20180805','20180812',3,76.07);
INSERT INTO oes.orders (order_id,customer_id,employee_id,order_date,shipped_date,shipper_id,freight_cost) VALUES (10274,85,159,'20180806','20180816',1,21.6);
INSERT INTO oes.orders (order_id,customer_id,employee_id,order_date,shipped_date,shipper_id,freight_cost) VALUES (10275,49,146,'20180807','20180809',1,98.2);
INSERT INTO oes.orders (order_id,customer_id,employee_id,order_date,shipped_date,shipper_id,freight_cost) VALUES (10276,80,152,'20180808','20180814',3,38.9);
INSERT INTO oes.orders (order_id,customer_id,employee_id,order_date,shipped_date,shipper_id,freight_cost) VALUES (10277,52,172,'20180809','20180813',3,5.8);
INSERT INTO oes.orders (order_id,customer_id,employee_id,order_date,shipped_date,shipper_id,freight_cost) VALUES (10278,5,177,'20180812','20180816',2,40);
INSERT INTO oes.orders (order_id,customer_id,employee_id,order_date,shipped_date,shipper_id,freight_cost) VALUES (10279,44,148,'20180813','20180816',2,25.83);
INSERT INTO oes.orders (order_id,customer_id,employee_id,order_date,shipped_date,shipper_id,freight_cost) VALUES (10280,5,172,'20180814','20180912',1,52.2);
INSERT INTO oes.orders (order_id,customer_id,employee_id,order_date,shipped_date,shipper_id,freight_cost) VALUES (10281,69,177,'20180814','20180821',1,54.9);
INSERT INTO oes.orders (order_id,customer_id,employee_id,order_date,shipped_date,shipper_id,freight_cost) VALUES (10282,69,162,'20180815','20180821',1,84.2);
INSERT INTO oes.orders (order_id,customer_id,employee_id,order_date,shipped_date,shipper_id,freight_cost) VALUES (10283,46,167,'20180816','20180823',3,84.81);
INSERT INTO oes.orders (order_id,customer_id,employee_id,order_date,shipped_date,shipper_id,freight_cost) VALUES (10284,44,171,'20180819','20180827',1,76.56);
INSERT INTO oes.orders (order_id,customer_id,employee_id,order_date,shipped_date,shipper_id,freight_cost) VALUES (10285,63,156,'20180820','20180826',2,76.83);
INSERT INTO oes.orders (order_id,customer_id,employee_id,order_date,shipped_date,shipper_id,freight_cost) VALUES (10286,63,156,'20180821','20180830',3,7.4);
INSERT INTO oes.orders (order_id,customer_id,employee_id,order_date,shipped_date,shipper_id,freight_cost) VALUES (10287,67,167,'20180822','20180828',3,75.7);
INSERT INTO oes.orders (order_id,customer_id,employee_id,order_date,shipped_date,shipper_id,freight_cost) VALUES (10288,66,172,'20180823','20180903',1,28.7);
INSERT INTO oes.orders (order_id,customer_id,employee_id,order_date,shipped_date,shipper_id,freight_cost) VALUES (10289,11,157,'20180826','20180828',3,92.9);
INSERT INTO oes.orders (order_id,customer_id,employee_id,order_date,shipped_date,shipper_id,freight_cost) VALUES (10290,15,158,'20180827','20180903',1,79.7);
INSERT INTO oes.orders (order_id,customer_id,employee_id,order_date,shipped_date,shipper_id,freight_cost) VALUES (10291,61,158,'20180827','20180904',2,27.3);
INSERT INTO oes.orders (order_id,customer_id,employee_id,order_date,shipped_date,shipper_id,freight_cost) VALUES (10292,81,176,'20180828','20180902',2,19.1);
INSERT INTO oes.orders (order_id,customer_id,employee_id,order_date,shipped_date,shipper_id,freight_cost) VALUES (10293,80,177,'20180829','20180911',3,26);
INSERT INTO oes.orders (order_id,customer_id,employee_id,order_date,shipped_date,shipper_id,freight_cost) VALUES (10294,65,176,'20180830','20180905',2,45);
INSERT INTO oes.orders (order_id,customer_id,employee_id,order_date,shipped_date,shipper_id,freight_cost) VALUES (10295,85,157,'20180902','20180910',2,54.9);
INSERT INTO oes.orders (order_id,customer_id,employee_id,order_date,shipped_date,shipper_id,freight_cost) VALUES (10296,46,146,'20180903','20180911',1,46.4);
INSERT INTO oes.orders (order_id,customer_id,employee_id,order_date,shipped_date,shipper_id,freight_cost) VALUES (10297,7,150,'20180904','20180910',2,5.74);
INSERT INTO oes.orders (order_id,customer_id,employee_id,order_date,shipped_date,shipper_id,freight_cost) VALUES (10298,37,161,'20180905','20180911',2,45.6);
INSERT INTO oes.orders (order_id,customer_id,employee_id,order_date,shipped_date,shipper_id,freight_cost) VALUES (10299,67,153,'20180906','20180913',2,29.76);
INSERT INTO oes.orders (order_id,customer_id,employee_id,order_date,shipped_date,shipper_id,freight_cost) VALUES (10300,49,150,'20180909','20180918',2,17.68);
INSERT INTO oes.orders (order_id,customer_id,employee_id,order_date,shipped_date,shipper_id,freight_cost) VALUES (10301,86,156,'20180909','20180917',2,24);
INSERT INTO oes.orders (order_id,customer_id,employee_id,order_date,shipped_date,shipper_id,freight_cost) VALUES (10302,76,177,'20180910','20181009',2,21.9);
INSERT INTO oes.orders (order_id,customer_id,employee_id,order_date,shipped_date,shipper_id,freight_cost) VALUES (10303,30,166,'20180911','20180918',2,21.9);
INSERT INTO oes.orders (order_id,customer_id,employee_id,order_date,shipped_date,shipper_id,freight_cost) VALUES (10304,80,169,'20180912','20180917',2,63.79);
INSERT INTO oes.orders (order_id,customer_id,employee_id,order_date,shipped_date,shipper_id,freight_cost) VALUES (10305,55,177,'20180913','20181009',3,20.8);
INSERT INTO oes.orders (order_id,customer_id,employee_id,order_date,shipped_date,shipper_id,freight_cost) VALUES (10306,69,153,'20180916','20180923',3,46.7);
INSERT INTO oes.orders (order_id,customer_id,employee_id,order_date,shipped_date,shipper_id,freight_cost) VALUES (10307,48,171,'20180917','20180925',2,4.9);
INSERT INTO oes.orders (order_id,customer_id,employee_id,order_date,shipped_date,shipper_id,freight_cost) VALUES (10308,2,175,'20180918','20180924',3,14.4);
INSERT INTO oes.orders (order_id,customer_id,employee_id,order_date,shipped_date,shipper_id,freight_cost) VALUES (10309,37,166,'20180919','20181023',1,39);
INSERT INTO oes.orders (order_id,customer_id,employee_id,order_date,shipped_date,shipper_id,freight_cost) VALUES (10310,77,162,'20180920','20180927',2,37);
INSERT INTO oes.orders (order_id,customer_id,employee_id,order_date,shipped_date,shipper_id,freight_cost) VALUES (10311,18,162,'20180920','20180926',3,65.7);
INSERT INTO oes.orders (order_id,customer_id,employee_id,order_date,shipped_date,shipper_id,freight_cost) VALUES (10312,86,157,'20180923','20181003',2,40.26);
INSERT INTO oes.orders (order_id,customer_id,employee_id,order_date,shipped_date,shipper_id,freight_cost) VALUES (10313,63,174,'20180924','20181004',2,23);
INSERT INTO oes.orders (order_id,customer_id,employee_id,order_date,shipped_date,shipper_id,freight_cost) VALUES (10314,65,166,'20180925','20181004',2,22.5);
INSERT INTO oes.orders (order_id,customer_id,employee_id,order_date,shipped_date,shipper_id,freight_cost) VALUES (10315,38,170,'20180926','20181003',2,89.7);
INSERT INTO oes.orders (order_id,customer_id,employee_id,order_date,shipped_date,shipper_id,freight_cost) VALUES (10316,65,169,'20180927','20181008',3,11.3);
INSERT INTO oes.orders (order_id,customer_id,employee_id,order_date,shipped_date,shipper_id,freight_cost) VALUES (10317,48,170,'20180930','20181010',1,51.3);
INSERT INTO oes.orders (order_id,customer_id,employee_id,order_date,shipped_date,shipper_id,freight_cost) VALUES (10318,38,174,'20181001','20181004',2,11.1);
INSERT INTO oes.orders (order_id,customer_id,employee_id,order_date,shipped_date,shipper_id,freight_cost) VALUES (10319,80,148,'20181002','20181011',3,64.5);
INSERT INTO oes.orders (order_id,customer_id,employee_id,order_date,shipped_date,shipper_id,freight_cost) VALUES (10320,87,154,'20181003','20181018',3,34.57);
INSERT INTO oes.orders (order_id,customer_id,employee_id,order_date,shipped_date,shipper_id,freight_cost) VALUES (10321,38,151,'20181003','20181011',2,3.43);
INSERT INTO oes.orders (order_id,customer_id,employee_id,order_date,shipped_date,shipper_id,freight_cost) VALUES (10322,58,170,'20181004','20181023',3,13.2);
INSERT INTO oes.orders (order_id,customer_id,employee_id,order_date,shipped_date,shipper_id,freight_cost) VALUES (10323,39,161,'20181007','20181014',1,41.4);
INSERT INTO oes.orders (order_id,customer_id,employee_id,order_date,shipped_date,shipper_id,freight_cost) VALUES (10324,71,163,'20181008','20181010',1,50);
INSERT INTO oes.orders (order_id,customer_id,employee_id,order_date,shipped_date,shipper_id,freight_cost) VALUES (10325,39,149,'20181009','20181014',3,49);
INSERT INTO oes.orders (order_id,customer_id,employee_id,order_date,shipped_date,shipper_id,freight_cost) VALUES (10326,8,150,'20181010','20181014',2,32);
INSERT INTO oes.orders (order_id,customer_id,employee_id,order_date,shipped_date,shipper_id,freight_cost) VALUES (10327,24,162,'20181011','20181014',1,25);
INSERT INTO oes.orders (order_id,customer_id,employee_id,order_date,shipped_date,shipper_id,freight_cost) VALUES (10328,28,167,'20181014','20181017',3,87.03);
INSERT INTO oes.orders (order_id,customer_id,employee_id,order_date,shipped_date,shipper_id,freight_cost) VALUES (10329,75,148,'20181015','20181023',2,23);
INSERT INTO oes.orders (order_id,customer_id,employee_id,order_date,shipped_date,shipper_id,freight_cost) VALUES (10330,46,150,'20181016','20181028',1,88);
INSERT INTO oes.orders (order_id,customer_id,employee_id,order_date,shipped_date,shipper_id,freight_cost) VALUES (10331,9,155,'20181016','20181021',1,30);
INSERT INTO oes.orders (order_id,customer_id,employee_id,order_date,shipped_date,shipper_id,freight_cost) VALUES (10332,51,162,'20181017','20181021',2,35);
INSERT INTO oes.orders (order_id,customer_id,employee_id,order_date,shipped_date,shipper_id,freight_cost) VALUES (10333,87,159,'20181018','20181025',3,33.4);
INSERT INTO oes.orders (order_id,customer_id,employee_id,order_date,shipped_date,shipper_id,freight_cost) VALUES (10334,84,151,'20181021','20181028',2,22.5);
INSERT INTO oes.orders (order_id,customer_id,employee_id,order_date,shipped_date,shipper_id,freight_cost) VALUES (10335,37,163,'20181022','20181024',2,40);
INSERT INTO oes.orders (order_id,customer_id,employee_id,order_date,shipped_date,shipper_id,freight_cost) VALUES (10336,60,175,'20181023','20181025',2,15.51);
INSERT INTO oes.orders (order_id,customer_id,employee_id,order_date,shipped_date,shipper_id,freight_cost) VALUES (10337,25,156,'20181024','20181029',3,42);
INSERT INTO oes.orders (order_id,customer_id,employee_id,order_date,shipped_date,shipper_id,freight_cost) VALUES (10338,55,172,'20181025','20181029',3,84.21);
INSERT INTO oes.orders (order_id,customer_id,employee_id,order_date,shipped_date,shipper_id,freight_cost) VALUES (10339,51,152,'20181028','20181104',2,40.1);
INSERT INTO oes.orders (order_id,customer_id,employee_id,order_date,shipped_date,shipper_id,freight_cost) VALUES (10340,9,176,'20181029','20181108',3,13.7);
INSERT INTO oes.orders (order_id,customer_id,employee_id,order_date,shipped_date,shipper_id,freight_cost) VALUES (10341,73,147,'20181029','20181105',3,70.8);
INSERT INTO oes.orders (order_id,customer_id,employee_id,order_date,shipped_date,shipper_id,freight_cost) VALUES (10342,25,159,'20181030','20181104',2,42);
INSERT INTO oes.orders (order_id,customer_id,employee_id,order_date,shipped_date,shipper_id,freight_cost) VALUES (10343,44,172,'20181031','20181106',1,44);
INSERT INTO oes.orders (order_id,customer_id,employee_id,order_date,shipped_date,shipper_id,freight_cost) VALUES (10344,89,149,'20181101','20181105',2,23.29);
INSERT INTO oes.orders (order_id,customer_id,employee_id,order_date,shipped_date,shipper_id,freight_cost) VALUES (10345,63,170,'20181104','20181111',2,42);
INSERT INTO oes.orders (order_id,customer_id,employee_id,order_date,shipped_date,shipper_id,freight_cost) VALUES (10346,65,145,'20181105','20181108',3,43);
INSERT INTO oes.orders (order_id,customer_id,employee_id,order_date,shipped_date,shipper_id,freight_cost) VALUES (10347,21,168,'20181106','20181108',3,38.7);
INSERT INTO oes.orders (order_id,customer_id,employee_id,order_date,shipped_date,shipper_id,freight_cost) VALUES (10348,86,159,'20181107','20181115',2,49.4);
INSERT INTO oes.orders (order_id,customer_id,employee_id,order_date,shipped_date,shipper_id,freight_cost) VALUES (10349,75,163,'20181108','20181115',1,28.2);
INSERT INTO oes.orders (order_id,customer_id,employee_id,order_date,shipped_date,shipper_id,freight_cost) VALUES (10350,41,159,'20181111','20181203',2,21);
INSERT INTO oes.orders (order_id,customer_id,employee_id,order_date,shipped_date,shipper_id,freight_cost) VALUES (10351,20,159,'20181111','20181120',1,43);
INSERT INTO oes.orders (order_id,customer_id,employee_id,order_date,shipped_date,shipper_id,freight_cost) VALUES (10352,28,149,'20181112','20181118',3,50.8);
INSERT INTO oes.orders (order_id,customer_id,employee_id,order_date,shipped_date,shipper_id,freight_cost) VALUES (10353,59,152,'20181113','20181125',3,48.9);
INSERT INTO oes.orders (order_id,customer_id,employee_id,order_date,shipped_date,shipper_id,freight_cost) VALUES (10354,58,171,'20181114','20181120',3,53.8);
INSERT INTO oes.orders (order_id,customer_id,employee_id,order_date,shipped_date,shipper_id,freight_cost) VALUES (10355,4,151,'20181115','20181120',1,42);
INSERT INTO oes.orders (order_id,customer_id,employee_id,order_date,shipped_date,shipper_id,freight_cost) VALUES (10356,86,176,'20181118','20181127',2,36.71);
INSERT INTO oes.orders (order_id,customer_id,employee_id,order_date,shipped_date,shipper_id,freight_cost) VALUES (10357,46,160,'20181119','20181202',3,20);
INSERT INTO oes.orders (order_id,customer_id,employee_id,order_date,shipped_date,shipper_id,freight_cost) VALUES (10358,41,171,'20181120','20181127',1,34);
INSERT INTO oes.orders (order_id,customer_id,employee_id,order_date,shipped_date,shipper_id,freight_cost) VALUES (10359,72,159,'20181121','20181126',3,73.8);
INSERT INTO oes.orders (order_id,customer_id,employee_id,order_date,shipped_date,shipper_id,freight_cost) VALUES (10360,7,151,'20181122','20181202',3,28);
INSERT INTO oes.orders (order_id,customer_id,employee_id,order_date,shipped_date,shipper_id,freight_cost) VALUES (10361,63,170,'20181122','20181203',2,37.7);
INSERT INTO oes.orders (order_id,customer_id,employee_id,order_date,shipped_date,shipper_id,freight_cost) VALUES (10362,9,166,'20181125','20181128',1,96.04);
INSERT INTO oes.orders (order_id,customer_id,employee_id,order_date,shipped_date,shipper_id,freight_cost) VALUES (10363,17,166,'20181126','20181204',3,30.54);
INSERT INTO oes.orders (order_id,customer_id,employee_id,order_date,shipped_date,shipper_id,freight_cost) VALUES (10364,19,146,'20181126','20181204',1,71.97);
INSERT INTO oes.orders (order_id,customer_id,employee_id,order_date,shipped_date,shipper_id,freight_cost) VALUES (10365,3,166,'20181127','20181202',2,22);
INSERT INTO oes.orders (order_id,customer_id,employee_id,order_date,shipped_date,shipper_id,freight_cost) VALUES (10366,29,156,'20181128','20181230',2,10.14);
INSERT INTO oes.orders (order_id,customer_id,employee_id,order_date,shipped_date,shipper_id,freight_cost) VALUES (10367,83,149,'20181128','20181202',3,86.9);
INSERT INTO oes.orders (order_id,customer_id,employee_id,order_date,shipped_date,shipper_id,freight_cost) VALUES (10368,20,146,'20181129','20181202',2,47);
INSERT INTO oes.orders (order_id,customer_id,employee_id,order_date,shipped_date,shipper_id,freight_cost) VALUES (10369,75,167,'20181202','20181209',2,35);
INSERT INTO oes.orders (order_id,customer_id,employee_id,order_date,shipped_date,shipper_id,freight_cost) VALUES (10370,14,148,'20181203','20181227',2,89);
INSERT INTO oes.orders (order_id,customer_id,employee_id,order_date,shipped_date,shipper_id,freight_cost) VALUES (10371,41,171,'20181203','20181224',1,20.9);
INSERT INTO oes.orders (order_id,customer_id,employee_id,order_date,shipped_date,shipper_id,freight_cost) VALUES (10372,62,175,'20181204','20181209',2,89.1);
INSERT INTO oes.orders (order_id,customer_id,employee_id,order_date,shipped_date,shipper_id,freight_cost) VALUES (10373,37,158,'20181205','20181211',3,25.7);
INSERT INTO oes.orders (order_id,customer_id,employee_id,order_date,shipped_date,shipper_id,freight_cost) VALUES (10374,91,173,'20181205','20181209',3,11.8);
INSERT INTO oes.orders (order_id,customer_id,employee_id,order_date,shipped_date,shipper_id,freight_cost) VALUES (10375,36,177,'20181206','20181209',2,20.12);
INSERT INTO oes.orders (order_id,customer_id,employee_id,order_date,shipped_date,shipper_id,freight_cost) VALUES (10376,51,152,'20181209','20181213',2,20.39);
INSERT INTO oes.orders (order_id,customer_id,employee_id,order_date,shipped_date,shipper_id,freight_cost) VALUES (10377,72,164,'20181209','20181213',3,3);
INSERT INTO oes.orders (order_id,customer_id,employee_id,order_date,shipped_date,shipper_id,freight_cost) VALUES (10378,24,147,'20181210','20181219',3,17.4);
INSERT INTO oes.orders (order_id,customer_id,employee_id,order_date,shipped_date,shipper_id,freight_cost) VALUES (10379,61,146,'20181211','20181213',1,20);
INSERT INTO oes.orders (order_id,customer_id,employee_id,order_date,shipped_date,shipper_id,freight_cost) VALUES (10380,37,157,'20181212','20190116',3,79.7);
INSERT INTO oes.orders (order_id,customer_id,employee_id,order_date,shipped_date,shipper_id,freight_cost) VALUES (10381,46,152,'20181212','20181213',3,1.9);
INSERT INTO oes.orders (order_id,customer_id,employee_id,order_date,shipped_date,shipper_id,freight_cost) VALUES (10382,20,176,'20181213','20181216',1,30.5);
INSERT INTO oes.orders (order_id,customer_id,employee_id,order_date,shipped_date,shipper_id,freight_cost) VALUES (10383,4,148,'20181216','20181218',3,93.2);
INSERT INTO oes.orders (order_id,customer_id,employee_id,order_date,shipped_date,shipper_id,freight_cost) VALUES (10384,5,177,'20181216','20181220',3,39);
INSERT INTO oes.orders (order_id,customer_id,employee_id,order_date,shipped_date,shipper_id,freight_cost) VALUES (10385,75,172,'20181217','20181223',2,30.96);
INSERT INTO oes.orders (order_id,customer_id,employee_id,order_date,shipped_date,shipper_id,freight_cost) VALUES (10386,21,157,'20181218','20181225',3,87.5);
INSERT INTO oes.orders (order_id,customer_id,employee_id,order_date,shipped_date,shipper_id,freight_cost) VALUES (10387,70,153,'20181218','20181220',2,93.63);
INSERT INTO oes.orders (order_id,customer_id,employee_id,order_date,shipped_date,shipper_id,freight_cost) VALUES (10388,72,173,'20181219','20181220',1,34.86);
INSERT INTO oes.orders (order_id,customer_id,employee_id,order_date,shipped_date,shipper_id,freight_cost) VALUES (10389,10,159,'20181220','20181224',2,47.42);
INSERT INTO oes.orders (order_id,customer_id,employee_id,order_date,shipped_date,shipper_id,freight_cost) VALUES (10390,20,177,'20181223','20181226',1,21.4);
INSERT INTO oes.orders (order_id,customer_id,employee_id,order_date,shipped_date,shipper_id,freight_cost) VALUES (10391,17,162,'20181223','20181231',3,5.45);
INSERT INTO oes.orders (order_id,customer_id,employee_id,order_date,shipped_date,shipper_id,freight_cost) VALUES (10392,59,158,'20181224','20190101',3,16.8);
INSERT INTO oes.orders (order_id,customer_id,employee_id,order_date,shipped_date,shipper_id,freight_cost) VALUES (10393,71,175,'20181225','20190103',3,21);
INSERT INTO oes.orders (order_id,customer_id,employee_id,order_date,shipped_date,shipper_id,freight_cost) VALUES (10394,36,174,'20181225','20190103',3,7.1);
INSERT INTO oes.orders (order_id,customer_id,employee_id,order_date,shipped_date,shipper_id,freight_cost) VALUES (10395,35,173,'20181226','20190103',1,36.3);
INSERT INTO oes.orders (order_id,customer_id,employee_id,order_date,shipped_date,shipper_id,freight_cost) VALUES (10396,25,173,'20181227','20190106',3,43);
INSERT INTO oes.orders (order_id,customer_id,employee_id,order_date,shipped_date,shipper_id,freight_cost) VALUES (10397,60,158,'20181227','20190102',1,60.26);
INSERT INTO oes.orders (order_id,customer_id,employee_id,order_date,shipped_date,shipper_id,freight_cost) VALUES (10398,71,146,'20181230','20190109',3,24.2);
INSERT INTO oes.orders (order_id,customer_id,employee_id,order_date,shipped_date,shipper_id,freight_cost) VALUES (10399,83,146,'20181231','20190108',3,27.36);
INSERT INTO oes.orders (order_id,customer_id,employee_id,order_date,shipped_date,shipper_id,freight_cost) VALUES (10400,19,149,'20190101','20190116',3,83.93);
INSERT INTO oes.orders (order_id,customer_id,employee_id,order_date,shipped_date,shipper_id,freight_cost) VALUES (10401,65,173,'20190101','20190110',1,93.7);
INSERT INTO oes.orders (order_id,customer_id,employee_id,order_date,shipped_date,shipper_id,freight_cost) VALUES (10402,20,162,'20190102','20190110',2,67.88);
INSERT INTO oes.orders (order_id,customer_id,employee_id,order_date,shipped_date,shipper_id,freight_cost) VALUES (10403,20,175,'20190103','20190109',3,73.79);
INSERT INTO oes.orders (order_id,customer_id,employee_id,order_date,shipped_date,shipper_id,freight_cost) VALUES (10404,49,172,'20190103','20190108',1,35);
INSERT INTO oes.orders (order_id,customer_id,employee_id,order_date,shipped_date,shipper_id,freight_cost) VALUES (10405,47,177,'20190106','20190122',1,34.82);
INSERT INTO oes.orders (order_id,customer_id,employee_id,order_date,shipped_date,shipper_id,freight_cost) VALUES (10406,62,159,'20190107','20190113',1,36);
INSERT INTO oes.orders (order_id,customer_id,employee_id,order_date,shipped_date,shipper_id,freight_cost) VALUES (10407,56,146,'20190107','20190130',2,91.48);
INSERT INTO oes.orders (order_id,customer_id,employee_id,order_date,shipped_date,shipper_id,freight_cost) VALUES (10408,23,163,'20190108','20190114',1,40.5);
INSERT INTO oes.orders (order_id,customer_id,employee_id,order_date,shipped_date,shipper_id,freight_cost) VALUES (10409,54,152,'20190109','20190114',1,29.83);
INSERT INTO oes.orders (order_id,customer_id,employee_id,order_date,shipped_date,shipper_id,freight_cost) VALUES (10410,10,155,'20190110','20190115',3,44.7);
INSERT INTO oes.orders (order_id,customer_id,employee_id,order_date,shipped_date,shipper_id,freight_cost) VALUES (10411,10,150,'20190110','20190121',3,86.1);
INSERT INTO oes.orders (order_id,customer_id,employee_id,order_date,shipped_date,shipper_id,freight_cost) VALUES (10412,87,175,'20190113','20190115',2,3.77);
INSERT INTO oes.orders (order_id,customer_id,employee_id,order_date,shipped_date,shipper_id,freight_cost) VALUES (10413,41,153,'20190114','20190116',2,95.66);
INSERT INTO oes.orders (order_id,customer_id,employee_id,order_date,shipped_date,shipper_id,freight_cost) VALUES (10414,21,162,'20190114','20190117',3,21.48);
INSERT INTO oes.orders (order_id,customer_id,employee_id,order_date,shipped_date,shipper_id,freight_cost) VALUES (10415,36,175,'20190115','20190124',1,12.8);
INSERT INTO oes.orders (order_id,customer_id,employee_id,order_date,shipped_date,shipper_id,freight_cost) VALUES (10416,87,153,'20190116','20190127',3,33);
INSERT INTO oes.orders (order_id,customer_id,employee_id,order_date,shipped_date,shipper_id,freight_cost) VALUES (10417,73,153,'20190116','20190128',3,70.29);
INSERT INTO oes.orders (order_id,customer_id,employee_id,order_date,shipped_date,shipper_id,freight_cost) VALUES (10418,63,154,'20190117','20190124',1,97.4);
INSERT INTO oes.orders (order_id,customer_id,employee_id,order_date,shipped_date,shipper_id,freight_cost) VALUES (10419,68,168,'20190120','20190130',2,40);
INSERT INTO oes.orders (order_id,customer_id,employee_id,order_date,shipped_date,shipper_id,freight_cost) VALUES (10420,88,154,'20190121','20190127',1,44.12);
INSERT INTO oes.orders (order_id,customer_id,employee_id,order_date,shipped_date,shipper_id,freight_cost) VALUES (10421,61,174,'20190121','20190127',1,26);
INSERT INTO oes.orders (order_id,customer_id,employee_id,order_date,shipped_date,shipper_id,freight_cost) VALUES (10422,27,164,'20190122','20190131',1,77.3);
INSERT INTO oes.orders (order_id,customer_id,employee_id,order_date,shipped_date,shipper_id,freight_cost) VALUES (10423,31,169,'20190123','20190224',3,70.7);
INSERT INTO oes.orders (order_id,customer_id,employee_id,order_date,shipped_date,shipper_id,freight_cost) VALUES (10424,51,157,'20190123','20190127',2,24);
INSERT INTO oes.orders (order_id,customer_id,employee_id,order_date,shipped_date,shipper_id,freight_cost) VALUES (10425,41,157,'20190124','20190214',2,22.7);
INSERT INTO oes.orders (order_id,customer_id,employee_id,order_date,shipped_date,shipper_id,freight_cost) VALUES (10426,29,159,'20190127','20190206',1,20);
INSERT INTO oes.orders (order_id,customer_id,employee_id,order_date,shipped_date,shipper_id,freight_cost) VALUES (10427,59,161,'20190127','20190303',2,2);
INSERT INTO oes.orders (order_id,customer_id,employee_id,order_date,shipped_date,shipper_id,freight_cost) VALUES (10428,66,173,'20190128','20190204',1,11.09);
INSERT INTO oes.orders (order_id,customer_id,employee_id,order_date,shipped_date,shipper_id,freight_cost) VALUES (10429,37,156,'20190129','20190207',2,36);
INSERT INTO oes.orders (order_id,customer_id,employee_id,order_date,shipped_date,shipper_id,freight_cost) VALUES (10430,20,164,'20190130','20190203',1,33);
INSERT INTO oes.orders (order_id,customer_id,employee_id,order_date,shipped_date,shipper_id,freight_cost) VALUES (10431,10,158,'20190130','20190207',2,91.4);
INSERT INTO oes.orders (order_id,customer_id,employee_id,order_date,shipped_date,shipper_id,freight_cost) VALUES (10432,75,159,'20190131','20190207',2,96.5);
INSERT INTO oes.orders (order_id,customer_id,employee_id,order_date,shipped_date,shipper_id,freight_cost) VALUES (10433,60,174,'20190203','20190304',3,73.83);
INSERT INTO oes.orders (order_id,customer_id,employee_id,order_date,shipped_date,shipper_id,freight_cost) VALUES (10434,24,168,'20190203','20190213',2,39.2);
INSERT INTO oes.orders (order_id,customer_id,employee_id,order_date,shipped_date,shipper_id,freight_cost) VALUES (10435,16,154,'20190204','20190207',2,40);
INSERT INTO oes.orders (order_id,customer_id,employee_id,order_date,shipped_date,shipper_id,freight_cost) VALUES (10436,7,146,'20190205','20190211',2,47);
INSERT INTO oes.orders (order_id,customer_id,employee_id,order_date,shipped_date,shipper_id,freight_cost) VALUES (10437,87,164,'20190205','20190212',1,19.97);
INSERT INTO oes.orders (order_id,customer_id,employee_id,order_date,shipped_date,shipper_id,freight_cost) VALUES (10438,79,168,'20190206','20190214',2,38);
INSERT INTO oes.orders (order_id,customer_id,employee_id,order_date,shipped_date,shipper_id,freight_cost) VALUES (10439,51,174,'20190207','20190210',3,83);
INSERT INTO oes.orders (order_id,customer_id,employee_id,order_date,shipped_date,shipper_id,freight_cost) VALUES (10440,71,147,'20190210','20190228',2,86.53);
INSERT INTO oes.orders (order_id,customer_id,employee_id,order_date,shipped_date,shipper_id,freight_cost) VALUES (10441,55,156,'20190210','20190314',2,13.2);
INSERT INTO oes.orders (order_id,customer_id,employee_id,order_date,shipped_date,shipper_id,freight_cost) VALUES (10442,20,154,'20190211','20190218',2,47.94);
INSERT INTO oes.orders (order_id,customer_id,employee_id,order_date,shipped_date,shipper_id,freight_cost) VALUES (10443,66,151,'20190212','20190214',1,33.8);
INSERT INTO oes.orders (order_id,customer_id,employee_id,order_date,shipped_date,shipper_id,freight_cost) VALUES (10444,5,158,'20190212','20190221',3,96.4);
INSERT INTO oes.orders (order_id,customer_id,employee_id,order_date,shipped_date,shipper_id,freight_cost) VALUES (10445,5,160,'20190213','20190220',1,29.8);
INSERT INTO oes.orders (order_id,customer_id,employee_id,order_date,shipped_date,shipper_id,freight_cost) VALUES (10446,79,168,'20190214','20190219',1,80.8);
INSERT INTO oes.orders (order_id,customer_id,employee_id,order_date,shipped_date,shipper_id,freight_cost) VALUES (10447,67,160,'20190214','20190307',2,68.66);
INSERT INTO oes.orders (order_id,customer_id,employee_id,order_date,shipped_date,shipper_id,freight_cost) VALUES (10448,64,155,'20190217','20190224',2,44);
INSERT INTO oes.orders (order_id,customer_id,employee_id,order_date,shipped_date,shipper_id,freight_cost) VALUES (10449,7,150,'20190218','20190227',2,53.3);
INSERT INTO oes.orders (order_id,customer_id,employee_id,order_date,shipped_date,shipper_id,freight_cost) VALUES (10450,84,146,'20190219','20190311',2,49.5);
INSERT INTO oes.orders (order_id,customer_id,employee_id,order_date,shipped_date,shipper_id,freight_cost) VALUES (10451,63,148,'20190219','20190312',3,36);
INSERT INTO oes.orders (order_id,customer_id,employee_id,order_date,shipped_date,shipper_id,freight_cost) VALUES (10452,71,160,'20190220','20190226',1,30.5);
INSERT INTO oes.orders (order_id,customer_id,employee_id,order_date,shipped_date,shipper_id,freight_cost) VALUES (10453,4,171,'20190221','20190226',2,72);
INSERT INTO oes.orders (order_id,customer_id,employee_id,order_date,shipped_date,shipper_id,freight_cost) VALUES (10454,41,173,'20190221','20190225',3,23.1);
INSERT INTO oes.orders (order_id,customer_id,employee_id,order_date,shipped_date,shipper_id,freight_cost) VALUES (10455,87,145,'20190224','20190303',2,44.8);
INSERT INTO oes.orders (order_id,customer_id,employee_id,order_date,shipped_date,shipper_id,freight_cost) VALUES (10456,39,174,'20190225','20190228',2,35.9);
INSERT INTO oes.orders (order_id,customer_id,employee_id,order_date,shipped_date,shipper_id,freight_cost) VALUES (10457,39,158,'20190225','20190303',1,53.9);
INSERT INTO oes.orders (order_id,customer_id,employee_id,order_date,shipped_date,shipper_id,freight_cost) VALUES (10458,76,153,'20190226','20190304',3,20);
INSERT INTO oes.orders (order_id,customer_id,employee_id,order_date,shipped_date,shipper_id,freight_cost) VALUES (10459,84,145,'20190227','20190228',2,25.09);
INSERT INTO oes.orders (order_id,customer_id,employee_id,order_date,shipped_date,shipper_id,freight_cost) VALUES (10460,24,170,'20190228','20190303',1,16.27);
INSERT INTO oes.orders (order_id,customer_id,employee_id,order_date,shipped_date,shipper_id,freight_cost) VALUES (10461,46,169,'20190228','20190305',3,27);
INSERT INTO oes.orders (order_id,customer_id,employee_id,order_date,shipped_date,shipper_id,freight_cost) VALUES (10462,16,162,'20190303','20190318',1,18.9);
INSERT INTO oes.orders (order_id,customer_id,employee_id,order_date,shipped_date,shipper_id,freight_cost) VALUES (10463,76,175,'20190304','20190306',3,64.6);
INSERT INTO oes.orders (order_id,customer_id,employee_id,order_date,shipped_date,shipper_id,freight_cost) VALUES (10464,28,157,'20190304','20190314',2,89);
INSERT INTO oes.orders (order_id,customer_id,employee_id,order_date,shipped_date,shipper_id,freight_cost) VALUES (10465,83,146,'20190305','20190314',3,27);
INSERT INTO oes.orders (order_id,customer_id,employee_id,order_date,shipped_date,shipper_id,freight_cost) VALUES (10466,15,155,'20190306','20190313',1,32.9);
INSERT INTO oes.orders (order_id,customer_id,employee_id,order_date,shipped_date,shipper_id,freight_cost) VALUES (10467,49,168,'20190306','20190311',2,61.4);
INSERT INTO oes.orders (order_id,customer_id,employee_id,order_date,shipped_date,shipper_id,freight_cost) VALUES (10468,39,146,'20190307','20190312',3,44.12);
INSERT INTO oes.orders (order_id,customer_id,employee_id,order_date,shipped_date,shipper_id,freight_cost) VALUES (10469,89,169,'20190310','20190314',1,38);
INSERT INTO oes.orders (order_id,customer_id,employee_id,order_date,shipped_date,shipper_id,freight_cost) VALUES (10470,9,167,'20190311','20190314',2,64.56);
INSERT INTO oes.orders (order_id,customer_id,employee_id,order_date,shipped_date,shipper_id,freight_cost) VALUES (10471,11,146,'20190311','20190318',3,98.8);
INSERT INTO oes.orders (order_id,customer_id,employee_id,order_date,shipped_date,shipper_id,freight_cost) VALUES (10472,72,175,'20190312','20190319',1,34.8);
INSERT INTO oes.orders (order_id,customer_id,employee_id,order_date,shipped_date,shipper_id,freight_cost) VALUES (10473,38,162,'20190313','20190321',3,16.37);
INSERT INTO oes.orders (order_id,customer_id,employee_id,order_date,shipped_date,shipper_id,freight_cost) VALUES (10474,58,147,'20190313','20190321',2,16.7);
INSERT INTO oes.orders (order_id,customer_id,employee_id,order_date,shipped_date,shipper_id,freight_cost) VALUES (10475,76,155,'20190314','20190404',1,15.9);
INSERT INTO oes.orders (order_id,customer_id,employee_id,order_date,shipped_date,shipper_id,freight_cost) VALUES (10476,35,165,'20190317','20190324',3,19.2);
INSERT INTO oes.orders (order_id,customer_id,employee_id,order_date,shipped_date,shipper_id,freight_cost) VALUES (10477,60,169,'20190317','20190325',2,71.5);
INSERT INTO oes.orders (order_id,customer_id,employee_id,order_date,shipped_date,shipper_id,freight_cost) VALUES (10478,84,174,'20190318','20190326',3,27.7);
INSERT INTO oes.orders (order_id,customer_id,employee_id,order_date,shipped_date,shipper_id,freight_cost) VALUES (10479,65,168,'20190319','20190321',3,33);
INSERT INTO oes.orders (order_id,customer_id,employee_id,order_date,shipped_date,shipper_id,freight_cost) VALUES (10480,23,169,'20190320','20190324',2,71.5);
INSERT INTO oes.orders (order_id,customer_id,employee_id,order_date,shipped_date,shipper_id,freight_cost) VALUES (10481,67,168,'20190320','20190325',2,64.33);
INSERT INTO oes.orders (order_id,customer_id,employee_id,order_date,shipped_date,shipper_id,freight_cost) VALUES (10482,43,159,'20190321','20190410',3,7.48);
INSERT INTO oes.orders (order_id,customer_id,employee_id,order_date,shipped_date,shipper_id,freight_cost) VALUES (10483,89,148,'20190324','20190425',2,63.8);
INSERT INTO oes.orders (order_id,customer_id,employee_id,order_date,shipped_date,shipper_id,freight_cost) VALUES (10484,11,158,'20190324','20190401',3,32.8);
INSERT INTO oes.orders (order_id,customer_id,employee_id,order_date,shipped_date,shipper_id,freight_cost) VALUES (10485,47,160,'20190325','20190331',2,37);
INSERT INTO oes.orders (order_id,customer_id,employee_id,order_date,shipped_date,shipper_id,freight_cost) VALUES (10486,35,169,'20190326','20190402',2,30.53);
INSERT INTO oes.orders (order_id,customer_id,employee_id,order_date,shipped_date,shipper_id,freight_cost) VALUES (10487,62,165,'20190326','20190328',2,29);
INSERT INTO oes.orders (order_id,customer_id,employee_id,order_date,shipped_date,shipper_id,freight_cost) VALUES (10488,25,161,'20190327','20190402',2,53.8);
INSERT INTO oes.orders (order_id,customer_id,employee_id,order_date,shipped_date,shipper_id,freight_cost) VALUES (10489,59,150,'20190328','20190409',2,41);
INSERT INTO oes.orders (order_id,customer_id,employee_id,order_date,shipped_date,shipper_id,freight_cost) VALUES (10490,35,150,'20190331','20190403',2,47);
INSERT INTO oes.orders (order_id,customer_id,employee_id,order_date,shipped_date,shipper_id,freight_cost) VALUES (10491,28,173,'20190331','20190408',3,38.7);
INSERT INTO oes.orders (order_id,customer_id,employee_id,order_date,shipped_date,shipper_id,freight_cost) VALUES (10492,10,152,'20190401','20190411',1,62.89);
INSERT INTO oes.orders (order_id,customer_id,employee_id,order_date,shipped_date,shipper_id,freight_cost) VALUES (10493,41,168,'20190402','20190410',3,28.9);
INSERT INTO oes.orders (order_id,customer_id,employee_id,order_date,shipped_date,shipper_id,freight_cost) VALUES (10494,15,151,'20190402','20190409',2,65.99);
INSERT INTO oes.orders (order_id,customer_id,employee_id,order_date,shipped_date,shipper_id,freight_cost) VALUES (10495,42,172,'20190403','20190411',3,23.6);
INSERT INTO oes.orders (order_id,customer_id,employee_id,order_date,shipped_date,shipper_id,freight_cost) VALUES (10496,81,158,'20190404','20190407',2,8.3);
INSERT INTO oes.orders (order_id,customer_id,employee_id,order_date,shipped_date,shipper_id,freight_cost) VALUES (10497,44,159,'20190404','20190407',1,95.8);
INSERT INTO oes.orders (order_id,customer_id,employee_id,order_date,shipped_date,shipper_id,freight_cost) VALUES (10498,35,162,'20190407','20190411',2,96.5);
INSERT INTO oes.orders (order_id,customer_id,employee_id,order_date,shipped_date,shipper_id,freight_cost) VALUES (10499,46,160,'20190408','20190416',2,18.2);
INSERT INTO oes.orders (order_id,customer_id,employee_id,order_date,shipped_date,shipper_id,freight_cost) VALUES (10500,41,168,'20190409','20190417',1,42.68);
INSERT INTO oes.orders (order_id,customer_id,employee_id,order_date,shipped_date,shipper_id,freight_cost) VALUES (10501,6,162,'20190409','20190416',3,28.7);
INSERT INTO oes.orders (order_id,customer_id,employee_id,order_date,shipped_date,shipper_id,freight_cost) VALUES (10502,58,173,'20190410','20190429',1,69.32);
INSERT INTO oes.orders (order_id,customer_id,employee_id,order_date,shipped_date,shipper_id,freight_cost) VALUES (10503,37,158,'20190411','20190416',2,16.74);
INSERT INTO oes.orders (order_id,customer_id,employee_id,order_date,shipped_date,shipper_id,freight_cost) VALUES (10504,89,170,'20190411','20190418',3,35);
INSERT INTO oes.orders (order_id,customer_id,employee_id,order_date,shipped_date,shipper_id,freight_cost) VALUES (10505,51,159,'20190414','20190421',3,7.13);
INSERT INTO oes.orders (order_id,customer_id,employee_id,order_date,shipped_date,shipper_id,freight_cost) VALUES (10506,39,176,'20190415','20190502',2,50.9);
INSERT INTO oes.orders (order_id,customer_id,employee_id,order_date,shipped_date,shipper_id,freight_cost) VALUES (10507,3,168,'20190415','20190422',1,47.45);
INSERT INTO oes.orders (order_id,customer_id,employee_id,order_date,shipped_date,shipper_id,freight_cost) VALUES (10508,56,155,'20190416','20190513',2,4.99);
INSERT INTO oes.orders (order_id,customer_id,employee_id,order_date,shipped_date,shipper_id,freight_cost) VALUES (10509,6,176,'20190417','20190429',1,1.2);
INSERT INTO oes.orders (order_id,customer_id,employee_id,order_date,shipped_date,shipper_id,freight_cost) VALUES (10510,71,154,'20190418','20190428',3,20.5);
INSERT INTO oes.orders (order_id,customer_id,employee_id,order_date,shipped_date,shipper_id,freight_cost) VALUES (10511,9,158,'20190418','20190421',3,28.1);
INSERT INTO oes.orders (order_id,customer_id,employee_id,order_date,shipped_date,shipper_id,freight_cost) VALUES (10512,21,150,'20190421','20190424',2,86.6);
INSERT INTO oes.orders (order_id,customer_id,employee_id,order_date,shipped_date,shipper_id,freight_cost) VALUES (10513,86,163,'20190422','20190428',1,32);
INSERT INTO oes.orders (order_id,customer_id,employee_id,order_date,shipped_date,shipper_id,freight_cost) VALUES (10514,20,176,'20190422','20190516',2,40);
INSERT INTO oes.orders (order_id,customer_id,employee_id,order_date,shipped_date,shipper_id,freight_cost) VALUES (10515,63,176,'20190423','20190523',1,37);
INSERT INTO oes.orders (order_id,customer_id,employee_id,order_date,shipped_date,shipper_id,freight_cost) VALUES (10516,37,168,'20190424','20190501',3,62.78);
INSERT INTO oes.orders (order_id,customer_id,employee_id,order_date,shipped_date,shipper_id,freight_cost) VALUES (10517,53,173,'20190424','20190429',3,89);
INSERT INTO oes.orders (order_id,customer_id,employee_id,order_date,shipped_date,shipper_id,freight_cost) VALUES (10518,80,157,'20190425','20190505',2,20);
INSERT INTO oes.orders (order_id,customer_id,employee_id,order_date,shipped_date,shipper_id,freight_cost) VALUES (10519,14,145,'20190428','20190501',3,36);
INSERT INTO oes.orders (order_id,customer_id,employee_id,order_date,shipped_date,shipper_id,freight_cost) VALUES (10520,70,177,'20190429','20190501',1,52.8);
INSERT INTO oes.orders (order_id,customer_id,employee_id,order_date,shipped_date,shipper_id,freight_cost) VALUES (10521,12,166,'20190429','20190502',2,17.22);
INSERT INTO oes.orders (order_id,customer_id,employee_id,order_date,shipped_date,shipper_id,freight_cost) VALUES (10522,44,177,'20190430','20190506',1,33);
INSERT INTO oes.orders (order_id,customer_id,employee_id,order_date,shipped_date,shipper_id,freight_cost) VALUES (10523,72,149,'20190501','20190530',2,77.63);
INSERT INTO oes.orders (order_id,customer_id,employee_id,order_date,shipped_date,shipper_id,freight_cost) VALUES (10524,5,147,'20190501','20190507',2,25);
INSERT INTO oes.orders (order_id,customer_id,employee_id,order_date,shipped_date,shipper_id,freight_cost) VALUES (10525,9,171,'20190502','20190523',2,37.5);
INSERT INTO oes.orders (order_id,customer_id,employee_id,order_date,shipped_date,shipper_id,freight_cost) VALUES (10526,87,168,'20190505','20190515',2,38);
INSERT INTO oes.orders (order_id,customer_id,employee_id,order_date,shipped_date,shipper_id,freight_cost) VALUES (10527,63,146,'20190505','20190507',1,41.9);
INSERT INTO oes.orders (order_id,customer_id,employee_id,order_date,shipped_date,shipper_id,freight_cost) VALUES (10528,32,150,'20190506','20190509',2,25.5);
INSERT INTO oes.orders (order_id,customer_id,employee_id,order_date,shipped_date,shipper_id,freight_cost) VALUES (10529,50,150,'20190507','20190509',2,66.69);
INSERT INTO oes.orders (order_id,customer_id,employee_id,order_date,shipped_date,shipper_id,freight_cost) VALUES (10530,59,177,'20190508','20190512',2,35.1);
INSERT INTO oes.orders (order_id,customer_id,employee_id,order_date,shipped_date,shipper_id,freight_cost) VALUES (10531,54,152,'20190508','20190519',1,50);
INSERT INTO oes.orders (order_id,customer_id,employee_id,order_date,shipped_date,shipper_id,freight_cost) VALUES (10532,19,166,'20190509','20190512',3,21.7);
INSERT INTO oes.orders (order_id,customer_id,employee_id,order_date,shipped_date,shipper_id,freight_cost) VALUES (10533,24,159,'20190512','20190522',1,32.7);
INSERT INTO oes.orders (order_id,customer_id,employee_id,order_date,shipped_date,shipper_id,freight_cost) VALUES (10534,44,172,'20190512','20190514',2,63.8);
INSERT INTO oes.orders (order_id,customer_id,employee_id,order_date,shipped_date,shipper_id,freight_cost) VALUES (10535,3,171,'20190513','20190521',1,24);
INSERT INTO oes.orders (order_id,customer_id,employee_id,order_date,shipped_date,shipper_id,freight_cost) VALUES (10536,44,171,'20190514','20190606',2,58.88);
INSERT INTO oes.orders (order_id,customer_id,employee_id,order_date,shipped_date,shipper_id,freight_cost) VALUES (10537,68,168,'20190514','20190519',1,78.85);
INSERT INTO oes.orders (order_id,customer_id,employee_id,order_date,shipped_date,shipper_id,freight_cost) VALUES (10538,11,172,'20190515','20190516',3,10.9);
INSERT INTO oes.orders (order_id,customer_id,employee_id,order_date,shipped_date,shipper_id,freight_cost) VALUES (10539,11,162,'20190516','20190523',3,44);
INSERT INTO oes.orders (order_id,customer_id,employee_id,order_date,shipped_date,shipper_id,freight_cost) VALUES (10540,63,174,'20190519','20190613',3,30);
INSERT INTO oes.orders (order_id,customer_id,employee_id,order_date,shipped_date,shipper_id,freight_cost) VALUES (10541,34,NULL,'20190519','20190529',1,68.65);
INSERT INTO oes.orders (order_id,customer_id,employee_id,order_date,shipped_date,shipper_id,freight_cost) VALUES (10542,39,NULL,'20190520','20190526',3,48.9);
INSERT INTO oes.orders (order_id,customer_id,employee_id,order_date,shipped_date,shipper_id,freight_cost) VALUES (10543,46,NULL,'20190521','20190523',2,48.17);
INSERT INTO oes.orders (order_id,customer_id,employee_id,order_date,shipped_date,shipper_id,freight_cost) VALUES (10544,48,NULL,'20190521','20190530',1,3.4);
INSERT INTO oes.orders (order_id,customer_id,employee_id,order_date,shipped_date,shipper_id,freight_cost) VALUES (10545,43,NULL,'20190522','20190626',2,31);
INSERT INTO oes.orders (order_id,customer_id,employee_id,order_date,shipped_date,shipper_id,freight_cost) VALUES (10546,84,NULL,'20190523','20190527',3,9.8);
INSERT INTO oes.orders (order_id,customer_id,employee_id,order_date,shipped_date,shipper_id,freight_cost) VALUES (10547,72,NULL,'20190523','20190602',2,46.8);
INSERT INTO oes.orders (order_id,customer_id,employee_id,order_date,shipped_date,shipper_id,freight_cost) VALUES (10548,79,NULL,'20190526','20190602',2,50.5);
INSERT INTO oes.orders (order_id,customer_id,employee_id,order_date,shipped_date,shipper_id,freight_cost) VALUES (10549,63,NULL,'20190527','20190530',1,24);
INSERT INTO oes.orders (order_id,customer_id,employee_id,order_date,shipped_date,shipper_id,freight_cost) VALUES (10550,30,NULL,'20190528','20190606',3,58.5);
INSERT INTO oes.orders (order_id,customer_id,employee_id,order_date,shipped_date,shipper_id,freight_cost) VALUES (10551,28,NULL,'20190528','20190606',3,72.95);
INSERT INTO oes.orders (order_id,customer_id,employee_id,order_date,shipped_date,shipper_id,freight_cost) VALUES (10552,35,NULL,'20190529','20190605',1,19.2);
INSERT INTO oes.orders (order_id,customer_id,employee_id,order_date,shipped_date,shipper_id,freight_cost) VALUES (10553,87,NULL,'20190530','20190603',2,35);
INSERT INTO oes.orders (order_id,customer_id,employee_id,order_date,shipped_date,shipper_id,freight_cost) VALUES (10554,56,NULL,'20190530','20190605',3,28);
INSERT INTO oes.orders (order_id,customer_id,employee_id,order_date,shipped_date,shipper_id,freight_cost) VALUES (10555,71,NULL,'20190602','20190604',3,40);
INSERT INTO oes.orders (order_id,customer_id,employee_id,order_date,shipped_date,shipper_id,freight_cost) VALUES (10556,73,NULL,'20190603','20190613',1,9.8);
INSERT INTO oes.orders (order_id,customer_id,employee_id,order_date,shipped_date,shipper_id,freight_cost) VALUES (10557,44,NULL,'20190603','20190606',2,96.72);
INSERT INTO oes.orders (order_id,customer_id,employee_id,order_date,shipped_date,shipper_id,freight_cost) VALUES (10558,4,NULL,'20190604','20190610',2,72.97);
INSERT INTO oes.orders (order_id,customer_id,employee_id,order_date,shipped_date,shipper_id,freight_cost) VALUES (10559,7,NULL,'20190605','20190613',1,24.3);
INSERT INTO oes.orders (order_id,customer_id,employee_id,order_date,shipped_date,shipper_id,freight_cost) VALUES (10560,25,NULL,'20190606','20190609',1,36.65);
INSERT INTO oes.orders (order_id,customer_id,employee_id,order_date,shipped_date,shipper_id,freight_cost) VALUES (10561,24,NULL,'20190606','20190609',2,32);
INSERT INTO oes.orders (order_id,customer_id,employee_id,order_date,shipped_date,shipper_id,freight_cost) VALUES (10562,66,NULL,'20190609','20190612',1,5.2);
INSERT INTO oes.orders (order_id,customer_id,employee_id,order_date,shipped_date,shipper_id,freight_cost) VALUES (10563,67,NULL,'20190610','20190624',2,60.43);
INSERT INTO oes.orders (order_id,customer_id,employee_id,order_date,shipped_date,shipper_id,freight_cost) VALUES (10564,65,NULL,'20190610','20190616',3,42.2);
INSERT INTO oes.orders (order_id,customer_id,employee_id,order_date,shipped_date,shipper_id,freight_cost) VALUES (10565,51,NULL,'20190611','20190618',2,82.6);
INSERT INTO oes.orders (order_id,customer_id,employee_id,order_date,shipped_date,shipper_id,freight_cost) VALUES (10566,7,NULL,'20190612','20190618',1,88.4);
INSERT INTO oes.orders (order_id,customer_id,employee_id,order_date,shipped_date,shipper_id,freight_cost) VALUES (10567,37,NULL,'20190612','20190617',1,83.3);
INSERT INTO oes.orders (order_id,customer_id,employee_id,order_date,shipped_date,shipper_id,freight_cost) VALUES (10568,29,NULL,'20190613','20190709',3,30.4);
INSERT INTO oes.orders (order_id,customer_id,employee_id,order_date,shipped_date,shipper_id,freight_cost) VALUES (10569,65,NULL,'20190616','20190711',1,11.5);
INSERT INTO oes.orders (order_id,customer_id,employee_id,order_date,shipped_date,shipper_id,freight_cost) VALUES (10570,51,NULL,'20190617','20190619',3,25);
INSERT INTO oes.orders (order_id,customer_id,employee_id,order_date,shipped_date,shipper_id,freight_cost) VALUES (10571,20,NULL,'20190617','20190704',3,57.2);
INSERT INTO oes.orders (order_id,customer_id,employee_id,order_date,shipped_date,shipper_id,freight_cost) VALUES (10572,5,NULL,'20190618','20190625',2,25);
INSERT INTO oes.orders (order_id,customer_id,employee_id,order_date,shipped_date,shipper_id,freight_cost) VALUES (10573,3,NULL,'20190619','20190620',3,84.84);
INSERT INTO oes.orders (order_id,customer_id,employee_id,order_date,shipped_date,shipper_id,freight_cost) VALUES (10574,82,NULL,'20190619','20190630',2,93.9);
INSERT INTO oes.orders (order_id,customer_id,employee_id,order_date,shipped_date,shipper_id,freight_cost) VALUES (10575,52,NULL,'20190620','20190630',1,41);
INSERT INTO oes.orders (order_id,customer_id,employee_id,order_date,shipped_date,shipper_id,freight_cost) VALUES (10576,80,NULL,'20190623','20190630',3,80);
INSERT INTO oes.orders (order_id,customer_id,employee_id,order_date,shipped_date,shipper_id,freight_cost) VALUES (10577,82,NULL,'20190623','20190630',2,25.41);
INSERT INTO oes.orders (order_id,customer_id,employee_id,order_date,shipped_date,shipper_id,freight_cost) VALUES (10578,11,NULL,'20190624','20190725',3,93.5);
INSERT INTO oes.orders (order_id,customer_id,employee_id,order_date,shipped_date,shipper_id,freight_cost) VALUES (10579,45,NULL,'20190625','20190704',2,13.73);
INSERT INTO oes.orders (order_id,customer_id,employee_id,order_date,shipped_date,shipper_id,freight_cost) VALUES (10580,56,NULL,'20190626','20190701',3,18.7);
INSERT INTO oes.orders (order_id,customer_id,employee_id,order_date,shipped_date,shipper_id,freight_cost) VALUES (10581,21,NULL,'20190626','20190702',1,3.01);
INSERT INTO oes.orders (order_id,customer_id,employee_id,order_date,shipped_date,shipper_id,freight_cost) VALUES (10582,6,NULL,'20190627','20190714',2,90.9);
INSERT INTO oes.orders (order_id,customer_id,employee_id,order_date,shipped_date,shipper_id,freight_cost) VALUES (10583,87,NULL,'20190630','20190704',2,50.1);
INSERT INTO oes.orders (order_id,customer_id,employee_id,order_date,shipped_date,shipper_id,freight_cost) VALUES (10584,7,NULL,'20190630','20190704',1,8);
INSERT INTO oes.orders (order_id,customer_id,employee_id,order_date,shipped_date,shipper_id,freight_cost) VALUES (10585,88,NULL,'20190701','20190710',1,42.5);
INSERT INTO oes.orders (order_id,customer_id,employee_id,order_date,shipped_date,shipper_id,freight_cost) VALUES (10586,66,NULL,'20190702','20190709',1,13);
INSERT INTO oes.orders (order_id,customer_id,employee_id,order_date,shipped_date,shipper_id,freight_cost) VALUES (10587,61,NULL,'20190702','20190709',1,36);
INSERT INTO oes.orders (order_id,customer_id,employee_id,order_date,shipped_date,shipper_id,freight_cost) VALUES (10588,63,NULL,'20190703','20190710',3,52.7);
INSERT INTO oes.orders (order_id,customer_id,employee_id,order_date,shipped_date,shipper_id,freight_cost) VALUES (10589,32,NULL,'20190704','20190714',2,4.42);
INSERT INTO oes.orders (order_id,customer_id,employee_id,order_date,shipped_date,shipper_id,freight_cost) VALUES (10590,51,NULL,'20190707','20190714',3,44.77);
INSERT INTO oes.orders (order_id,customer_id,employee_id,order_date,shipped_date,shipper_id,freight_cost) VALUES (10591,83,NULL,'20190707','20190716',1,55.92);
INSERT INTO oes.orders (order_id,customer_id,employee_id,order_date,shipped_date,shipper_id,freight_cost) VALUES (10592,44,NULL,'20190708','20190716',1,46);
INSERT INTO oes.orders (order_id,customer_id,employee_id,order_date,shipped_date,shipper_id,freight_cost) VALUES (10593,44,NULL,'20190709','20190813',2,50.5);
INSERT INTO oes.orders (order_id,customer_id,employee_id,order_date,shipped_date,shipper_id,freight_cost) VALUES (10594,55,NULL,'20190709','20190716',2,21.4);
INSERT INTO oes.orders (order_id,customer_id,employee_id,order_date,shipped_date,shipper_id,freight_cost) VALUES (10595,20,NULL,'20190710','20190714',1,28.3);
INSERT INTO oes.orders (order_id,customer_id,employee_id,order_date,shipped_date,shipper_id,freight_cost) VALUES (10596,89,NULL,'20190711','20190812',1,44);
INSERT INTO oes.orders (order_id,customer_id,employee_id,order_date,shipped_date,shipper_id,freight_cost) VALUES (10597,59,NULL,'20190711','20190718',3,20);
INSERT INTO oes.orders (order_id,customer_id,employee_id,order_date,shipped_date,shipper_id,freight_cost) VALUES (10598,65,NULL,'20190714','20190718',3,44.42);
INSERT INTO oes.orders (order_id,customer_id,employee_id,order_date,shipped_date,shipper_id,freight_cost) VALUES (10599,11,NULL,'20190715','20190721',3,4.2);
INSERT INTO oes.orders (order_id,customer_id,employee_id,order_date,shipped_date,shipper_id,freight_cost) VALUES (10600,36,NULL,'20190716','20190721',1,45.13);
INSERT INTO oes.orders (order_id,customer_id,employee_id,order_date,shipped_date,shipper_id,freight_cost) VALUES (10601,35,NULL,'20190716','20190722',1,58.3);
INSERT INTO oes.orders (order_id,customer_id,employee_id,order_date,shipped_date,shipper_id,freight_cost) VALUES (10602,83,NULL,'20190717','20190722',2,7.1);
INSERT INTO oes.orders (order_id,customer_id,employee_id,order_date,shipped_date,shipper_id,freight_cost) VALUES (10603,71,NULL,'20190718','20190808',2,29);
INSERT INTO oes.orders (order_id,customer_id,employee_id,order_date,shipped_date,shipper_id,freight_cost) VALUES (10604,28,NULL,'20190718','20190729',1,53.2);
INSERT INTO oes.orders (order_id,customer_id,employee_id,order_date,shipped_date,shipper_id,freight_cost) VALUES (10605,51,NULL,'20190721','20190729',2,44);
INSERT INTO oes.orders (order_id,customer_id,employee_id,order_date,shipped_date,shipper_id,freight_cost) VALUES (10606,81,NULL,'20190722','20190731',3,79.4);
INSERT INTO oes.orders (order_id,customer_id,employee_id,order_date,shipped_date,shipper_id,freight_cost) VALUES (10607,71,NULL,'20190722','20190725',1,38.1);
INSERT INTO oes.orders (order_id,customer_id,employee_id,order_date,shipped_date,shipper_id,freight_cost) VALUES (10608,79,NULL,'20190723','20190801',2,80.3);
INSERT INTO oes.orders (order_id,customer_id,employee_id,order_date,shipped_date,shipper_id,freight_cost) VALUES (10609,18,NULL,'20190724','20190730',2,82.4);
INSERT INTO oes.orders (order_id,customer_id,employee_id,order_date,shipped_date,shipper_id,freight_cost) VALUES (10610,41,NULL,'20190725','20190806',1,26.78);
INSERT INTO oes.orders (order_id,customer_id,employee_id,order_date,shipped_date,shipper_id,freight_cost) VALUES (10611,91,NULL,'20190725','20190801',2,28);
INSERT INTO oes.orders (order_id,customer_id,employee_id,order_date,shipped_date,shipper_id,freight_cost) VALUES (10612,71,NULL,'20190728','20190801',2,35);
INSERT INTO oes.orders (order_id,customer_id,employee_id,order_date,shipped_date,shipper_id,freight_cost) VALUES (10613,35,NULL,'20190729','20190801',2,8.11);
INSERT INTO oes.orders (order_id,customer_id,employee_id,order_date,shipped_date,shipper_id,freight_cost) VALUES (10614,6,NULL,'20190729','20190801',3,40.3);
INSERT INTO oes.orders (order_id,customer_id,employee_id,order_date,shipped_date,shipper_id,freight_cost) VALUES (10615,90,NULL,'20190730','20190806',3,12.7);
INSERT INTO oes.orders (order_id,customer_id,employee_id,order_date,shipped_date,shipper_id,freight_cost) VALUES (10616,32,NULL,'20190731','20190805',2,39);
INSERT INTO oes.orders (order_id,customer_id,employee_id,order_date,shipped_date,shipper_id,freight_cost) VALUES (10617,32,NULL,'20190731','20190804',2,61.7);
INSERT INTO oes.orders (order_id,customer_id,employee_id,order_date,shipped_date,shipper_id,freight_cost) VALUES (10618,51,NULL,'20190801','20190808',1,32);
INSERT INTO oes.orders (order_id,customer_id,employee_id,order_date,shipped_date,shipper_id,freight_cost) VALUES (10619,51,NULL,'20190804','20190807',3,40);
INSERT INTO oes.orders (order_id,customer_id,employee_id,order_date,shipped_date,shipper_id,freight_cost) VALUES (10620,42,NULL,'20190805','20190814',3,43.1);
INSERT INTO oes.orders (order_id,customer_id,employee_id,order_date,shipped_date,shipper_id,freight_cost) VALUES (10621,38,NULL,'20190805','20190811',2,69.3);
INSERT INTO oes.orders (order_id,customer_id,employee_id,order_date,shipped_date,shipper_id,freight_cost) VALUES (10622,67,NULL,'20190806','20190811',3,50.97);
INSERT INTO oes.orders (order_id,customer_id,employee_id,order_date,shipped_date,shipper_id,freight_cost) VALUES (10623,25,NULL,'20190807','20190812',2,97.18);
INSERT INTO oes.orders (order_id,customer_id,employee_id,order_date,shipped_date,shipper_id,freight_cost) VALUES (10624,78,NULL,'20190807','20190819',2,94.8);
INSERT INTO oes.orders (order_id,customer_id,employee_id,order_date,shipped_date,shipper_id,freight_cost) VALUES (10625,2,NULL,'20190808','20190814',1,97.1);
INSERT INTO oes.orders (order_id,customer_id,employee_id,order_date,shipped_date,shipper_id,freight_cost) VALUES (10626,5,NULL,'20190811','20190820',2,36);
INSERT INTO oes.orders (order_id,customer_id,employee_id,order_date,shipped_date,shipper_id,freight_cost) VALUES (10627,71,NULL,'20190811','20190821',3,14.2);
INSERT INTO oes.orders (order_id,customer_id,employee_id,order_date,shipped_date,shipper_id,freight_cost) VALUES (10628,7,NULL,'20190812','20190820',3,68.5);
INSERT INTO oes.orders (order_id,customer_id,employee_id,order_date,shipped_date,shipper_id,freight_cost) VALUES (10629,30,NULL,'20190812','20190820',3,85.46);
INSERT INTO oes.orders (order_id,customer_id,employee_id,order_date,shipped_date,shipper_id,freight_cost) VALUES (10630,39,NULL,'20190813','20190819',2,32.35);
INSERT INTO oes.orders (order_id,customer_id,employee_id,order_date,shipped_date,shipper_id,freight_cost) VALUES (10631,41,NULL,'20190814','20190815',1,2.5);
INSERT INTO oes.orders (order_id,customer_id,employee_id,order_date,shipped_date,shipper_id,freight_cost) VALUES (10632,86,NULL,'20190814','20190819',1,86.3);
INSERT INTO oes.orders (order_id,customer_id,employee_id,order_date,shipped_date,shipper_id,freight_cost) VALUES (10633,20,NULL,'20190815','20190818',3,46);
INSERT INTO oes.orders (order_id,customer_id,employee_id,order_date,shipped_date,shipper_id,freight_cost) VALUES (10634,23,NULL,'20190815','20190821',3,9.7);
INSERT INTO oes.orders (order_id,customer_id,employee_id,order_date,shipped_date,shipper_id,freight_cost) VALUES (10635,49,NULL,'20190818','20190821',3,40);
INSERT INTO oes.orders (order_id,customer_id,employee_id,order_date,shipped_date,shipper_id,freight_cost) VALUES (10636,87,NULL,'20190819','20190826',1,14.8);
INSERT INTO oes.orders (order_id,customer_id,employee_id,order_date,shipped_date,shipper_id,freight_cost) VALUES (10637,62,161,'20190819','20190826',1,22);
INSERT INTO oes.orders (order_id,customer_id,employee_id,order_date,shipped_date,shipper_id,freight_cost) VALUES (10638,47,175,'20190820','20190901',1,27.4);
INSERT INTO oes.orders (order_id,customer_id,employee_id,order_date,shipped_date,shipper_id,freight_cost) VALUES (10639,70,158,'20190820','20190827',3,2.1);
INSERT INTO oes.orders (order_id,customer_id,employee_id,order_date,shipped_date,shipper_id,freight_cost) VALUES (10640,86,165,'20190821','20190828',1,23.55);
INSERT INTO oes.orders (order_id,customer_id,employee_id,order_date,shipped_date,shipper_id,freight_cost) VALUES (10641,35,173,'20190822','20190826',2,40);
INSERT INTO oes.orders (order_id,customer_id,employee_id,order_date,shipped_date,shipper_id,freight_cost) VALUES (10642,73,162,'20190822','20190905',3,41.89);
INSERT INTO oes.orders (order_id,customer_id,employee_id,order_date,shipped_date,shipper_id,freight_cost) VALUES (10643,1,171,'20190825','20190902',1,7.4);
INSERT INTO oes.orders (order_id,customer_id,employee_id,order_date,shipped_date,shipper_id,freight_cost) VALUES (10644,88,175,'20190825','20190901',2,6.4);
INSERT INTO oes.orders (order_id,customer_id,employee_id,order_date,shipped_date,shipper_id,freight_cost) VALUES (10645,34,149,'20190826','20190902',1,33.8);
INSERT INTO oes.orders (order_id,customer_id,employee_id,order_date,shipped_date,shipper_id,freight_cost) VALUES (10646,37,171,'20190827','20190903',3,35);
INSERT INTO oes.orders (order_id,customer_id,employee_id,order_date,shipped_date,shipper_id,freight_cost) VALUES (10647,61,174,'20190827','20190903',2,45.54);
INSERT INTO oes.orders (order_id,customer_id,employee_id,order_date,shipped_date,shipper_id,freight_cost) VALUES (10648,67,172,'20190828','20190909',2,35);
INSERT INTO oes.orders (order_id,customer_id,employee_id,order_date,shipped_date,shipper_id,freight_cost) VALUES (10649,50,148,'20190828','20190829',3,6.2);
INSERT INTO oes.orders (order_id,customer_id,employee_id,order_date,shipped_date,shipper_id,freight_cost) VALUES (10650,21,163,'20190829','20190903',3,35);
INSERT INTO oes.orders (order_id,customer_id,employee_id,order_date,shipped_date,shipper_id,freight_cost) VALUES (10651,86,171,'20190901','20190911',2,43);
INSERT INTO oes.orders (order_id,customer_id,employee_id,order_date,shipped_date,shipper_id,freight_cost) VALUES (10652,31,170,'20190901','20190908',2,48.4);
INSERT INTO oes.orders (order_id,customer_id,employee_id,order_date,shipped_date,shipper_id,freight_cost) VALUES (10653,25,156,'20190902','20190919',1,93.25);
INSERT INTO oes.orders (order_id,customer_id,employee_id,order_date,shipped_date,shipper_id,freight_cost) VALUES (10654,5,177,'20190902','20190911',1,55.26);
INSERT INTO oes.orders (order_id,customer_id,employee_id,order_date,shipped_date,shipper_id,freight_cost) VALUES (10655,66,152,'20190903','20190911',2,4.41);
INSERT INTO oes.orders (order_id,customer_id,employee_id,order_date,shipped_date,shipper_id,freight_cost) VALUES (10656,32,168,'20190904','20190910',1,57.15);
INSERT INTO oes.orders (order_id,customer_id,employee_id,order_date,shipped_date,shipper_id,freight_cost) VALUES (10657,71,176,'20190904','20190915',2,21);
INSERT INTO oes.orders (order_id,customer_id,employee_id,order_date,shipped_date,shipper_id,freight_cost) VALUES (10658,63,151,'20190905','20190908',1,85.8);
INSERT INTO oes.orders (order_id,customer_id,employee_id,order_date,shipped_date,shipper_id,freight_cost) VALUES (10659,62,160,'20190905','20190910',2,22.6);
INSERT INTO oes.orders (order_id,customer_id,employee_id,order_date,shipped_date,shipper_id,freight_cost) VALUES (10660,36,170,'20190908','20191015',1,29.1);
INSERT INTO oes.orders (order_id,customer_id,employee_id,order_date,shipped_date,shipper_id,freight_cost) VALUES (10661,37,153,'20190909','20190915',3,17.55);
INSERT INTO oes.orders (order_id,customer_id,employee_id,order_date,shipped_date,shipper_id,freight_cost) VALUES (10662,48,166,'20190909','20190918',2,2.9);
INSERT INTO oes.orders (order_id,customer_id,employee_id,order_date,shipped_date,shipper_id,freight_cost) VALUES (10663,9,148,'20190910','20191003',2,49);
INSERT INTO oes.orders (order_id,customer_id,employee_id,order_date,shipped_date,shipper_id,freight_cost) VALUES (10664,28,172,'20190910','20190919',3,84.3);
INSERT INTO oes.orders (order_id,customer_id,employee_id,order_date,shipped_date,shipper_id,freight_cost) VALUES (10665,48,156,'20190911','20190917',2,71.6);
INSERT INTO oes.orders (order_id,customer_id,employee_id,order_date,shipped_date,shipper_id,freight_cost) VALUES (10666,68,156,'20190912','20190922',2,26.8);
INSERT INTO oes.orders (order_id,customer_id,employee_id,order_date,shipped_date,shipper_id,freight_cost) VALUES (10667,20,177,'20190912','20190919',1,78.09);
INSERT INTO oes.orders (order_id,customer_id,employee_id,order_date,shipped_date,shipper_id,freight_cost) VALUES (10668,86,167,'20190915','20190923',2,38);
INSERT INTO oes.orders (order_id,customer_id,employee_id,order_date,shipped_date,shipper_id,freight_cost) VALUES (10669,73,148,'20190915','20190922',1,24.39);
INSERT INTO oes.orders (order_id,customer_id,employee_id,order_date,shipped_date,shipper_id,freight_cost) VALUES (10670,25,148,'20190916','20190918',1,36.5);
INSERT INTO oes.orders (order_id,customer_id,employee_id,order_date,shipped_date,shipper_id,freight_cost) VALUES (10671,26,160,'20190917','20190924',1,30.34);
INSERT INTO oes.orders (order_id,customer_id,employee_id,order_date,shipped_date,shipper_id,freight_cost) VALUES (10672,5,147,'20190917','20190926',2,95.75);
INSERT INTO oes.orders (order_id,customer_id,employee_id,order_date,shipped_date,shipper_id,freight_cost) VALUES (10673,90,174,'20190918','20190919',1,73.3);
INSERT INTO oes.orders (order_id,customer_id,employee_id,order_date,shipped_date,shipper_id,freight_cost) VALUES (10674,38,168,'20190918','20190930',2,11.6);
INSERT INTO oes.orders (order_id,customer_id,employee_id,order_date,shipped_date,shipper_id,freight_cost) VALUES (10675,25,164,'20190919','20190923',2,31.85);
INSERT INTO oes.orders (order_id,customer_id,employee_id,order_date,shipped_date,shipper_id,freight_cost) VALUES (10676,80,163,'20190922','20190929',2,61.7);
INSERT INTO oes.orders (order_id,customer_id,employee_id,order_date,shipped_date,shipper_id,freight_cost) VALUES (10677,3,161,'20190922','20190926',3,79.1);
INSERT INTO oes.orders (order_id,customer_id,employee_id,order_date,shipped_date,shipper_id,freight_cost) VALUES (10678,71,158,'20190923','20191016',3,64.3);
INSERT INTO oes.orders (order_id,customer_id,employee_id,order_date,shipped_date,shipper_id,freight_cost) VALUES (10679,7,168,'20190923','20190930',3,70.3);
INSERT INTO oes.orders (order_id,customer_id,employee_id,order_date,shipped_date,shipper_id,freight_cost) VALUES (10680,55,148,'20190924','20190926',1,79);
INSERT INTO oes.orders (order_id,customer_id,employee_id,order_date,shipped_date,shipper_id,freight_cost) VALUES (10681,32,165,'20190925','20190930',3,22);
INSERT INTO oes.orders (order_id,customer_id,employee_id,order_date,shipped_date,shipper_id,freight_cost) VALUES (10682,3,152,'20190925','20191001',2,8.3);
INSERT INTO oes.orders (order_id,customer_id,employee_id,order_date,shipped_date,shipper_id,freight_cost) VALUES (10683,18,171,'20190926','20191001',1,17.2);
INSERT INTO oes.orders (order_id,customer_id,employee_id,order_date,shipped_date,shipper_id,freight_cost) VALUES (10684,56,155,'20190926','20190930',1,34);
INSERT INTO oes.orders (order_id,customer_id,employee_id,order_date,shipped_date,shipper_id,freight_cost) VALUES (10685,31,149,'20190929','20191003',2,90);
INSERT INTO oes.orders (order_id,customer_id,employee_id,order_date,shipped_date,shipper_id,freight_cost) VALUES (10686,59,147,'20190930','20191008',1,96.5);
INSERT INTO oes.orders (order_id,customer_id,employee_id,order_date,shipped_date,shipper_id,freight_cost) VALUES (10687,37,170,'20190930','20191030',2,77.9);
INSERT INTO oes.orders (order_id,customer_id,employee_id,order_date,shipped_date,shipper_id,freight_cost) VALUES (10688,83,161,'20191001','20191007',2,46);
INSERT INTO oes.orders (order_id,customer_id,employee_id,order_date,shipped_date,shipper_id,freight_cost) VALUES (10689,5,170,'20191001','20191007',2,51.1);
INSERT INTO oes.orders (order_id,customer_id,employee_id,order_date,shipped_date,shipper_id,freight_cost) VALUES (10690,34,166,'20191002','20191003',1,72.8);
INSERT INTO oes.orders (order_id,customer_id,employee_id,order_date,shipped_date,shipper_id,freight_cost) VALUES (10691,63,177,'20191003','20191022',2,31);
INSERT INTO oes.orders (order_id,customer_id,employee_id,order_date,shipped_date,shipper_id,freight_cost) VALUES (10692,1,149,'20191003','20191013',2,61.02);
INSERT INTO oes.orders (order_id,customer_id,employee_id,order_date,shipped_date,shipper_id,freight_cost) VALUES (10693,89,147,'20191006','20191010',3,28);
INSERT INTO oes.orders (order_id,customer_id,employee_id,order_date,shipped_date,shipper_id,freight_cost) VALUES (10694,63,171,'20191006','20191009',3,77);
INSERT INTO oes.orders (order_id,customer_id,employee_id,order_date,shipped_date,shipper_id,freight_cost) VALUES (10695,90,168,'20191007','20191014',1,65.2);
INSERT INTO oes.orders (order_id,customer_id,employee_id,order_date,shipped_date,shipper_id,freight_cost) VALUES (10696,89,146,'20191008','20191014',3,24.1);
INSERT INTO oes.orders (order_id,customer_id,employee_id,order_date,shipped_date,shipper_id,freight_cost) VALUES (10697,47,159,'20191008','20191014',1,45.52);
INSERT INTO oes.orders (order_id,customer_id,employee_id,order_date,shipped_date,shipper_id,freight_cost) VALUES (10698,20,170,'20191009','20191017',1,81.9);
INSERT INTO oes.orders (order_id,customer_id,employee_id,order_date,shipped_date,shipper_id,freight_cost) VALUES (10699,52,177,'20191009','20191013',3,30.3);
INSERT INTO oes.orders (order_id,customer_id,employee_id,order_date,shipped_date,shipper_id,freight_cost) VALUES (10700,71,152,'20191010','20191016',1,25);
INSERT INTO oes.orders (order_id,customer_id,employee_id,order_date,shipped_date,shipper_id,freight_cost) VALUES (10701,37,166,'20191013','20191015',3,40);
INSERT INTO oes.orders (order_id,customer_id,employee_id,order_date,shipped_date,shipper_id,freight_cost) VALUES (10702,1,159,'20191013','20191021',1,49.4);
INSERT INTO oes.orders (order_id,customer_id,employee_id,order_date,shipped_date,shipper_id,freight_cost) VALUES (10703,24,172,'20191014','20191020',2,35);
INSERT INTO oes.orders (order_id,customer_id,employee_id,order_date,shipped_date,shipper_id,freight_cost) VALUES (10704,62,171,'20191014','20191107',1,90.1);
INSERT INTO oes.orders (order_id,customer_id,employee_id,order_date,shipped_date,shipper_id,freight_cost) VALUES (10705,35,171,'20191015','20191118',2,16.2);
INSERT INTO oes.orders (order_id,customer_id,employee_id,order_date,shipped_date,shipper_id,freight_cost) VALUES (10706,55,168,'20191016','20191021',3,30);
INSERT INTO oes.orders (order_id,customer_id,employee_id,order_date,shipped_date,shipper_id,freight_cost) VALUES (10707,4,172,'20191016','20191023',3,99.7);
INSERT INTO oes.orders (order_id,customer_id,employee_id,order_date,shipped_date,shipper_id,freight_cost) VALUES (10708,77,162,'20191017','20191105',2,28);
INSERT INTO oes.orders (order_id,customer_id,employee_id,order_date,shipped_date,shipper_id,freight_cost) VALUES (10709,31,174,'20191017','20191120',3,48.1);
INSERT INTO oes.orders (order_id,customer_id,employee_id,order_date,shipped_date,shipper_id,freight_cost) VALUES (10710,27,176,'20191020','20191023',1,52.9);
INSERT INTO oes.orders (order_id,customer_id,employee_id,order_date,shipped_date,shipper_id,freight_cost) VALUES (10711,71,177,'20191021','20191029',2,52.41);
INSERT INTO oes.orders (order_id,customer_id,employee_id,order_date,shipped_date,shipper_id,freight_cost) VALUES (10712,37,157,'20191021','20191031',1,89.93);
INSERT INTO oes.orders (order_id,customer_id,employee_id,order_date,shipped_date,shipper_id,freight_cost) VALUES (10713,71,147,'20191022','20191024',1,48);
INSERT INTO oes.orders (order_id,customer_id,employee_id,order_date,shipped_date,shipper_id,freight_cost) VALUES (10714,71,158,'20191022','20191027',3,22);
INSERT INTO oes.orders (order_id,customer_id,employee_id,order_date,shipped_date,shipper_id,freight_cost) VALUES (10715,9,165,'20191023','20191029',1,63.2);
INSERT INTO oes.orders (order_id,customer_id,employee_id,order_date,shipped_date,shipper_id,freight_cost) VALUES (10716,64,165,'20191024','20191027',2,47.9);
INSERT INTO oes.orders (order_id,customer_id,employee_id,order_date,shipped_date,shipper_id,freight_cost) VALUES (10717,25,159,'20191024','20191029',2,59.25);
INSERT INTO oes.orders (order_id,customer_id,employee_id,order_date,shipped_date,shipper_id,freight_cost) VALUES (10718,39,157,'20191027','20191029',3,40);
INSERT INTO oes.orders (order_id,customer_id,employee_id,order_date,shipped_date,shipper_id,freight_cost) VALUES (10719,45,147,'20191027','20191105',2,51.44);
INSERT INTO oes.orders (order_id,customer_id,employee_id,order_date,shipped_date,shipper_id,freight_cost) VALUES (10720,61,153,'20191028','20191105',2,24.2);
INSERT INTO oes.orders (order_id,customer_id,employee_id,order_date,shipped_date,shipper_id,freight_cost) VALUES (10721,63,168,'20191029','20191031',3,48.92);
INSERT INTO oes.orders (order_id,customer_id,employee_id,order_date,shipped_date,shipper_id,freight_cost) VALUES (10722,71,157,'20191029','20191104',1,74.58);
INSERT INTO oes.orders (order_id,customer_id,employee_id,order_date,shipped_date,shipper_id,freight_cost) VALUES (10723,89,177,'20191030','20191125',1,93.6);
INSERT INTO oes.orders (order_id,customer_id,employee_id,order_date,shipped_date,shipper_id,freight_cost) VALUES (10724,51,148,'20191030','20191105',2,57.75);
INSERT INTO oes.orders (order_id,customer_id,employee_id,order_date,shipped_date,shipper_id,freight_cost) VALUES (10725,21,177,'20191031','20191105',3,39.5);
INSERT INTO oes.orders (order_id,customer_id,employee_id,order_date,shipped_date,shipper_id,freight_cost) VALUES (10726,19,164,'20191103','20191205',1,46.6);
INSERT INTO oes.orders (order_id,customer_id,employee_id,order_date,shipped_date,shipper_id,freight_cost) VALUES (10727,66,174,'20191103','20191205',1,22);
INSERT INTO oes.orders (order_id,customer_id,employee_id,order_date,shipped_date,shipper_id,freight_cost) VALUES (10728,62,154,'20191104','20191111',2,58.33);
INSERT INTO oes.orders (order_id,customer_id,employee_id,order_date,shipped_date,shipper_id,freight_cost) VALUES (10729,47,159,'20191104','20191114',3,25);
INSERT INTO oes.orders (order_id,customer_id,employee_id,order_date,shipped_date,shipper_id,freight_cost) VALUES (10730,9,156,'20191105','20191114',1,48.1);
INSERT INTO oes.orders (order_id,customer_id,employee_id,order_date,shipped_date,shipper_id,freight_cost) VALUES (10731,14,169,'20191106','20191114',1,96.65);
INSERT INTO oes.orders (order_id,customer_id,employee_id,order_date,shipped_date,shipper_id,freight_cost) VALUES (10732,9,160,'20191106','20191107',1,3.5);
INSERT INTO oes.orders (order_id,customer_id,employee_id,order_date,shipped_date,shipper_id,freight_cost) VALUES (10733,5,171,'20191107','20191110',3,24.4);
INSERT INTO oes.orders (order_id,customer_id,employee_id,order_date,shipped_date,shipper_id,freight_cost) VALUES (10734,31,150,'20191107','20191112',3,17.3);
INSERT INTO oes.orders (order_id,customer_id,employee_id,order_date,shipped_date,shipper_id,freight_cost) VALUES (10735,45,153,'20191110','20191121',2,15.1);
INSERT INTO oes.orders (order_id,customer_id,employee_id,order_date,shipped_date,shipper_id,freight_cost) VALUES (10736,37,162,'20191111','20191121',2,12);
INSERT INTO oes.orders (order_id,customer_id,employee_id,order_date,shipped_date,shipper_id,freight_cost) VALUES (10737,85,176,'20191111','20191118',2,7.79);
INSERT INTO oes.orders (order_id,customer_id,employee_id,order_date,shipped_date,shipper_id,freight_cost) VALUES (10738,74,168,'20191112','20191118',1,20.4);
INSERT INTO oes.orders (order_id,customer_id,employee_id,order_date,shipped_date,shipper_id,freight_cost) VALUES (10739,85,149,'20191112','20191117',3,44.2);
INSERT INTO oes.orders (order_id,customer_id,employee_id,order_date,shipped_date,shipper_id,freight_cost) VALUES (10740,89,156,'20191113','20191125',2,81.88);
INSERT INTO oes.orders (order_id,customer_id,employee_id,order_date,shipped_date,shipper_id,freight_cost) VALUES (10741,4,173,'20191114','20191118',3,55.1);
INSERT INTO oes.orders (order_id,customer_id,employee_id,order_date,shipped_date,shipper_id,freight_cost) VALUES (10742,10,170,'20191114','20191118',3,28);
INSERT INTO oes.orders (order_id,customer_id,employee_id,order_date,shipped_date,shipper_id,freight_cost) VALUES (10743,4,166,'20191117','20191121',2,4.3);
INSERT INTO oes.orders (order_id,customer_id,employee_id,order_date,shipped_date,shipper_id,freight_cost) VALUES (10744,83,163,'20191117','20191124',1,9.7);
INSERT INTO oes.orders (order_id,customer_id,employee_id,order_date,shipped_date,shipper_id,freight_cost) VALUES (10745,63,153,'20191118','20191127',1,67.7);
INSERT INTO oes.orders (order_id,customer_id,employee_id,order_date,shipped_date,shipper_id,freight_cost) VALUES (10746,14,168,'20191119','20191121',3,77);
INSERT INTO oes.orders (order_id,customer_id,employee_id,order_date,shipped_date,shipper_id,freight_cost) VALUES (10747,59,156,'20191119','20191126',1,20);
INSERT INTO oes.orders (order_id,customer_id,employee_id,order_date,shipped_date,shipper_id,freight_cost) VALUES (10748,71,145,'20191120','20191128',1,42);
INSERT INTO oes.orders (order_id,customer_id,employee_id,order_date,shipped_date,shipper_id,freight_cost) VALUES (10749,38,163,'20191120','20191219',2,44);
INSERT INTO oes.orders (order_id,customer_id,employee_id,order_date,shipped_date,shipper_id,freight_cost) VALUES (10750,87,149,'20191121','20191124',1,79.3);
INSERT INTO oes.orders (order_id,customer_id,employee_id,order_date,shipped_date,shipper_id,freight_cost) VALUES (10751,68,169,'20191124','20191203',3,41);
INSERT INTO oes.orders (order_id,customer_id,employee_id,order_date,shipped_date,shipper_id,freight_cost) VALUES (10752,53,174,'20191124','20191128',3,49.1);
INSERT INTO oes.orders (order_id,customer_id,employee_id,order_date,shipped_date,shipper_id,freight_cost) VALUES (10753,27,156,'20191125','20191127',1,16.5);
INSERT INTO oes.orders (order_id,customer_id,employee_id,order_date,shipped_date,shipper_id,freight_cost) VALUES (10754,49,174,'20191125','20191127',3,8.2);
INSERT INTO oes.orders (order_id,customer_id,employee_id,order_date,shipped_date,shipper_id,freight_cost) VALUES (10755,9,167,'20191126','20191128',2,24);
INSERT INTO oes.orders (order_id,customer_id,employee_id,order_date,shipped_date,shipper_id,freight_cost) VALUES (10756,75,150,'20191127','20191202',2,73.21);
INSERT INTO oes.orders (order_id,customer_id,employee_id,order_date,shipped_date,shipper_id,freight_cost) VALUES (10757,71,167,'20191127','20191215',1,44);
INSERT INTO oes.orders (order_id,customer_id,employee_id,order_date,shipped_date,shipper_id,freight_cost) VALUES (10758,68,145,'20191128','20191204',3,23);
INSERT INTO oes.orders (order_id,customer_id,employee_id,order_date,shipped_date,shipper_id,freight_cost) VALUES (10759,2,162,'20191128','20191212',3,11.99);
INSERT INTO oes.orders (order_id,customer_id,employee_id,order_date,shipped_date,shipper_id,freight_cost) VALUES (10760,50,150,'20191201','20191210',1,46);
INSERT INTO oes.orders (order_id,customer_id,employee_id,order_date,shipped_date,shipper_id,freight_cost) VALUES (10761,65,163,'20191202','20191208',2,48);
INSERT INTO oes.orders (order_id,customer_id,employee_id,order_date,shipped_date,shipper_id,freight_cost) VALUES (10762,24,147,'20191202','20191209',1,29);
INSERT INTO oes.orders (order_id,customer_id,employee_id,order_date,shipped_date,shipper_id,freight_cost) VALUES (10763,23,156,'20191203','20191208',3,48);
INSERT INTO oes.orders (order_id,customer_id,employee_id,order_date,shipped_date,shipper_id,freight_cost) VALUES (10764,20,152,'20191203','20191208',3,40.6);
INSERT INTO oes.orders (order_id,customer_id,employee_id,order_date,shipped_date,shipper_id,freight_cost) VALUES (10765,63,150,'20191204','20191209',3,9);
INSERT INTO oes.orders (order_id,customer_id,employee_id,order_date,shipped_date,shipper_id,freight_cost) VALUES (10766,56,174,'20191205','20191209',1,34);
INSERT INTO oes.orders (order_id,customer_id,employee_id,order_date,shipped_date,shipper_id,freight_cost) VALUES (10767,76,145,'20191205','20191215',3,31.4);
INSERT INTO oes.orders (order_id,customer_id,employee_id,order_date,shipped_date,shipper_id,freight_cost) VALUES (10768,4,167,'20191208','20191215',2,34);
INSERT INTO oes.orders (order_id,customer_id,employee_id,order_date,shipped_date,shipper_id,freight_cost) VALUES (10769,83,146,'20191208','20191212',1,65.06);
INSERT INTO oes.orders (order_id,customer_id,employee_id,order_date,shipped_date,shipper_id,freight_cost) VALUES (10770,34,172,'20191209','20191217',3,23.9);
INSERT INTO oes.orders (order_id,customer_id,employee_id,order_date,shipped_date,shipper_id,freight_cost) VALUES (10771,20,168,'20191210','20200102',2,23.4);
INSERT INTO oes.orders (order_id,customer_id,employee_id,order_date,shipped_date,shipper_id,freight_cost) VALUES (10772,44,159,'20191210','20191219',2,91.28);
INSERT INTO oes.orders (order_id,customer_id,employee_id,order_date,shipped_date,shipper_id,freight_cost) VALUES (10773,20,171,'20191211','20191216',3,31.4);
INSERT INTO oes.orders (order_id,customer_id,employee_id,order_date,shipped_date,shipper_id,freight_cost) VALUES (10774,24,172,'20191211','20191212',1,12.6);
INSERT INTO oes.orders (order_id,customer_id,employee_id,order_date,shipped_date,shipper_id,freight_cost) VALUES (10775,78,165,'20191212','20191226',1,44.5);
INSERT INTO oes.orders (order_id,customer_id,employee_id,order_date,shipped_date,shipper_id,freight_cost) VALUES (10776,20,170,'20191215','20191218',3,75.1);
INSERT INTO oes.orders (order_id,customer_id,employee_id,order_date,shipped_date,shipper_id,freight_cost) VALUES (10777,31,174,'20191215','20200121',2,33.3);
INSERT INTO oes.orders (order_id,customer_id,employee_id,order_date,shipped_date,shipper_id,freight_cost) VALUES (10778,5,148,'20191216','20191224',1,6.79);
INSERT INTO oes.orders (order_id,customer_id,employee_id,order_date,shipped_date,shipper_id,freight_cost) VALUES (10779,52,155,'20191216','20200114',2,58.13);
INSERT INTO oes.orders (order_id,customer_id,employee_id,order_date,shipped_date,shipper_id,freight_cost) VALUES (10780,46,156,'20191216','20191225',1,10.9);
INSERT INTO oes.orders (order_id,customer_id,employee_id,order_date,shipped_date,shipper_id,freight_cost) VALUES (10781,87,149,'20191217','20191219',3,22);
INSERT INTO oes.orders (order_id,customer_id,employee_id,order_date,shipped_date,shipper_id,freight_cost) VALUES (10782,12,157,'20191217','20191222',3,6);
INSERT INTO oes.orders (order_id,customer_id,employee_id,order_date,shipped_date,shipper_id,freight_cost) VALUES (10783,34,177,'20191218','20191219',2,25);
INSERT INTO oes.orders (order_id,customer_id,employee_id,order_date,shipped_date,shipper_id,freight_cost) VALUES (10784,49,173,'20191218','20191222',3,70.09);
INSERT INTO oes.orders (order_id,customer_id,employee_id,order_date,shipped_date,shipper_id,freight_cost) VALUES (10785,33,157,'20191218','20191224',3,26.9);
INSERT INTO oes.orders (order_id,customer_id,employee_id,order_date,shipped_date,shipper_id,freight_cost) VALUES (10786,62,158,'20191219','20191223',1,29.7);
INSERT INTO oes.orders (order_id,customer_id,employee_id,order_date,shipped_date,shipper_id,freight_cost) VALUES (10787,41,165,'20191219','20191226',1,28);
INSERT INTO oes.orders (order_id,customer_id,employee_id,order_date,shipped_date,shipper_id,freight_cost) VALUES (10788,63,150,'20191222','20200119',2,42.7);
INSERT INTO oes.orders (order_id,customer_id,employee_id,order_date,shipped_date,shipper_id,freight_cost) VALUES (10789,23,157,'20191222','20191231',2,44);
INSERT INTO oes.orders (order_id,customer_id,employee_id,order_date,shipped_date,shipper_id,freight_cost) VALUES (10790,31,158,'20191222','20191226',1,82.1);
INSERT INTO oes.orders (order_id,customer_id,employee_id,order_date,shipped_date,shipper_id,freight_cost) VALUES (10791,25,160,'20191223','20200101',2,16.85);
INSERT INTO oes.orders (order_id,customer_id,employee_id,order_date,shipped_date,shipper_id,freight_cost) VALUES (10792,91,145,'20191223','20191231',3,88.6);
INSERT INTO oes.orders (order_id,customer_id,employee_id,order_date,shipped_date,shipper_id,freight_cost) VALUES (10793,4,153,'20191224','20200108',3,21.6);
INSERT INTO oes.orders (order_id,customer_id,employee_id,order_date,shipped_date,shipper_id,freight_cost) VALUES (10794,61,164,'20191224','20200102',1,21.49);
INSERT INTO oes.orders (order_id,customer_id,employee_id,order_date,shipped_date,shipper_id,freight_cost) VALUES (10795,20,153,'20191224','20200120',2,41);
INSERT INTO oes.orders (order_id,customer_id,employee_id,order_date,shipped_date,shipper_id,freight_cost) VALUES (10796,35,175,'20191225','20200114',1,42);
INSERT INTO oes.orders (order_id,customer_id,employee_id,order_date,shipped_date,shipper_id,freight_cost) VALUES (10797,17,176,'20191225','20200105',2,33.35);
INSERT INTO oes.orders (order_id,customer_id,employee_id,order_date,shipped_date,shipper_id,freight_cost) VALUES (10798,38,167,'20191226','20200105',1,7.8);
INSERT INTO oes.orders (order_id,customer_id,employee_id,order_date,shipped_date,shipper_id,freight_cost) VALUES (10799,39,174,'20191226','20200105',3,45);
INSERT INTO oes.orders (order_id,customer_id,employee_id,order_date,shipped_date,shipper_id,freight_cost) VALUES (10800,72,172,'20191226','20200105',3,50);
INSERT INTO oes.orders (order_id,customer_id,employee_id,order_date,shipped_date,shipper_id,freight_cost) VALUES (10801,8,148,'20191229','20191231',2,97.09);
INSERT INTO oes.orders (order_id,customer_id,employee_id,order_date,shipped_date,shipper_id,freight_cost) VALUES (10802,73,166,'20191229','20200102',2,44.9);
INSERT INTO oes.orders (order_id,customer_id,employee_id,order_date,shipped_date,shipper_id,freight_cost) VALUES (10803,88,158,'20191230','20200106',1,20);
INSERT INTO oes.orders (order_id,customer_id,employee_id,order_date,shipped_date,shipper_id,freight_cost) VALUES (10804,72,158,'20191230','20200107',2,60.9);
INSERT INTO oes.orders (order_id,customer_id,employee_id,order_date,shipped_date,shipper_id,freight_cost) VALUES (10805,77,169,'20191230','20200109',3,45);
INSERT INTO oes.orders (order_id,customer_id,employee_id,order_date,shipped_date,shipper_id,freight_cost) VALUES (10806,84,146,'20191231','20200105',2,72.2);
INSERT INTO oes.orders (order_id,customer_id,employee_id,order_date,shipped_date,shipper_id,freight_cost) VALUES (10807,27,148,'20191231','20200130',1,7.2);
INSERT INTO oes.orders (order_id,customer_id,employee_id,order_date,shipped_date,shipper_id,freight_cost) VALUES (10808,55,173,'20200101','20200109',3,99.9);
INSERT INTO oes.orders (order_id,customer_id,employee_id,order_date,shipped_date,shipper_id,freight_cost) VALUES (10809,88,177,'20200101','20200107',1,17.4);
INSERT INTO oes.orders (order_id,customer_id,employee_id,order_date,shipped_date,shipper_id,freight_cost) VALUES (10810,42,168,'20200101','20200107',3,36.6);
INSERT INTO oes.orders (order_id,customer_id,employee_id,order_date,shipped_date,shipper_id,freight_cost) VALUES (10811,47,164,'20200102','20200108',1,67.7);
INSERT INTO oes.orders (order_id,customer_id,employee_id,order_date,shipped_date,shipper_id,freight_cost) VALUES (10812,66,152,'20200102','20200112',1,19.7);
INSERT INTO oes.orders (order_id,customer_id,employee_id,order_date,shipped_date,shipper_id,freight_cost) VALUES (10813,67,155,'20200105','20200109',1,47.38);
INSERT INTO oes.orders (order_id,customer_id,employee_id,order_date,shipped_date,shipper_id,freight_cost) VALUES (10814,84,171,'20200105','20200114',3,36);
INSERT INTO oes.orders (order_id,customer_id,employee_id,order_date,shipped_date,shipper_id,freight_cost) VALUES (10815,71,156,'20200105','20200114',3,1.3);
INSERT INTO oes.orders (order_id,customer_id,employee_id,order_date,shipped_date,shipper_id,freight_cost) VALUES (10816,32,168,'20200106','20200204',2,21.2);
INSERT INTO oes.orders (order_id,customer_id,employee_id,order_date,shipped_date,shipper_id,freight_cost) VALUES (10817,39,146,'20200106','20200113',2,31);
INSERT INTO oes.orders (order_id,customer_id,employee_id,order_date,shipped_date,shipper_id,freight_cost) VALUES (10818,49,173,'20200107','20200112',3,20.4);
INSERT INTO oes.orders (order_id,customer_id,employee_id,order_date,shipped_date,shipper_id,freight_cost) VALUES (10819,12,164,'20200107','20200116',3,19.76);
INSERT INTO oes.orders (order_id,customer_id,employee_id,order_date,shipped_date,shipper_id,freight_cost) VALUES (10820,65,174,'20200107','20200113',2,91.4);
INSERT INTO oes.orders (order_id,customer_id,employee_id,order_date,shipped_date,shipper_id,freight_cost) VALUES (10821,75,175,'20200108','20200115',1,5.9);
INSERT INTO oes.orders (order_id,customer_id,employee_id,order_date,shipped_date,shipper_id,freight_cost) VALUES (10822,82,175,'20200108','20200116',3,7);
INSERT INTO oes.orders (order_id,customer_id,employee_id,order_date,shipped_date,shipper_id,freight_cost) VALUES (10823,46,147,'20200109','20200113',2,24);
INSERT INTO oes.orders (order_id,customer_id,employee_id,order_date,shipped_date,shipper_id,freight_cost) VALUES (10824,24,176,'20200109','20200130',1,8.2);
INSERT INTO oes.orders (order_id,customer_id,employee_id,order_date,shipped_date,shipper_id,freight_cost) VALUES (10825,17,147,'20200109','20200114',1,22);
INSERT INTO oes.orders (order_id,customer_id,employee_id,order_date,shipped_date,shipper_id,freight_cost) VALUES (10826,7,174,'20200112','20200206',1,73.8);
INSERT INTO oes.orders (order_id,customer_id,employee_id,order_date,shipped_date,shipper_id,freight_cost) VALUES (10827,9,176,'20200112','20200206',2,63.54);
INSERT INTO oes.orders (order_id,customer_id,employee_id,order_date,shipped_date,shipper_id,freight_cost) VALUES (10828,64,161,'20200113','20200204',1,90.85);
INSERT INTO oes.orders (order_id,customer_id,employee_id,order_date,shipped_date,shipper_id,freight_cost) VALUES (10829,38,167,'20200113','20200123',1,35);
INSERT INTO oes.orders (order_id,customer_id,employee_id,order_date,shipped_date,shipper_id,freight_cost) VALUES (10830,81,176,'20200113','20200121',2,81.83);
INSERT INTO oes.orders (order_id,customer_id,employee_id,order_date,shipped_date,shipper_id,freight_cost) VALUES (10831,70,174,'20200114','20200123',2,72.19);
INSERT INTO oes.orders (order_id,customer_id,employee_id,order_date,shipped_date,shipper_id,freight_cost) VALUES (10832,41,172,'20200114','20200119',2,23);
INSERT INTO oes.orders (order_id,customer_id,employee_id,order_date,shipped_date,shipper_id,freight_cost) VALUES (10833,56,168,'20200115','20200123',2,71.49);
INSERT INTO oes.orders (order_id,customer_id,employee_id,order_date,shipped_date,shipper_id,freight_cost) VALUES (10834,81,164,'20200115','20200119',3,29.78);
INSERT INTO oes.orders (order_id,customer_id,employee_id,order_date,shipped_date,shipper_id,freight_cost) VALUES (10835,1,169,'20200115','20200121',3,69.53);
INSERT INTO oes.orders (order_id,customer_id,employee_id,order_date,shipped_date,shipper_id,freight_cost) VALUES (10836,20,161,'20200116','20200121',1,46);
INSERT INTO oes.orders (order_id,customer_id,employee_id,order_date,shipped_date,shipper_id,freight_cost) VALUES (10837,5,176,'20200116','20200123',3,51.7);
INSERT INTO oes.orders (order_id,customer_id,employee_id,order_date,shipped_date,shipper_id,freight_cost) VALUES (10838,47,161,'20200119','20200123',3,32);
INSERT INTO oes.orders (order_id,customer_id,employee_id,order_date,shipped_date,shipper_id,freight_cost) VALUES (10839,81,177,'20200119','20200122',3,10.7);
INSERT INTO oes.orders (order_id,customer_id,employee_id,order_date,shipped_date,shipper_id,freight_cost) VALUES (10840,47,147,'20200119','20200216',2,31.1);
INSERT INTO oes.orders (order_id,customer_id,employee_id,order_date,shipped_date,shipper_id,freight_cost) VALUES (10841,76,170,'20200120','20200129',2,34);
INSERT INTO oes.orders (order_id,customer_id,employee_id,order_date,shipped_date,shipper_id,freight_cost) VALUES (10842,80,172,'20200120','20200129',3,54.42);
INSERT INTO oes.orders (order_id,customer_id,employee_id,order_date,shipped_date,shipper_id,freight_cost) VALUES (10843,84,170,'20200121','20200126',2,2.6);
INSERT INTO oes.orders (order_id,customer_id,employee_id,order_date,shipped_date,shipper_id,freight_cost) VALUES (10844,59,154,'20200121','20200126',2,27);
INSERT INTO oes.orders (order_id,customer_id,employee_id,order_date,shipped_date,shipper_id,freight_cost) VALUES (10845,63,166,'20200121','20200130',1,43);
INSERT INTO oes.orders (order_id,customer_id,employee_id,order_date,shipped_date,shipper_id,freight_cost) VALUES (10846,76,156,'20200122','20200123',3,56.46);
INSERT INTO oes.orders (order_id,customer_id,employee_id,order_date,shipped_date,shipper_id,freight_cost) VALUES (10847,71,160,'20200122','20200210',3,38);
INSERT INTO oes.orders (order_id,customer_id,employee_id,order_date,shipped_date,shipper_id,freight_cost) VALUES (10848,16,174,'20200123','20200129',2,38.24);
INSERT INTO oes.orders (order_id,customer_id,employee_id,order_date,shipped_date,shipper_id,freight_cost) VALUES (10849,39,175,'20200123','20200130',2,98.8);
INSERT INTO oes.orders (order_id,customer_id,employee_id,order_date,shipped_date,shipper_id,freight_cost) VALUES (10850,84,149,'20200123','20200130',1,49.19);
INSERT INTO oes.orders (order_id,customer_id,employee_id,order_date,shipped_date,shipper_id,freight_cost) VALUES (10851,67,158,'20200126','20200202',1,23);
INSERT INTO oes.orders (order_id,customer_id,employee_id,order_date,shipped_date,shipper_id,freight_cost) VALUES (10852,65,154,'20200126','20200130',1,41);
INSERT INTO oes.orders (order_id,customer_id,employee_id,order_date,shipped_date,shipper_id,freight_cost) VALUES (10853,6,168,'20200127','20200203',2,2.1);
INSERT INTO oes.orders (order_id,customer_id,employee_id,order_date,shipped_date,shipper_id,freight_cost) VALUES (10854,20,163,'20200127','20200205',2,26);
INSERT INTO oes.orders (order_id,customer_id,employee_id,order_date,shipped_date,shipper_id,freight_cost) VALUES (10855,55,152,'20200127','20200204',1,47);
INSERT INTO oes.orders (order_id,customer_id,employee_id,order_date,shipped_date,shipper_id,freight_cost) VALUES (10856,3,175,'20200128','20200210',2,37);
INSERT INTO oes.orders (order_id,customer_id,employee_id,order_date,shipped_date,shipper_id,freight_cost) VALUES (10857,5,167,'20200128','20200206',2,43);
INSERT INTO oes.orders (order_id,customer_id,employee_id,order_date,shipped_date,shipper_id,freight_cost) VALUES (10858,40,151,'20200129','20200203',1,52.51);
INSERT INTO oes.orders (order_id,customer_id,employee_id,order_date,shipped_date,shipper_id,freight_cost) VALUES (10859,25,155,'20200129','20200202',2,43);
INSERT INTO oes.orders (order_id,customer_id,employee_id,order_date,shipped_date,shipper_id,freight_cost) VALUES (10860,26,173,'20200129','20200204',3,6.1);
INSERT INTO oes.orders (order_id,customer_id,employee_id,order_date,shipped_date,shipper_id,freight_cost) VALUES (10861,89,168,'20200130','20200217',2,49.4);
INSERT INTO oes.orders (order_id,customer_id,employee_id,order_date,shipped_date,shipper_id,freight_cost) VALUES (10862,44,146,'20200130','20200202',2,53.23);
INSERT INTO oes.orders (order_id,customer_id,employee_id,order_date,shipped_date,shipper_id,freight_cost) VALUES (10863,35,177,'20200202','20200217',2,71.8);
INSERT INTO oes.orders (order_id,customer_id,employee_id,order_date,shipped_date,shipper_id,freight_cost) VALUES (10864,4,145,'20200202','20200209',2,6.1);
INSERT INTO oes.orders (order_id,customer_id,employee_id,order_date,shipped_date,shipper_id,freight_cost) VALUES (10865,63,177,'20200202','20200212',1,18.7);
INSERT INTO oes.orders (order_id,customer_id,employee_id,order_date,shipped_date,shipper_id,freight_cost) VALUES (10866,5,169,'20200203','20200212',1,45);
INSERT INTO oes.orders (order_id,customer_id,employee_id,order_date,shipped_date,shipper_id,freight_cost) VALUES (10867,48,156,'20200203','20200211',1,11.1);
INSERT INTO oes.orders (order_id,customer_id,employee_id,order_date,shipped_date,shipper_id,freight_cost) VALUES (10868,62,156,'20200204','20200223',2,38);
INSERT INTO oes.orders (order_id,customer_id,employee_id,order_date,shipped_date,shipper_id,freight_cost) VALUES (10869,72,164,'20200204','20200209',1,35);
INSERT INTO oes.orders (order_id,customer_id,employee_id,order_date,shipped_date,shipper_id,freight_cost) VALUES (10870,91,159,'20200204','20200213',3,12.04);
INSERT INTO oes.orders (order_id,customer_id,employee_id,order_date,shipped_date,shipper_id,freight_cost) VALUES (10871,9,162,'20200205','20200210',2,45);
INSERT INTO oes.orders (order_id,customer_id,employee_id,order_date,shipped_date,shipper_id,freight_cost) VALUES (10872,30,168,'20200205','20200209',2,39);
INSERT INTO oes.orders (order_id,customer_id,employee_id,order_date,shipped_date,shipper_id,freight_cost) VALUES (10873,90,170,'20200206','20200209',1,20.2);
INSERT INTO oes.orders (order_id,customer_id,employee_id,order_date,shipped_date,shipper_id,freight_cost) VALUES (10874,30,153,'20200206','20200211',2,42.5);
INSERT INTO oes.orders (order_id,customer_id,employee_id,order_date,shipped_date,shipper_id,freight_cost) VALUES (10875,5,152,'20200206','20200303',2,90.8);
INSERT INTO oes.orders (order_id,customer_id,employee_id,order_date,shipped_date,shipper_id,freight_cost) VALUES (10876,9,171,'20200209','20200212',3,60.42);
INSERT INTO oes.orders (order_id,customer_id,employee_id,order_date,shipped_date,shipper_id,freight_cost) VALUES (10877,67,165,'20200209','20200219',1,38.06);
INSERT INTO oes.orders (order_id,customer_id,employee_id,order_date,shipped_date,shipper_id,freight_cost) VALUES (10878,63,170,'20200210','20200212',1,46.69);
INSERT INTO oes.orders (order_id,customer_id,employee_id,order_date,shipped_date,shipper_id,freight_cost) VALUES (10879,90,161,'20200210','20200212',3,22.3);
INSERT INTO oes.orders (order_id,customer_id,employee_id,order_date,shipped_date,shipper_id,freight_cost) VALUES (10880,24,146,'20200210','20200218',1,88.01);
INSERT INTO oes.orders (order_id,customer_id,employee_id,order_date,shipped_date,shipper_id,freight_cost) VALUES (10881,12,146,'20200211','20200218',1,8.7);
INSERT INTO oes.orders (order_id,customer_id,employee_id,order_date,shipped_date,shipper_id,freight_cost) VALUES (10882,71,155,'20200211','20200220',3,83);
INSERT INTO oes.orders (order_id,customer_id,employee_id,order_date,shipped_date,shipper_id,freight_cost) VALUES (10883,48,157,'20200212','20200220',3,30);
INSERT INTO oes.orders (order_id,customer_id,employee_id,order_date,shipped_date,shipper_id,freight_cost) VALUES (10884,45,152,'20200212','20200213',2,90.97);
INSERT INTO oes.orders (order_id,customer_id,employee_id,order_date,shipped_date,shipper_id,freight_cost) VALUES (10885,76,149,'20200212','20200218',3,85.7);
INSERT INTO oes.orders (order_id,customer_id,employee_id,order_date,shipped_date,shipper_id,freight_cost) VALUES (10886,34,175,'20200213','20200302',1,37.5);
INSERT INTO oes.orders (order_id,customer_id,employee_id,order_date,shipped_date,shipper_id,freight_cost) VALUES (10887,29,148,'20200213','20200216',3,28.4);
INSERT INTO oes.orders (order_id,customer_id,employee_id,order_date,shipped_date,shipper_id,freight_cost) VALUES (10888,30,175,'20200216','20200223',2,51.87);
INSERT INTO oes.orders (order_id,customer_id,employee_id,order_date,shipped_date,shipper_id,freight_cost) VALUES (10889,65,171,'20200216','20200223',3,48.3);
INSERT INTO oes.orders (order_id,customer_id,employee_id,order_date,shipped_date,shipper_id,freight_cost) VALUES (10890,18,154,'20200216','20200218',1,92.8);
INSERT INTO oes.orders (order_id,customer_id,employee_id,order_date,shipped_date,shipper_id,freight_cost) VALUES (10891,44,152,'20200217','20200219',2,20.37);
INSERT INTO oes.orders (order_id,customer_id,employee_id,order_date,shipped_date,shipper_id,freight_cost) VALUES (10892,50,161,'20200217','20200219',2,37);
INSERT INTO oes.orders (order_id,customer_id,employee_id,order_date,shipped_date,shipper_id,freight_cost) VALUES (10893,39,175,'20200218','20200220',2,77.78);
INSERT INTO oes.orders (order_id,customer_id,employee_id,order_date,shipped_date,shipper_id,freight_cost) VALUES (10894,71,155,'20200218','20200220',1,22.9);
INSERT INTO oes.orders (order_id,customer_id,employee_id,order_date,shipped_date,shipper_id,freight_cost) VALUES (10895,20,160,'20200218','20200223',1,43);
INSERT INTO oes.orders (order_id,customer_id,employee_id,order_date,shipped_date,shipper_id,freight_cost) VALUES (10896,50,169,'20200219','20200227',3,93.2);
INSERT INTO oes.orders (order_id,customer_id,employee_id,order_date,shipped_date,shipper_id,freight_cost) VALUES (10897,37,161,'20200219','20200225',2,34.1);
INSERT INTO oes.orders (order_id,customer_id,employee_id,order_date,shipped_date,shipper_id,freight_cost) VALUES (10898,54,145,'20200220','20200306',2,3);
INSERT INTO oes.orders (order_id,customer_id,employee_id,order_date,shipped_date,shipper_id,freight_cost) VALUES (10899,46,147,'20200220','20200226',3,1.21);
INSERT INTO oes.orders (order_id,customer_id,employee_id,order_date,shipped_date,shipper_id,freight_cost) VALUES (10900,88,148,'20200220','20200304',2,4.3);
INSERT INTO oes.orders (order_id,customer_id,employee_id,order_date,shipped_date,shipper_id,freight_cost) VALUES (10901,35,160,'20200223','20200226',1,62.09);
INSERT INTO oes.orders (order_id,customer_id,employee_id,order_date,shipped_date,shipper_id,freight_cost) VALUES (10902,24,160,'20200223','20200303',1,44.15);
INSERT INTO oes.orders (order_id,customer_id,employee_id,order_date,shipped_date,shipper_id,freight_cost) VALUES (10903,34,157,'20200224','20200304',3,36.71);
INSERT INTO oes.orders (order_id,customer_id,employee_id,order_date,shipped_date,shipper_id,freight_cost) VALUES (10904,89,162,'20200224','20200227',3,8.9);
INSERT INTO oes.orders (order_id,customer_id,employee_id,order_date,shipped_date,shipper_id,freight_cost) VALUES (10905,88,173,'20200224','20200306',2,51.5);
INSERT INTO oes.orders (order_id,customer_id,employee_id,order_date,shipped_date,shipper_id,freight_cost) VALUES (10906,91,173,'20200225','20200303',3,7.8);
INSERT INTO oes.orders (order_id,customer_id,employee_id,order_date,shipped_date,shipper_id,freight_cost) VALUES (10907,74,153,'20200225','20200227',3,2.7);
INSERT INTO oes.orders (order_id,customer_id,employee_id,order_date,shipped_date,shipper_id,freight_cost) VALUES (10908,66,177,'20200226','20200306',2,32.96);
INSERT INTO oes.orders (order_id,customer_id,employee_id,order_date,shipped_date,shipper_id,freight_cost) VALUES (10909,70,175,'20200226','20200310',2,53.05);
INSERT INTO oes.orders (order_id,customer_id,employee_id,order_date,shipped_date,shipper_id,freight_cost) VALUES (10910,90,148,'20200226','20200304',3,38.11);
INSERT INTO oes.orders (order_id,customer_id,employee_id,order_date,shipped_date,shipper_id,freight_cost) VALUES (10911,30,146,'20200226','20200305',1,88.2);
INSERT INTO oes.orders (order_id,customer_id,employee_id,order_date,shipped_date,shipper_id,freight_cost) VALUES (10912,37,157,'20200226','20200318',2,48.9);
INSERT INTO oes.orders (order_id,customer_id,employee_id,order_date,shipped_date,shipper_id,freight_cost) VALUES (10913,62,174,'20200226','20200304',1,33.05);
INSERT INTO oes.orders (order_id,customer_id,employee_id,order_date,shipped_date,shipper_id,freight_cost) VALUES (10914,62,160,'20200227','20200302',1,21.19);
INSERT INTO oes.orders (order_id,customer_id,employee_id,order_date,shipped_date,shipper_id,freight_cost) VALUES (10915,80,155,'20200227','20200302',2,36.1);
INSERT INTO oes.orders (order_id,customer_id,employee_id,order_date,shipped_date,shipper_id,freight_cost) VALUES (10916,64,165,'20200227','20200309',2,49);
INSERT INTO oes.orders (order_id,customer_id,employee_id,order_date,shipped_date,shipper_id,freight_cost) VALUES (10917,69,156,'20200302','20200311',2,41);
INSERT INTO oes.orders (order_id,customer_id,employee_id,order_date,shipped_date,shipper_id,freight_cost) VALUES (10918,10,174,'20200302','20200311',3,20);
INSERT INTO oes.orders (order_id,customer_id,employee_id,order_date,shipped_date,shipper_id,freight_cost) VALUES (10919,47,150,'20200302','20200304',2,70.8);
INSERT INTO oes.orders (order_id,customer_id,employee_id,order_date,shipped_date,shipper_id,freight_cost) VALUES (10920,4,156,'20200303','20200309',2,4.9);
INSERT INTO oes.orders (order_id,customer_id,employee_id,order_date,shipped_date,shipper_id,freight_cost) VALUES (10921,83,145,'20200303','20200309',1,23);
INSERT INTO oes.orders (order_id,customer_id,employee_id,order_date,shipped_date,shipper_id,freight_cost) VALUES (10922,34,168,'20200303','20200305',3,62.74);
INSERT INTO oes.orders (order_id,customer_id,employee_id,order_date,shipped_date,shipper_id,freight_cost) VALUES (10923,41,150,'20200303','20200313',3,68.26);
INSERT INTO oes.orders (order_id,customer_id,employee_id,order_date,shipped_date,shipper_id,freight_cost) VALUES (10924,5,172,'20200304','20200408',2,44.2);
INSERT INTO oes.orders (order_id,customer_id,employee_id,order_date,shipped_date,shipper_id,freight_cost) VALUES (10925,34,159,'20200304','20200313',1,35.3);
INSERT INTO oes.orders (order_id,customer_id,employee_id,order_date,shipped_date,shipper_id,freight_cost) VALUES (10926,2,174,'20200304','20200311',3,82.9);
INSERT INTO oes.orders (order_id,customer_id,employee_id,order_date,shipped_date,shipper_id,freight_cost) VALUES (10927,40,155,'20200305','20200408',1,52.6);
INSERT INTO oes.orders (order_id,customer_id,employee_id,order_date,shipped_date,shipper_id,freight_cost) VALUES (10928,29,158,'20200305','20200318',1,33.4);
INSERT INTO oes.orders (order_id,customer_id,employee_id,order_date,shipped_date,shipper_id,freight_cost) VALUES (10929,25,173,'20200305','20200312',1,33.93);
INSERT INTO oes.orders (order_id,customer_id,employee_id,order_date,shipped_date,shipper_id,freight_cost) VALUES (10930,76,151,'20200306','20200318',3,56.3);
INSERT INTO oes.orders (order_id,customer_id,employee_id,order_date,shipped_date,shipper_id,freight_cost) VALUES (10931,68,155,'20200306','20200319',2,78.1);
INSERT INTO oes.orders (order_id,customer_id,employee_id,order_date,shipped_date,shipper_id,freight_cost) VALUES (10932,9,173,'20200306','20200324',1,40.7);
INSERT INTO oes.orders (order_id,customer_id,employee_id,order_date,shipped_date,shipper_id,freight_cost) VALUES (10933,38,175,'20200306','20200316',3,54.15);
INSERT INTO oes.orders (order_id,customer_id,employee_id,order_date,shipped_date,shipper_id,freight_cost) VALUES (10934,44,166,'20200309','20200312',3,5.5);
INSERT INTO oes.orders (order_id,customer_id,employee_id,order_date,shipped_date,shipper_id,freight_cost) VALUES (10935,88,148,'20200309','20200318',3,97.7);
INSERT INTO oes.orders (order_id,customer_id,employee_id,order_date,shipped_date,shipper_id,freight_cost) VALUES (10936,32,176,'20200309','20200318',2,33.68);
INSERT INTO oes.orders (order_id,customer_id,employee_id,order_date,shipped_date,shipper_id,freight_cost) VALUES (10937,12,165,'20200310','20200313',3,76.8);
INSERT INTO oes.orders (order_id,customer_id,employee_id,order_date,shipped_date,shipper_id,freight_cost) VALUES (10938,63,164,'20200310','20200316',2,71.4);
INSERT INTO oes.orders (order_id,customer_id,employee_id,order_date,shipped_date,shipper_id,freight_cost) VALUES (10939,49,152,'20200310','20200313',2,76.33);
INSERT INTO oes.orders (order_id,customer_id,employee_id,order_date,shipped_date,shipper_id,freight_cost) VALUES (10940,9,159,'20200311','20200323',3,6);
INSERT INTO oes.orders (order_id,customer_id,employee_id,order_date,shipped_date,shipper_id,freight_cost) VALUES (10941,71,172,'20200311','20200320',2,19.5);
INSERT INTO oes.orders (order_id,customer_id,employee_id,order_date,shipped_date,shipper_id,freight_cost) VALUES (10942,66,170,'20200311','20200318',3,17.95);
INSERT INTO oes.orders (order_id,customer_id,employee_id,order_date,shipped_date,shipper_id,freight_cost) VALUES (10943,11,171,'20200311','20200319',2,42);
INSERT INTO oes.orders (order_id,customer_id,employee_id,order_date,shipped_date,shipper_id,freight_cost) VALUES (10944,10,165,'20200312','20200313',3,49);
INSERT INTO oes.orders (order_id,customer_id,employee_id,order_date,shipped_date,shipper_id,freight_cost) VALUES (10945,52,147,'20200312','20200318',1,10.22);
INSERT INTO oes.orders (order_id,customer_id,employee_id,order_date,shipped_date,shipper_id,freight_cost) VALUES (10946,83,158,'20200312','20200319',2,83.4);
INSERT INTO oes.orders (order_id,customer_id,employee_id,order_date,shipped_date,shipper_id,freight_cost) VALUES (10947,11,147,'20200313','20200316',2,45.9);
INSERT INTO oes.orders (order_id,customer_id,employee_id,order_date,shipped_date,shipper_id,freight_cost) VALUES (10948,30,165,'20200313','20200319',3,23.39);
INSERT INTO oes.orders (order_id,customer_id,employee_id,order_date,shipped_date,shipper_id,freight_cost) VALUES (10949,10,161,'20200313','20200317',3,74.44);
INSERT INTO oes.orders (order_id,customer_id,employee_id,order_date,shipped_date,shipper_id,freight_cost) VALUES (10950,49,175,'20200316','20200323',2,13);
INSERT INTO oes.orders (order_id,customer_id,employee_id,order_date,shipped_date,shipper_id,freight_cost) VALUES (10951,68,172,'20200316','20200407',2,30.85);
INSERT INTO oes.orders (order_id,customer_id,employee_id,order_date,shipped_date,shipper_id,freight_cost) VALUES (10952,1,171,'20200316','20200324',1,7.9);
INSERT INTO oes.orders (order_id,customer_id,employee_id,order_date,shipped_date,shipper_id,freight_cost) VALUES (10953,4,160,'20200316','20200325',2,23.72);
INSERT INTO oes.orders (order_id,customer_id,employee_id,order_date,shipped_date,shipper_id,freight_cost) VALUES (10954,47,172,'20200317','20200320',1,80.3);
INSERT INTO oes.orders (order_id,customer_id,employee_id,order_date,shipped_date,shipper_id,freight_cost) VALUES (10955,24,149,'20200317','20200320',2,3.26);
INSERT INTO oes.orders (order_id,customer_id,employee_id,order_date,shipped_date,shipper_id,freight_cost) VALUES (10956,6,168,'20200317','20200320',2,93.4);
INSERT INTO oes.orders (order_id,customer_id,employee_id,order_date,shipped_date,shipper_id,freight_cost) VALUES (10957,35,175,'20200318','20200327',3,38);
INSERT INTO oes.orders (order_id,customer_id,employee_id,order_date,shipped_date,shipper_id,freight_cost) VALUES (10958,54,163,'20200318','20200327',2,16);
INSERT INTO oes.orders (order_id,customer_id,employee_id,order_date,shipped_date,shipper_id,freight_cost) VALUES (10959,31,165,'20200318','20200323',2,4.98);
INSERT INTO oes.orders (order_id,customer_id,employee_id,order_date,shipped_date,shipper_id,freight_cost) VALUES (10960,35,174,'20200319','20200408',1,36.2);
INSERT INTO oes.orders (order_id,customer_id,employee_id,order_date,shipped_date,shipper_id,freight_cost) VALUES (10961,62,149,'20200319','20200330',1,24.8);
INSERT INTO oes.orders (order_id,customer_id,employee_id,order_date,shipped_date,shipper_id,freight_cost) VALUES (10962,63,171,'20200319','20200323',2,41.5);
INSERT INTO oes.orders (order_id,customer_id,employee_id,order_date,shipped_date,shipper_id,freight_cost) VALUES (10963,28,169,'20200319','20200326',3,25);
INSERT INTO oes.orders (order_id,customer_id,employee_id,order_date,shipped_date,shipper_id,freight_cost) VALUES (10964,74,176,'20200320','20200324',2,87.38);
INSERT INTO oes.orders (order_id,customer_id,employee_id,order_date,shipped_date,shipper_id,freight_cost) VALUES (10965,55,176,'20200320','20200330',3,2.8);
INSERT INTO oes.orders (order_id,customer_id,employee_id,order_date,shipped_date,shipper_id,freight_cost) VALUES (10966,14,160,'20200320','20200408',1,89.3);
INSERT INTO oes.orders (order_id,customer_id,employee_id,order_date,shipped_date,shipper_id,freight_cost) VALUES (10967,79,155,'20200323','20200402',2,62.22);
INSERT INTO oes.orders (order_id,customer_id,employee_id,order_date,shipped_date,shipper_id,freight_cost) VALUES (10968,20,153,'20200323','20200401',3,24);
INSERT INTO oes.orders (order_id,customer_id,employee_id,order_date,shipped_date,shipper_id,freight_cost) VALUES (10969,15,149,'20200323','20200330',2,2.7);
INSERT INTO oes.orders (order_id,customer_id,employee_id,order_date,shipped_date,shipper_id,freight_cost) VALUES (10970,8,156,'20200324','20200424',1,16.16);
INSERT INTO oes.orders (order_id,customer_id,employee_id,order_date,shipped_date,shipper_id,freight_cost) VALUES (10971,26,166,'20200324','20200402',2,17.1);
INSERT INTO oes.orders (order_id,customer_id,employee_id,order_date,shipped_date,shipper_id,freight_cost) VALUES (10972,40,155,'20200324','20200326',2,12.6);
INSERT INTO oes.orders (order_id,customer_id,employee_id,order_date,shipped_date,shipper_id,freight_cost) VALUES (10973,40,154,'20200324','20200327',2,96);
INSERT INTO oes.orders (order_id,customer_id,employee_id,order_date,shipped_date,shipper_id,freight_cost) VALUES (10974,75,172,'20200325','20200403',3,69.6);
INSERT INTO oes.orders (order_id,customer_id,employee_id,order_date,shipped_date,shipper_id,freight_cost) VALUES (10975,10,169,'20200325','20200327',3,32.27);
INSERT INTO oes.orders (order_id,customer_id,employee_id,order_date,shipped_date,shipper_id,freight_cost) VALUES (10976,35,170,'20200325','20200403',1,2.2);
INSERT INTO oes.orders (order_id,customer_id,employee_id,order_date,shipped_date,shipper_id,freight_cost) VALUES (10977,24,153,'20200326','20200410',3,25);
INSERT INTO oes.orders (order_id,customer_id,employee_id,order_date,shipped_date,shipper_id,freight_cost) VALUES (10978,50,145,'20200326','20200423',2,79.8);
INSERT INTO oes.orders (order_id,customer_id,employee_id,order_date,shipped_date,shipper_id,freight_cost) VALUES (10979,20,145,'20200326','20200331',2,27);
INSERT INTO oes.orders (order_id,customer_id,employee_id,order_date,shipped_date,shipper_id,freight_cost) VALUES (10980,24,172,'20200327','20200417',1,3);
INSERT INTO oes.orders (order_id,customer_id,employee_id,order_date,shipped_date,shipper_id,freight_cost) VALUES (10981,34,170,'20200327','20200402',2,17.2);
INSERT INTO oes.orders (order_id,customer_id,employee_id,order_date,shipped_date,shipper_id,freight_cost) VALUES (10982,10,176,'20200327','20200408',1,14.01);
INSERT INTO oes.orders (order_id,customer_id,employee_id,order_date,shipped_date,shipper_id,freight_cost) VALUES (10983,71,152,'20200327','20200406',2,45);
INSERT INTO oes.orders (order_id,customer_id,employee_id,order_date,shipped_date,shipper_id,freight_cost) VALUES (10984,71,153,'20200330','20200403',3,48);
INSERT INTO oes.orders (order_id,customer_id,employee_id,order_date,shipped_date,shipper_id,freight_cost) VALUES (10985,37,170,'20200330','20200402',1,91.51);
INSERT INTO oes.orders (order_id,customer_id,employee_id,order_date,shipped_date,shipper_id,freight_cost) VALUES (10986,54,160,'20200330','20200421',2,71.2);
INSERT INTO oes.orders (order_id,customer_id,employee_id,order_date,shipped_date,shipper_id,freight_cost) VALUES (10987,19,157,'20200331','20200406',1,12);
INSERT INTO oes.orders (order_id,customer_id,employee_id,order_date,shipped_date,shipper_id,freight_cost) VALUES (10988,65,145,'20200331','20200410',2,6.2);
INSERT INTO oes.orders (order_id,customer_id,employee_id,order_date,shipped_date,shipper_id,freight_cost) VALUES (10989,61,177,'20200331','20200402',1,34.76);
INSERT INTO oes.orders (order_id,customer_id,employee_id,order_date,shipped_date,shipper_id,freight_cost) VALUES (10990,20,153,'20200401','20200407',3,46);
INSERT INTO oes.orders (order_id,customer_id,employee_id,order_date,shipped_date,shipper_id,freight_cost) VALUES (10991,63,177,'20200401','20200407',1,88.5);
INSERT INTO oes.orders (order_id,customer_id,employee_id,order_date,shipped_date,shipper_id,freight_cost) VALUES (10992,77,157,'20200401','20200403',3,4.27);
INSERT INTO oes.orders (order_id,customer_id,employee_id,order_date,shipped_date,shipper_id,freight_cost) VALUES (10993,24,146,'20200401','20200410',3,23.6);
INSERT INTO oes.orders (order_id,customer_id,employee_id,order_date,shipped_date,shipper_id,freight_cost) VALUES (10994,83,158,'20200402','20200409',3,65.53);
INSERT INTO oes.orders (order_id,customer_id,employee_id,order_date,shipped_date,shipper_id,freight_cost) VALUES (10995,58,172,'20200402','20200406',3,46);
INSERT INTO oes.orders (order_id,customer_id,employee_id,order_date,shipped_date,shipper_id,freight_cost) VALUES (10996,63,152,'20200402','20200410',2,31.1);
INSERT INTO oes.orders (order_id,customer_id,employee_id,order_date,shipped_date,shipper_id,freight_cost) VALUES (10997,46,161,'20200403','20200413',2,73.91);
INSERT INTO oes.orders (order_id,customer_id,employee_id,order_date,shipped_date,shipper_id,freight_cost) VALUES (10998,91,171,'20200403','20200417',2,56.7);
INSERT INTO oes.orders (order_id,customer_id,employee_id,order_date,shipped_date,shipper_id,freight_cost) VALUES (10999,56,170,'20200403','20200410',2,16.2);
INSERT INTO oes.orders (order_id,customer_id,employee_id,order_date,shipped_date,shipper_id,freight_cost) VALUES (11000,65,159,'20200406','20200414',3,55.12);
INSERT INTO oes.orders (order_id,customer_id,employee_id,order_date,shipped_date,shipper_id,freight_cost) VALUES (11001,24,146,'20200406','20200414',2,48);
INSERT INTO oes.orders (order_id,customer_id,employee_id,order_date,shipped_date,shipper_id,freight_cost) VALUES (11002,71,167,'20200406','20200416',1,47);
INSERT INTO oes.orders (order_id,customer_id,employee_id,order_date,shipped_date,shipper_id,freight_cost) VALUES (11003,78,166,'20200406','20200408',3,71.8);
INSERT INTO oes.orders (order_id,customer_id,employee_id,order_date,shipped_date,shipper_id,freight_cost) VALUES (11004,50,154,'20200407','20200420',1,30);
INSERT INTO oes.orders (order_id,customer_id,employee_id,order_date,shipped_date,shipper_id,freight_cost) VALUES (11005,90,166,'20200407','20200410',1,82.2);
INSERT INTO oes.orders (order_id,customer_id,employee_id,order_date,shipped_date,shipper_id,freight_cost) VALUES (11006,32,154,'20200407','20200415',2,74.1);
INSERT INTO oes.orders (order_id,customer_id,employee_id,order_date,shipped_date,shipper_id,freight_cost) VALUES (11007,60,161,'20200408','20200413',2,39);
INSERT INTO oes.orders (order_id,customer_id,employee_id,order_date,shipped_date,shipper_id,freight_cost) VALUES (11008,20,NULL,'20200708',NULL,3,79.46);
INSERT INTO oes.orders (order_id,customer_id,employee_id,order_date,shipped_date,shipper_id,freight_cost) VALUES (11009,30,153,'20200408','20200410',1,25);
INSERT INTO oes.orders (order_id,customer_id,employee_id,order_date,shipped_date,shipper_id,freight_cost) VALUES (11010,66,149,'20200409','20200421',2,59.2);
INSERT INTO oes.orders (order_id,customer_id,employee_id,order_date,shipped_date,shipper_id,freight_cost) VALUES (11011,1,154,'20200409','20200413',1,16.7);
INSERT INTO oes.orders (order_id,customer_id,employee_id,order_date,shipped_date,shipper_id,freight_cost) VALUES (11012,25,157,'20200409','20200417',3,26);
INSERT INTO oes.orders (order_id,customer_id,employee_id,order_date,shipped_date,shipper_id,freight_cost) VALUES (11013,69,146,'20200409','20200410',1,84.2);
INSERT INTO oes.orders (order_id,customer_id,employee_id,order_date,shipped_date,shipper_id,freight_cost) VALUES (11014,47,146,'20200410','20200415',3,6.8);
INSERT INTO oes.orders (order_id,customer_id,employee_id,order_date,shipped_date,shipper_id,freight_cost) VALUES (11015,70,171,'20200410','20200420',2,19);
INSERT INTO oes.orders (order_id,customer_id,employee_id,order_date,shipped_date,shipper_id,freight_cost) VALUES (11016,4,166,'20200410','20200413',2,33.8);
INSERT INTO oes.orders (order_id,customer_id,employee_id,order_date,shipped_date,shipper_id,freight_cost) VALUES (11017,20,163,'20200413','20200420',2,42);
INSERT INTO oes.orders (order_id,customer_id,employee_id,order_date,shipped_date,shipper_id,freight_cost) VALUES (11018,48,163,'20200413','20200416',2,80);
INSERT INTO oes.orders (order_id,customer_id,employee_id,order_date,shipped_date,shipper_id,freight_cost) VALUES (11019,64,NULL,'20200713',NULL,3,15.6);
INSERT INTO oes.orders (order_id,customer_id,employee_id,order_date,shipped_date,shipper_id,freight_cost) VALUES (11020,56,159,'20200414','20200416',2,43.3);
INSERT INTO oes.orders (order_id,customer_id,employee_id,order_date,shipped_date,shipper_id,freight_cost) VALUES (11021,63,159,'20200414','20200421',1,42);
INSERT INTO oes.orders (order_id,customer_id,employee_id,order_date,shipped_date,shipper_id,freight_cost) VALUES (11022,34,175,'20200414','20200504',2,35.6);
INSERT INTO oes.orders (order_id,customer_id,employee_id,order_date,shipped_date,shipper_id,freight_cost) VALUES (11023,11,177,'20200414','20200424',2,7.3);
INSERT INTO oes.orders (order_id,customer_id,employee_id,order_date,shipped_date,shipper_id,freight_cost) VALUES (11024,19,169,'20200415','20200420',1,38);
INSERT INTO oes.orders (order_id,customer_id,employee_id,order_date,shipped_date,shipper_id,freight_cost) VALUES (11025,87,147,'20200415','20200424',3,69.5);
INSERT INTO oes.orders (order_id,customer_id,employee_id,order_date,shipped_date,shipper_id,freight_cost) VALUES (11026,27,158,'20200415','20200428',1,4.6);
INSERT INTO oes.orders (order_id,customer_id,employee_id,order_date,shipped_date,shipper_id,freight_cost) VALUES (11027,10,175,'20200416','20200420',1,52.52);
INSERT INTO oes.orders (order_id,customer_id,employee_id,order_date,shipped_date,shipper_id,freight_cost) VALUES (11028,39,147,'20200416','20200422',1,83.9);
INSERT INTO oes.orders (order_id,customer_id,employee_id,order_date,shipped_date,shipper_id,freight_cost) VALUES (11029,14,145,'20200416','20200427',1,33);
INSERT INTO oes.orders (order_id,customer_id,employee_id,order_date,shipped_date,shipper_id,freight_cost) VALUES (11030,71,157,'20200417','20200427',2,21);
INSERT INTO oes.orders (order_id,customer_id,employee_id,order_date,shipped_date,shipper_id,freight_cost) VALUES (11031,71,148,'20200417','20200424',2,24);
INSERT INTO oes.orders (order_id,customer_id,employee_id,order_date,shipped_date,shipper_id,freight_cost) VALUES (11032,89,152,'20200417','20200423',3,26);
INSERT INTO oes.orders (order_id,customer_id,employee_id,order_date,shipped_date,shipper_id,freight_cost) VALUES (11033,68,151,'20200417','20200423',3,84.74);
INSERT INTO oes.orders (order_id,customer_id,employee_id,order_date,shipped_date,shipper_id,freight_cost) VALUES (11034,55,164,'20200420','20200427',1,40.32);
INSERT INTO oes.orders (order_id,customer_id,employee_id,order_date,shipped_date,shipper_id,freight_cost) VALUES (11035,76,157,'20200420','20200424',2,91.2);
INSERT INTO oes.orders (order_id,customer_id,employee_id,order_date,shipped_date,shipper_id,freight_cost) VALUES (11036,17,174,'20200420','20200422',3,36);
INSERT INTO oes.orders (order_id,customer_id,employee_id,order_date,shipped_date,shipper_id,freight_cost) VALUES (11037,30,151,'20200421','20200427',1,3.2);
INSERT INTO oes.orders (order_id,customer_id,employee_id,order_date,shipped_date,shipper_id,freight_cost) VALUES (11038,76,145,'20200421','20200430',2,61.1);
INSERT INTO oes.orders (order_id,customer_id,employee_id,order_date,shipped_date,shipper_id,freight_cost) VALUES (11039,47,NULL,'20200421',NULL,2,43);
INSERT INTO oes.orders (order_id,customer_id,employee_id,order_date,shipped_date,shipper_id,freight_cost) VALUES (11040,32,NULL,'20200422',NULL,3,18.84);
INSERT INTO oes.orders (order_id,customer_id,employee_id,order_date,shipped_date,shipper_id,freight_cost) VALUES (11041,14,152,'20200422','20200428',2,29);
INSERT INTO oes.orders (order_id,customer_id,employee_id,order_date,shipped_date,shipper_id,freight_cost) VALUES (11042,15,170,'20200422','20200501',1,29.99);
INSERT INTO oes.orders (order_id,customer_id,employee_id,order_date,shipped_date,shipper_id,freight_cost) VALUES (11043,74,163,'20200422','20200429',2,27.9);
INSERT INTO oes.orders (order_id,customer_id,employee_id,order_date,shipped_date,shipper_id,freight_cost) VALUES (11044,91,161,'20200423','20200501',1,8.72);
INSERT INTO oes.orders (order_id,customer_id,employee_id,order_date,shipped_date,shipper_id,freight_cost) VALUES (11045,10,NULL,'20200423',NULL,2,4.6);
INSERT INTO oes.orders (order_id,customer_id,employee_id,order_date,shipped_date,shipper_id,freight_cost) VALUES (11046,86,175,'20200423','20200424',2,71.64);
INSERT INTO oes.orders (order_id,customer_id,employee_id,order_date,shipped_date,shipper_id,freight_cost) VALUES (11047,19,145,'20200424','20200501',3,46.62);
INSERT INTO oes.orders (order_id,customer_id,employee_id,order_date,shipped_date,shipper_id,freight_cost) VALUES (11048,10,145,'20200424','20200430',3,3.2);
INSERT INTO oes.orders (order_id,customer_id,employee_id,order_date,shipped_date,shipper_id,freight_cost) VALUES (11049,31,175,'20200424','20200504',1,66.4);
INSERT INTO oes.orders (order_id,customer_id,employee_id,order_date,shipped_date,shipper_id,freight_cost) VALUES (11050,24,162,'20200427','20200505',2,3.6);
INSERT INTO oes.orders (order_id,customer_id,employee_id,order_date,shipped_date,shipper_id,freight_cost) VALUES (11051,41,NULL,'20200727',NULL,3,31.8);
INSERT INTO oes.orders (order_id,customer_id,employee_id,order_date,shipped_date,shipper_id,freight_cost) VALUES (11052,34,175,'20200427','20200501',1,12.5);
INSERT INTO oes.orders (order_id,customer_id,employee_id,order_date,shipped_date,shipper_id,freight_cost) VALUES (11053,59,146,'20200427','20200429',2,45);
INSERT INTO oes.orders (order_id,customer_id,employee_id,order_date,shipped_date,shipper_id,freight_cost) VALUES (11054,12,NULL,'20200428',NULL,1,1.8);
INSERT INTO oes.orders (order_id,customer_id,employee_id,order_date,shipped_date,shipper_id,freight_cost) VALUES (11055,35,175,'20200428','20200505',2,44);
INSERT INTO oes.orders (order_id,customer_id,employee_id,order_date,shipped_date,shipper_id,freight_cost) VALUES (11056,19,159,'20200428','20200501',2,59.7);
INSERT INTO oes.orders (order_id,customer_id,employee_id,order_date,shipped_date,shipper_id,freight_cost) VALUES (11057,53,148,'20200429','20200501',3,4.13);
INSERT INTO oes.orders (order_id,customer_id,employee_id,order_date,shipped_date,shipper_id,freight_cost) VALUES (11058,6,NULL,'20200729',NULL,3,76.8);
INSERT INTO oes.orders (order_id,customer_id,employee_id,order_date,shipped_date,shipper_id,freight_cost) VALUES (11059,67,NULL,'20200729',NULL,2,85.8);
INSERT INTO oes.orders (order_id,customer_id,employee_id,order_date,shipped_date,shipper_id,freight_cost) VALUES (11060,27,174,'20200430','20200504',2,37.4);
INSERT INTO oes.orders (order_id,customer_id,employee_id,order_date,shipped_date,shipper_id,freight_cost) VALUES (11061,32,NULL,'20200730',NULL,3,36.1);
INSERT INTO oes.orders (order_id,customer_id,employee_id,order_date,shipped_date,shipper_id,freight_cost) VALUES (11062,66,NULL,'20200730',NULL,2,29.93);
INSERT INTO oes.orders (order_id,customer_id,employee_id,order_date,shipped_date,shipper_id,freight_cost) VALUES (11063,37,165,'20200430','20200506',2,81.73);
INSERT INTO oes.orders (order_id,customer_id,employee_id,order_date,shipped_date,shipper_id,freight_cost) VALUES (11064,71,155,'20200501','20200504',1,68.9);
INSERT INTO oes.orders (order_id,customer_id,employee_id,order_date,shipped_date,shipper_id,freight_cost) VALUES (11065,46,NULL,'20200729',NULL,1,42.9);
INSERT INTO oes.orders (order_id,customer_id,employee_id,order_date,shipped_date,shipper_id,freight_cost) VALUES (11066,89,174,'20200501','20200504',2,50);
INSERT INTO oes.orders (order_id,customer_id,employee_id,order_date,shipped_date,shipper_id,freight_cost) VALUES (11067,17,148,'20200504','20200506',2,7.98);
INSERT INTO oes.orders (order_id,customer_id,employee_id,order_date,shipped_date,shipper_id,freight_cost) VALUES (11068,62,NULL,'20200729',NULL,2,13.1);
INSERT INTO oes.orders (order_id,customer_id,employee_id,order_date,shipped_date,shipper_id,freight_cost) VALUES (11069,80,164,'20200504','20200506',2,1.4);
INSERT INTO oes.orders (order_id,customer_id,employee_id,order_date,shipped_date,shipper_id,freight_cost) VALUES (11070,44,NULL,'20200731',NULL,1,26);
INSERT INTO oes.orders (order_id,customer_id,employee_id,order_date,shipped_date,shipper_id,freight_cost) VALUES (11071,46,NULL,'20200731',NULL,1,4.2);
INSERT INTO oes.orders (order_id,customer_id,employee_id,order_date,shipped_date,shipper_id,freight_cost) VALUES (11072,20,NULL,'20200731',NULL,2,29);
INSERT INTO oes.orders (order_id,customer_id,employee_id,order_date,shipped_date,shipper_id,freight_cost) VALUES (11073,58,NULL,'20200731',NULL,2,73.8);
INSERT INTO oes.orders (order_id,customer_id,employee_id,order_date,shipped_date,shipper_id,freight_cost) VALUES (11074,73,NULL,'20200731',NULL,2,18.44);
INSERT INTO oes.orders (order_id,customer_id,employee_id,order_date,shipped_date,shipper_id,freight_cost) VALUES (11075,68,NULL,'20200730',NULL,2,54.1);
INSERT INTO oes.orders (order_id,customer_id,employee_id,order_date,shipped_date,shipper_id,freight_cost) VALUES (11076,9,NULL,'20200730',NULL,2,38.28);
INSERT INTO oes.orders (order_id,customer_id,employee_id,order_date,shipped_date,shipper_id,freight_cost) VALUES (11077,65,NULL,'20200730',NULL,2,36);
SET IDENTITY_INSERT oes.orders OFF;


-- Populate table oes.order_items
INSERT INTO oes.order_items (order_id,product_id,unit_price,quantity,discount) VALUES (10607,7,39,4,0);
INSERT INTO oes.order_items (order_id,product_id,unit_price,quantity,discount) VALUES (10607,17,390.04,5,0);
INSERT INTO oes.order_items (order_id,product_id,unit_price,quantity,discount) VALUES (10607,33,22.71,7,0);
INSERT INTO oes.order_items (order_id,product_id,unit_price,quantity,discount) VALUES (10607,40,192.41,4,0);
INSERT INTO oes.order_items (order_id,product_id,unit_price,quantity,discount) VALUES (10607,72,96.02,2,0);
INSERT INTO oes.order_items (order_id,product_id,unit_price,quantity,discount) VALUES (10608,56,1736.29,14,0);
INSERT INTO oes.order_items (order_id,product_id,unit_price,quantity,discount) VALUES (10609,1,1286.01,6,0);
INSERT INTO oes.order_items (order_id,product_id,unit_price,quantity,discount) VALUES (10609,10,763.42,2,0);
INSERT INTO oes.order_items (order_id,product_id,unit_price,quantity,discount) VALUES (10609,21,617.27,10,0);
INSERT INTO oes.order_items (order_id,product_id,unit_price,quantity,discount) VALUES (10610,36,661.3,12,0.25);
INSERT INTO oes.order_items (order_id,product_id,unit_price,quantity,discount) VALUES (10611,1,1247.04,11,0);
INSERT INTO oes.order_items (order_id,product_id,unit_price,quantity,discount) VALUES (10611,2,1454.03,5,0);
INSERT INTO oes.order_items (order_id,product_id,unit_price,quantity,discount) VALUES (10611,60,732.55,7,0);
INSERT INTO oes.order_items (order_id,product_id,unit_price,quantity,discount) VALUES (10612,10,771.21,8,0);
INSERT INTO oes.order_items (order_id,product_id,unit_price,quantity,discount) VALUES (10612,36,688.85,4,0);
INSERT INTO oes.order_items (order_id,product_id,unit_price,quantity,discount) VALUES (10612,49,319.11,4,0);
INSERT INTO oes.order_items (order_id,product_id,unit_price,quantity,discount) VALUES (10612,60,747.5,4,0);
INSERT INTO oes.order_items (order_id,product_id,unit_price,quantity,discount) VALUES (10612,76,67.32,11,0);
INSERT INTO oes.order_items (order_id,product_id,unit_price,quantity,discount) VALUES (10613,13,56.64,1,0.1);
INSERT INTO oes.order_items (order_id,product_id,unit_price,quantity,discount) VALUES (10613,75,53.45,12,0);
INSERT INTO oes.order_items (order_id,product_id,unit_price,quantity,discount) VALUES (10614,11,619.36,1,0);
INSERT INTO oes.order_items (order_id,product_id,unit_price,quantity,discount) VALUES (10614,21,611.03,15,0);
INSERT INTO oes.order_items (order_id,product_id,unit_price,quantity,discount) VALUES (10614,39,23,11,0);
INSERT INTO oes.order_items (order_id,product_id,unit_price,quantity,discount) VALUES (10615,55,383.03,15,0);
INSERT INTO oes.order_items (order_id,product_id,unit_price,quantity,discount) VALUES (10616,38,339.5,15,0.05);
INSERT INTO oes.order_items (order_id,product_id,unit_price,quantity,discount) VALUES (10616,56,1754.19,11,0);
INSERT INTO oes.order_items (order_id,product_id,unit_price,quantity,discount) VALUES (10616,70,81.48,12,0.05);
INSERT INTO oes.order_items (order_id,product_id,unit_price,quantity,discount) VALUES (10616,71,404.91,9,0.05);
INSERT INTO oes.order_items (order_id,product_id,unit_price,quantity,discount) VALUES (10617,59,1426,12,0.15);
INSERT INTO oes.order_items (order_id,product_id,unit_price,quantity,discount) VALUES (10618,6,105.73,5,0);
INSERT INTO oes.order_items (order_id,product_id,unit_price,quantity,discount) VALUES (10618,56,1754.19,4,0);
INSERT INTO oes.order_items (order_id,product_id,unit_price,quantity,discount) VALUES (10618,68,49.99,3,0);
INSERT INTO oes.order_items (order_id,product_id,unit_price,quantity,discount) VALUES (10619,21,611.03,13,0);
INSERT INTO oes.order_items (order_id,product_id,unit_price,quantity,discount) VALUES (10619,22,3669.12,14,0);
INSERT INTO oes.order_items (order_id,product_id,unit_price,quantity,discount) VALUES (10620,24,969.99,7,0);
INSERT INTO oes.order_items (order_id,product_id,unit_price,quantity,discount) VALUES (10620,52,425.99,4,0);
INSERT INTO oes.order_items (order_id,product_id,unit_price,quantity,discount) VALUES (10621,19,652.41,2,0);
INSERT INTO oes.order_items (order_id,product_id,unit_price,quantity,discount) VALUES (10621,23,343.93,10,0);
INSERT INTO oes.order_items (order_id,product_id,unit_price,quantity,discount) VALUES (10621,70,83.16,11,0);
INSERT INTO oes.order_items (order_id,product_id,unit_price,quantity,discount) VALUES (10621,71,409,6,0);
INSERT INTO oes.order_items (order_id,product_id,unit_price,quantity,discount) VALUES (10622,2,1439.04,1,0);
INSERT INTO oes.order_items (order_id,product_id,unit_price,quantity,discount) VALUES (10622,68,49.99,11,0.2);
INSERT INTO oes.order_items (order_id,product_id,unit_price,quantity,discount) VALUES (10623,14,22.79,8,0);
INSERT INTO oes.order_items (order_id,product_id,unit_price,quantity,discount) VALUES (10623,19,632.64,9,0.1);
INSERT INTO oes.order_items (order_id,product_id,unit_price,quantity,discount) VALUES (10623,21,598.56,7,0.1);
INSERT INTO oes.order_items (order_id,product_id,unit_price,quantity,discount) VALUES (10623,24,989.99,3,0);
INSERT INTO oes.order_items (order_id,product_id,unit_price,quantity,discount) VALUES (10623,35,66.93,6,0.1);
INSERT INTO oes.order_items (order_id,product_id,unit_price,quantity,discount) VALUES (10624,28,30.72,1,0);
INSERT INTO oes.order_items (order_id,product_id,unit_price,quantity,discount) VALUES (10624,29,339.5,5,0);
INSERT INTO oes.order_items (order_id,product_id,unit_price,quantity,discount) VALUES (10624,44,578.99,3,0);
INSERT INTO oes.order_items (order_id,product_id,unit_price,quantity,discount) VALUES (10625,14,22.79,1,0);
INSERT INTO oes.order_items (order_id,product_id,unit_price,quantity,discount) VALUES (10625,42,1022.67,4,0);
INSERT INTO oes.order_items (order_id,product_id,unit_price,quantity,discount) VALUES (10625,60,717.6,5,0);
INSERT INTO oes.order_items (order_id,product_id,unit_price,quantity,discount) VALUES (10626,53,300,13,0);
INSERT INTO oes.order_items (order_id,product_id,unit_price,quantity,discount) VALUES (10626,60,747.5,3,0);
INSERT INTO oes.order_items (order_id,product_id,unit_price,quantity,discount) VALUES (10626,71,392.64,2,0);
INSERT INTO oes.order_items (order_id,product_id,unit_price,quantity,discount) VALUES (10627,62,67.89,10,0);
INSERT INTO oes.order_items (order_id,product_id,unit_price,quantity,discount) VALUES (10627,73,192.99,13,0.15);
INSERT INTO oes.order_items (order_id,product_id,unit_price,quantity,discount) VALUES (10628,1,1260.03,11,0);
INSERT INTO oes.order_items (order_id,product_id,unit_price,quantity,discount) VALUES (10629,29,343,4,0);
INSERT INTO oes.order_items (order_id,product_id,unit_price,quantity,discount) VALUES (10629,64,1567.01,4,0);
INSERT INTO oes.order_items (order_id,product_id,unit_price,quantity,discount) VALUES (10630,55,387.02,6,0.05);
INSERT INTO oes.order_items (order_id,product_id,unit_price,quantity,discount) VALUES (10630,76,65.28,3,0);
INSERT INTO oes.order_items (order_id,product_id,unit_price,quantity,discount) VALUES (10631,75,52.37,1,0.1);
INSERT INTO oes.order_items (order_id,product_id,unit_price,quantity,discount) VALUES (10632,2,1454.03,14,0.05);
INSERT INTO oes.order_items (order_id,product_id,unit_price,quantity,discount) VALUES (10632,33,22.48,8,0.05);
INSERT INTO oes.order_items (order_id,product_id,unit_price,quantity,discount) VALUES (10633,12,440.64,4,0.15);
INSERT INTO oes.order_items (order_id,product_id,unit_price,quantity,discount) VALUES (10633,13,58.41,14,0.15);
INSERT INTO oes.order_items (order_id,product_id,unit_price,quantity,discount) VALUES (10633,26,2491.67,1,0.15);
INSERT INTO oes.order_items (order_id,product_id,unit_price,quantity,discount) VALUES (10633,62,69.29,8,0.15);
INSERT INTO oes.order_items (order_id,product_id,unit_price,quantity,discount) VALUES (10634,7,38.22,7,0);
INSERT INTO oes.order_items (order_id,product_id,unit_price,quantity,discount) VALUES (10634,18,28.18,10,0);
INSERT INTO oes.order_items (order_id,product_id,unit_price,quantity,discount) VALUES (10634,51,42.71,5,0);
INSERT INTO oes.order_items (order_id,product_id,unit_price,quantity,discount) VALUES (10634,75,51.83,11,0);
INSERT INTO oes.order_items (order_id,product_id,unit_price,quantity,discount) VALUES (10635,4,342.01,7,0.1);
INSERT INTO oes.order_items (order_id,product_id,unit_price,quantity,discount) VALUES (10635,5,144.53,10,0.1);
INSERT INTO oes.order_items (order_id,product_id,unit_price,quantity,discount) VALUES (10635,22,3706.56,13,0);
INSERT INTO oes.order_items (order_id,product_id,unit_price,quantity,discount) VALUES (10636,4,345.5,11,0);
INSERT INTO oes.order_items (order_id,product_id,unit_price,quantity,discount) VALUES (10636,58,98.99,1,0);
INSERT INTO oes.order_items (order_id,product_id,unit_price,quantity,discount) VALUES (10637,11,606.72,15,0);
INSERT INTO oes.order_items (order_id,product_id,unit_price,quantity,discount) VALUES (10637,50,95.04,10,0.05);
INSERT INTO oes.order_items (order_id,product_id,unit_price,quantity,discount) VALUES (10637,56,1789.99,12,0.05);
INSERT INTO oes.order_items (order_id,product_id,unit_price,quantity,discount) VALUES (10638,45,243.47,12,0);
INSERT INTO oes.order_items (order_id,product_id,unit_price,quantity,discount) VALUES (10638,65,179.19,2,0);
INSERT INTO oes.order_items (order_id,product_id,unit_price,quantity,discount) VALUES (10638,72,98.99,12,0);
INSERT INTO oes.order_items (order_id,product_id,unit_price,quantity,discount) VALUES (10639,18,28.18,13,0);
INSERT INTO oes.order_items (order_id,product_id,unit_price,quantity,discount) VALUES (10640,69,329.66,15,0.25);
INSERT INTO oes.order_items (order_id,product_id,unit_price,quantity,discount) VALUES (10640,70,82.32,11,0.25);
INSERT INTO oes.order_items (order_id,product_id,unit_price,quantity,discount) VALUES (10641,2,1499,5,0);
INSERT INTO oes.order_items (order_id,product_id,unit_price,quantity,discount) VALUES (10641,40,192.41,11,0);
INSERT INTO oes.order_items (order_id,product_id,unit_price,quantity,discount) VALUES (10642,21,611.03,4,0.2);
INSERT INTO oes.order_items (order_id,product_id,unit_price,quantity,discount) VALUES (10642,61,147.99,12,0.2);
INSERT INTO oes.order_items (order_id,product_id,unit_price,quantity,discount) VALUES (10643,28,31.68,5,0.25);
INSERT INTO oes.order_items (order_id,product_id,unit_price,quantity,discount) VALUES (10643,39,22.54,11,0.25);
INSERT INTO oes.order_items (order_id,product_id,unit_price,quantity,discount) VALUES (10643,46,71.76,6,0.25);
INSERT INTO oes.order_items (order_id,product_id,unit_price,quantity,discount) VALUES (10644,18,27.6,6,0.1);
INSERT INTO oes.order_items (order_id,product_id,unit_price,quantity,discount) VALUES (10644,43,84.23,7,0);
INSERT INTO oes.order_items (order_id,product_id,unit_price,quantity,discount) VALUES (10644,46,71.76,12,0.1);
INSERT INTO oes.order_items (order_id,product_id,unit_price,quantity,discount) VALUES (10645,18,28.18,10,0);
INSERT INTO oes.order_items (order_id,product_id,unit_price,quantity,discount) VALUES (10645,36,668.18,6,0);
INSERT INTO oes.order_items (order_id,product_id,unit_price,quantity,discount) VALUES (10646,1,1286.01,12,0.25);
INSERT INTO oes.order_items (order_id,product_id,unit_price,quantity,discount) VALUES (10646,10,771.21,8,0.25);
INSERT INTO oes.order_items (order_id,product_id,unit_price,quantity,discount) VALUES (10646,71,396.73,11,0.25);
INSERT INTO oes.order_items (order_id,product_id,unit_price,quantity,discount) VALUES (10646,77,128.8,6,0.25);
INSERT INTO oes.order_items (order_id,product_id,unit_price,quantity,discount) VALUES (10647,19,659,5,0);
INSERT INTO oes.order_items (order_id,product_id,unit_price,quantity,discount) VALUES (10647,39,22.08,9,0);
INSERT INTO oes.order_items (order_id,product_id,unit_price,quantity,discount) VALUES (10648,22,3744,10,0);
INSERT INTO oes.order_items (order_id,product_id,unit_price,quantity,discount) VALUES (10648,24,989.99,8,0.15);
INSERT INTO oes.order_items (order_id,product_id,unit_price,quantity,discount) VALUES (10649,28,31.04,8,0);
INSERT INTO oes.order_items (order_id,product_id,unit_price,quantity,discount) VALUES (10649,72,96.02,9,0);
INSERT INTO oes.order_items (order_id,product_id,unit_price,quantity,discount) VALUES (10650,30,335.94,8,0);
INSERT INTO oes.order_items (order_id,product_id,unit_price,quantity,discount) VALUES (10650,53,297,4,0.05);
INSERT INTO oes.order_items (order_id,product_id,unit_price,quantity,discount) VALUES (10650,54,641.41,15,0);
INSERT INTO oes.order_items (order_id,product_id,unit_price,quantity,discount) VALUES (10651,19,632.64,3,0.25);
INSERT INTO oes.order_items (order_id,product_id,unit_price,quantity,discount) VALUES (10651,22,3594.24,12,0.25);
INSERT INTO oes.order_items (order_id,product_id,unit_price,quantity,discount) VALUES (10652,30,339.44,11,0.25);
INSERT INTO oes.order_items (order_id,product_id,unit_price,quantity,discount) VALUES (10652,42,1012.34,11,0);
INSERT INTO oes.order_items (order_id,product_id,unit_price,quantity,discount) VALUES (10653,16,578.99,8,0.1);
INSERT INTO oes.order_items (order_id,product_id,unit_price,quantity,discount) VALUES (10653,60,747.5,5,0.1);
INSERT INTO oes.order_items (order_id,product_id,unit_price,quantity,discount) VALUES (10654,4,348.99,8,0.1);
INSERT INTO oes.order_items (order_id,product_id,unit_price,quantity,discount) VALUES (10654,39,22.54,1,0.1);
INSERT INTO oes.order_items (order_id,product_id,unit_price,quantity,discount) VALUES (10654,54,661.25,2,0.1);
INSERT INTO oes.order_items (order_id,product_id,unit_price,quantity,discount) VALUES (10655,41,130.93,14,0.2);
INSERT INTO oes.order_items (order_id,product_id,unit_price,quantity,discount) VALUES (10656,14,22.55,15,0.1);
INSERT INTO oes.order_items (order_id,product_id,unit_price,quantity,discount) VALUES (10656,44,555.83,7,0.1);
INSERT INTO oes.order_items (order_id,product_id,unit_price,quantity,discount) VALUES (10656,47,989,14,0.1);
INSERT INTO oes.order_items (order_id,product_id,unit_price,quantity,discount) VALUES (10657,15,273.41,12,0);
INSERT INTO oes.order_items (order_id,product_id,unit_price,quantity,discount) VALUES (10657,41,130.93,7,0);
INSERT INTO oes.order_items (order_id,product_id,unit_price,quantity,discount) VALUES (10657,46,71.76,12,0);
INSERT INTO oes.order_items (order_id,product_id,unit_price,quantity,discount) VALUES (10657,47,949.44,13,0);
INSERT INTO oes.order_items (order_id,product_id,unit_price,quantity,discount) VALUES (10657,56,1789.99,8,0);
INSERT INTO oes.order_items (order_id,product_id,unit_price,quantity,discount) VALUES (10657,60,717.6,9,0);
INSERT INTO oes.order_items (order_id,product_id,unit_price,quantity,discount) VALUES (10658,21,623.5,6,0);
INSERT INTO oes.order_items (order_id,product_id,unit_price,quantity,discount) VALUES (10658,40,190.46,11,0.05);
INSERT INTO oes.order_items (order_id,product_id,unit_price,quantity,discount) VALUES (10658,60,740.03,6,0.05);
INSERT INTO oes.order_items (order_id,product_id,unit_price,quantity,discount) VALUES (10658,77,124.94,14,0.05);
INSERT INTO oes.order_items (order_id,product_id,unit_price,quantity,discount) VALUES (10659,31,157.41,6,0.05);
INSERT INTO oes.order_items (order_id,product_id,unit_price,quantity,discount) VALUES (10659,40,188.52,6,0.05);
INSERT INTO oes.order_items (order_id,product_id,unit_price,quantity,discount) VALUES (10659,70,84,11,0.05);
INSERT INTO oes.order_items (order_id,product_id,unit_price,quantity,discount) VALUES (10660,20,577.15,4,0);
INSERT INTO oes.order_items (order_id,product_id,unit_price,quantity,discount) VALUES (10661,39,22.54,9,0.2);
INSERT INTO oes.order_items (order_id,product_id,unit_price,quantity,discount) VALUES (10661,58,96.02,13,0.2);
INSERT INTO oes.order_items (order_id,product_id,unit_price,quantity,discount) VALUES (10662,68,49.99,5,0);
INSERT INTO oes.order_items (order_id,product_id,unit_price,quantity,discount) VALUES (10663,40,186.58,11,0.05);
INSERT INTO oes.order_items (order_id,product_id,unit_price,quantity,discount) VALUES (10663,42,1012.34,5,0.05);
INSERT INTO oes.order_items (order_id,product_id,unit_price,quantity,discount) VALUES (10663,51,44.49,15,0.05);
INSERT INTO oes.order_items (order_id,product_id,unit_price,quantity,discount) VALUES (10664,10,779,4,0.15);
INSERT INTO oes.order_items (order_id,product_id,unit_price,quantity,discount) VALUES (10664,56,1789.99,6,0.15);
INSERT INTO oes.order_items (order_id,product_id,unit_price,quantity,discount) VALUES (10664,65,181.02,8,0.15);
INSERT INTO oes.order_items (order_id,product_id,unit_price,quantity,discount) VALUES (10665,51,42.71,10,0);
INSERT INTO oes.order_items (order_id,product_id,unit_price,quantity,discount) VALUES (10665,59,1368.96,13,0);
INSERT INTO oes.order_items (order_id,product_id,unit_price,quantity,discount) VALUES (10665,76,66.64,7,0);
INSERT INTO oes.order_items (order_id,product_id,unit_price,quantity,discount) VALUES (10666,29,339.5,4,0);
INSERT INTO oes.order_items (order_id,product_id,unit_price,quantity,discount) VALUES (10666,65,177.36,15,0);
INSERT INTO oes.order_items (order_id,product_id,unit_price,quantity,discount) VALUES (10667,69,323,13,0.2);
INSERT INTO oes.order_items (order_id,product_id,unit_price,quantity,discount) VALUES (10667,71,392.64,1,0.2);
INSERT INTO oes.order_items (order_id,product_id,unit_price,quantity,discount) VALUES (10668,31,159,2,0.1);
INSERT INTO oes.order_items (order_id,product_id,unit_price,quantity,discount) VALUES (10668,55,395,1,0.1);
INSERT INTO oes.order_items (order_id,product_id,unit_price,quantity,discount) VALUES (10668,64,1583,10,0.1);
INSERT INTO oes.order_items (order_id,product_id,unit_price,quantity,discount) VALUES (10669,36,681.96,12,0);
INSERT INTO oes.order_items (order_id,product_id,unit_price,quantity,discount) VALUES (10670,23,350.95,13,0);
INSERT INTO oes.order_items (order_id,product_id,unit_price,quantity,discount) VALUES (10670,46,71.76,3,0);
INSERT INTO oes.order_items (order_id,product_id,unit_price,quantity,discount) VALUES (10670,67,19.6,9,0);
INSERT INTO oes.order_items (order_id,product_id,unit_price,quantity,discount) VALUES (10670,73,187.2,8,0);
INSERT INTO oes.order_items (order_id,product_id,unit_price,quantity,discount) VALUES (10670,75,53.99,13,0);
INSERT INTO oes.order_items (order_id,product_id,unit_price,quantity,discount) VALUES (10671,16,567.41,10,0);
INSERT INTO oes.order_items (order_id,product_id,unit_price,quantity,discount) VALUES (10671,62,69.99,2,0);
INSERT INTO oes.order_items (order_id,product_id,unit_price,quantity,discount) VALUES (10671,65,175.54,2,0);
INSERT INTO oes.order_items (order_id,product_id,unit_price,quantity,discount) VALUES (10672,38,325.92,11,0.1);
INSERT INTO oes.order_items (order_id,product_id,unit_price,quantity,discount) VALUES (10672,71,396.73,8,0);
INSERT INTO oes.order_items (order_id,product_id,unit_price,quantity,discount) VALUES (10673,16,573.2,4,0);
INSERT INTO oes.order_items (order_id,product_id,unit_price,quantity,discount) VALUES (10673,42,1012.34,7,0);
INSERT INTO oes.order_items (order_id,product_id,unit_price,quantity,discount) VALUES (10673,43,85.95,2,0);
INSERT INTO oes.order_items (order_id,product_id,unit_price,quantity,discount) VALUES (10674,23,340.42,15,0);
INSERT INTO oes.order_items (order_id,product_id,unit_price,quantity,discount) VALUES (10675,14,22.32,4,0);
INSERT INTO oes.order_items (order_id,product_id,unit_price,quantity,discount) VALUES (10675,53,288,9,0);
INSERT INTO oes.order_items (order_id,product_id,unit_price,quantity,discount) VALUES (10675,58,96.02,1,0);
INSERT INTO oes.order_items (order_id,product_id,unit_price,quantity,discount) VALUES (10676,10,755.63,14,0);
INSERT INTO oes.order_items (order_id,product_id,unit_price,quantity,discount) VALUES (10676,19,645.82,5,0);
INSERT INTO oes.order_items (order_id,product_id,unit_price,quantity,discount) VALUES (10676,44,555.83,15,0);
INSERT INTO oes.order_items (order_id,product_id,unit_price,quantity,discount) VALUES (10677,26,2466.75,13,0.15);
INSERT INTO oes.order_items (order_id,product_id,unit_price,quantity,discount) VALUES (10677,33,22.94,1,0.15);
INSERT INTO oes.order_items (order_id,product_id,unit_price,quantity,discount) VALUES (10678,12,445.23,6,0);
INSERT INTO oes.order_items (order_id,product_id,unit_price,quantity,discount) VALUES (10678,33,22.02,7,0);
INSERT INTO oes.order_items (order_id,product_id,unit_price,quantity,discount) VALUES (10678,41,129.61,2,0);
INSERT INTO oes.order_items (order_id,product_id,unit_price,quantity,discount) VALUES (10678,54,661.25,12,0);
INSERT INTO oes.order_items (order_id,product_id,unit_price,quantity,discount) VALUES (10679,59,1397.48,14,0);
INSERT INTO oes.order_items (order_id,product_id,unit_price,quantity,discount) VALUES (10680,16,561.62,6,0.25);
INSERT INTO oes.order_items (order_id,product_id,unit_price,quantity,discount) VALUES (10680,31,152.64,9,0.25);
INSERT INTO oes.order_items (order_id,product_id,unit_price,quantity,discount) VALUES (10680,42,1012.34,4,0.25);
INSERT INTO oes.order_items (order_id,product_id,unit_price,quantity,discount) VALUES (10681,19,639.23,8,0.1);
INSERT INTO oes.order_items (order_id,product_id,unit_price,quantity,discount) VALUES (10681,21,604.8,13,0.1);
INSERT INTO oes.order_items (order_id,product_id,unit_price,quantity,discount) VALUES (10681,64,1535.03,4,0);
INSERT INTO oes.order_items (order_id,product_id,unit_price,quantity,discount) VALUES (10682,33,22.94,6,0);
INSERT INTO oes.order_items (order_id,product_id,unit_price,quantity,discount) VALUES (10682,66,79.92,3,0);
INSERT INTO oes.order_items (order_id,product_id,unit_price,quantity,discount) VALUES (10682,75,51.83,2,0);
INSERT INTO oes.order_items (order_id,product_id,unit_price,quantity,discount) VALUES (10683,52,413.21,15,0);
INSERT INTO oes.order_items (order_id,product_id,unit_price,quantity,discount) VALUES (10684,40,192.41,1,0);
INSERT INTO oes.order_items (order_id,product_id,unit_price,quantity,discount) VALUES (10684,47,969.22,7,0);
INSERT INTO oes.order_items (order_id,product_id,unit_price,quantity,discount) VALUES (10684,60,740.03,3,0);
INSERT INTO oes.order_items (order_id,product_id,unit_price,quantity,discount) VALUES (10685,10,747.84,11,0);
INSERT INTO oes.order_items (order_id,product_id,unit_price,quantity,discount) VALUES (10685,41,126.96,1,0);
INSERT INTO oes.order_items (order_id,product_id,unit_price,quantity,discount) VALUES (10685,47,979.11,8,0);
INSERT INTO oes.order_items (order_id,product_id,unit_price,quantity,discount) VALUES (10686,17,394.02,2,0.2);
INSERT INTO oes.order_items (order_id,product_id,unit_price,quantity,discount) VALUES (10686,26,2441.84,10,0);
INSERT INTO oes.order_items (order_id,product_id,unit_price,quantity,discount) VALUES (10687,9,495,8,0.25);
INSERT INTO oes.order_items (order_id,product_id,unit_price,quantity,discount) VALUES (10687,29,346.5,15,0);
INSERT INTO oes.order_items (order_id,product_id,unit_price,quantity,discount) VALUES (10687,36,681.96,12,0.25);
INSERT INTO oes.order_items (order_id,product_id,unit_price,quantity,discount) VALUES (10688,10,763.42,8,0.1);
INSERT INTO oes.order_items (order_id,product_id,unit_price,quantity,discount) VALUES (10688,28,30.72,10,0.1);
INSERT INTO oes.order_items (order_id,product_id,unit_price,quantity,discount) VALUES (10688,34,1454.03,7,0);
INSERT INTO oes.order_items (order_id,product_id,unit_price,quantity,discount) VALUES (10689,1,1247.04,9,0.25);
INSERT INTO oes.order_items (order_id,product_id,unit_price,quantity,discount) VALUES (10690,56,1754.19,9,0.25);
INSERT INTO oes.order_items (order_id,product_id,unit_price,quantity,discount) VALUES (10690,77,124.94,12,0.25);
INSERT INTO oes.order_items (order_id,product_id,unit_price,quantity,discount) VALUES (10691,1,1260.03,3,0);
INSERT INTO oes.order_items (order_id,product_id,unit_price,quantity,discount) VALUES (10691,29,343,1,0);
INSERT INTO oes.order_items (order_id,product_id,unit_price,quantity,discount) VALUES (10691,43,85.95,8,0);
INSERT INTO oes.order_items (order_id,product_id,unit_price,quantity,discount) VALUES (10691,44,573.2,1,0);
INSERT INTO oes.order_items (order_id,product_id,unit_price,quantity,discount) VALUES (10691,62,69.99,6,0);
INSERT INTO oes.order_items (order_id,product_id,unit_price,quantity,discount) VALUES (10692,63,1861.02,10,0);
INSERT INTO oes.order_items (order_id,product_id,unit_price,quantity,discount) VALUES (10693,9,495,14,0);
INSERT INTO oes.order_items (order_id,product_id,unit_price,quantity,discount) VALUES (10693,54,641.41,7,0.15);
INSERT INTO oes.order_items (order_id,product_id,unit_price,quantity,discount) VALUES (10693,69,323,1,0.15);
INSERT INTO oes.order_items (order_id,product_id,unit_price,quantity,discount) VALUES (10693,73,192.99,6,0.15);
INSERT INTO oes.order_items (order_id,product_id,unit_price,quantity,discount) VALUES (10694,7,38.22,4,0);
INSERT INTO oes.order_items (order_id,product_id,unit_price,quantity,discount) VALUES (10694,59,1397.48,3,0);
INSERT INTO oes.order_items (order_id,product_id,unit_price,quantity,discount) VALUES (10694,70,84,13,0);
INSERT INTO oes.order_items (order_id,product_id,unit_price,quantity,discount) VALUES (10695,8,169.64,2,0);
INSERT INTO oes.order_items (order_id,product_id,unit_price,quantity,discount) VALUES (10695,12,449.82,5,0);
INSERT INTO oes.order_items (order_id,product_id,unit_price,quantity,discount) VALUES (10695,24,979.99,10,0);
INSERT INTO oes.order_items (order_id,product_id,unit_price,quantity,discount) VALUES (10696,17,390.04,6,0);
INSERT INTO oes.order_items (order_id,product_id,unit_price,quantity,discount) VALUES (10696,46,74.75,11,0);
INSERT INTO oes.order_items (order_id,product_id,unit_price,quantity,discount) VALUES (10697,19,645.82,5,0.25);
INSERT INTO oes.order_items (order_id,product_id,unit_price,quantity,discount) VALUES (10697,35,66.93,6,0.25);
INSERT INTO oes.order_items (order_id,product_id,unit_price,quantity,discount) VALUES (10697,58,98,13,0.25);
INSERT INTO oes.order_items (order_id,product_id,unit_price,quantity,discount) VALUES (10697,70,80.64,7,0.25);
INSERT INTO oes.order_items (order_id,product_id,unit_price,quantity,discount) VALUES (10698,11,606.72,2,0);
INSERT INTO oes.order_items (order_id,product_id,unit_price,quantity,discount) VALUES (10698,17,398,5,0.05);
INSERT INTO oes.order_items (order_id,product_id,unit_price,quantity,discount) VALUES (10698,29,339.5,9,0.05);
INSERT INTO oes.order_items (order_id,product_id,unit_price,quantity,discount) VALUES (10698,65,177.36,15,0.05);
INSERT INTO oes.order_items (order_id,product_id,unit_price,quantity,discount) VALUES (10698,70,80.64,4,0.05);
INSERT INTO oes.order_items (order_id,product_id,unit_price,quantity,discount) VALUES (10699,47,979.11,13,0);
INSERT INTO oes.order_items (order_id,product_id,unit_price,quantity,discount) VALUES (10700,1,1247.04,12,0.2);
INSERT INTO oes.order_items (order_id,product_id,unit_price,quantity,discount) VALUES (10700,34,1484.01,6,0.2);
INSERT INTO oes.order_items (order_id,product_id,unit_price,quantity,discount) VALUES (10700,68,49.49,1,0.2);
INSERT INTO oes.order_items (order_id,product_id,unit_price,quantity,discount) VALUES (10700,71,404.91,7,0.2);
INSERT INTO oes.order_items (order_id,product_id,unit_price,quantity,discount) VALUES (10701,59,1397.48,10,0.15);
INSERT INTO oes.order_items (order_id,product_id,unit_price,quantity,discount) VALUES (10701,71,404.91,1,0.15);
INSERT INTO oes.order_items (order_id,product_id,unit_price,quantity,discount) VALUES (10701,76,67.32,8,0.15);
INSERT INTO oes.order_items (order_id,product_id,unit_price,quantity,discount) VALUES (10702,3,767.04,12,0);
INSERT INTO oes.order_items (order_id,product_id,unit_price,quantity,discount) VALUES (10702,76,66.64,4,0);
INSERT INTO oes.order_items (order_id,product_id,unit_price,quantity,discount) VALUES (10703,2,1454.03,4,0);
INSERT INTO oes.order_items (order_id,product_id,unit_price,quantity,discount) VALUES (10703,59,1368.96,8,0);
INSERT INTO oes.order_items (order_id,product_id,unit_price,quantity,discount) VALUES (10703,73,192.99,5,0);
INSERT INTO oes.order_items (order_id,product_id,unit_price,quantity,discount) VALUES (10704,4,345.5,1,0);
INSERT INTO oes.order_items (order_id,product_id,unit_price,quantity,discount) VALUES (10704,24,979.99,13,0);
INSERT INTO oes.order_items (order_id,product_id,unit_price,quantity,discount) VALUES (10704,48,1499,6,0);
INSERT INTO oes.order_items (order_id,product_id,unit_price,quantity,discount) VALUES (10705,31,157.41,9,0);
INSERT INTO oes.order_items (order_id,product_id,unit_price,quantity,discount) VALUES (10705,32,248.63,9,0);
INSERT INTO oes.order_items (order_id,product_id,unit_price,quantity,discount) VALUES (10706,16,573.2,8,0);
INSERT INTO oes.order_items (order_id,product_id,unit_price,quantity,discount) VALUES (10706,43,85.09,15,0);
INSERT INTO oes.order_items (order_id,product_id,unit_price,quantity,discount) VALUES (10706,59,1426,14,0);
INSERT INTO oes.order_items (order_id,product_id,unit_price,quantity,discount) VALUES (10707,55,391.01,10,0);
INSERT INTO oes.order_items (order_id,product_id,unit_price,quantity,discount) VALUES (10707,57,2104,3,0);
INSERT INTO oes.order_items (order_id,product_id,unit_price,quantity,discount) VALUES (10707,70,80.64,10,0.15);
INSERT INTO oes.order_items (order_id,product_id,unit_price,quantity,discount) VALUES (10708,5,144.53,15,0);
INSERT INTO oes.order_items (order_id,product_id,unit_price,quantity,discount) VALUES (10708,36,661.3,14,0);
INSERT INTO oes.order_items (order_id,product_id,unit_price,quantity,discount) VALUES (10709,8,164.5,10,0);
INSERT INTO oes.order_items (order_id,product_id,unit_price,quantity,discount) VALUES (10709,51,44.49,14,0);
INSERT INTO oes.order_items (order_id,product_id,unit_price,quantity,discount) VALUES (10709,60,717.6,11,0);
INSERT INTO oes.order_items (order_id,product_id,unit_price,quantity,discount) VALUES (10710,19,632.64,2,0);
INSERT INTO oes.order_items (order_id,product_id,unit_price,quantity,discount) VALUES (10710,47,959.33,5,0);
INSERT INTO oes.order_items (order_id,product_id,unit_price,quantity,discount) VALUES (10711,19,645.82,6,0);
INSERT INTO oes.order_items (order_id,product_id,unit_price,quantity,discount) VALUES (10711,41,128.28,5,0);
INSERT INTO oes.order_items (order_id,product_id,unit_price,quantity,discount) VALUES (10711,53,297,6,0);
INSERT INTO oes.order_items (order_id,product_id,unit_price,quantity,discount) VALUES (10712,53,297,12,0.05);
INSERT INTO oes.order_items (order_id,product_id,unit_price,quantity,discount) VALUES (10712,56,1718.39,1,0);
INSERT INTO oes.order_items (order_id,product_id,unit_price,quantity,discount) VALUES (10713,10,771.21,3,0);
INSERT INTO oes.order_items (order_id,product_id,unit_price,quantity,discount) VALUES (10713,26,2392,1,0);
INSERT INTO oes.order_items (order_id,product_id,unit_price,quantity,discount) VALUES (10713,45,240.96,8,0);
INSERT INTO oes.order_items (order_id,product_id,unit_price,quantity,discount) VALUES (10713,46,72.51,9,0);
INSERT INTO oes.order_items (order_id,product_id,unit_price,quantity,discount) VALUES (10714,2,1454.03,5,0.25);
INSERT INTO oes.order_items (order_id,product_id,unit_price,quantity,discount) VALUES (10714,17,394.02,12,0.25);
INSERT INTO oes.order_items (order_id,product_id,unit_price,quantity,discount) VALUES (10714,47,949.44,5,0.25);
INSERT INTO oes.order_items (order_id,product_id,unit_price,quantity,discount) VALUES (10714,56,1718.39,14,0.25);
INSERT INTO oes.order_items (order_id,product_id,unit_price,quantity,discount) VALUES (10714,58,97.01,13,0.25);
INSERT INTO oes.order_items (order_id,product_id,unit_price,quantity,discount) VALUES (10715,10,763.42,5,0);
INSERT INTO oes.order_items (order_id,product_id,unit_price,quantity,discount) VALUES (10715,71,400.82,13,0);
INSERT INTO oes.order_items (order_id,product_id,unit_price,quantity,discount) VALUES (10716,21,623.5,14,0);
INSERT INTO oes.order_items (order_id,product_id,unit_price,quantity,discount) VALUES (10716,51,42.71,14,0);
INSERT INTO oes.order_items (order_id,product_id,unit_price,quantity,discount) VALUES (10716,61,143.55,7,0);
INSERT INTO oes.order_items (order_id,product_id,unit_price,quantity,discount) VALUES (10717,21,623.5,6,0.05);
INSERT INTO oes.order_items (order_id,product_id,unit_price,quantity,discount) VALUES (10717,54,654.64,6,0);
INSERT INTO oes.order_items (order_id,product_id,unit_price,quantity,discount) VALUES (10717,69,332.99,12,0.05);
INSERT INTO oes.order_items (order_id,product_id,unit_price,quantity,discount) VALUES (10718,12,445.23,13,0);
INSERT INTO oes.order_items (order_id,product_id,unit_price,quantity,discount) VALUES (10718,16,573.2,1,0);
INSERT INTO oes.order_items (order_id,product_id,unit_price,quantity,discount) VALUES (10718,36,668.18,2,0);
INSERT INTO oes.order_items (order_id,product_id,unit_price,quantity,discount) VALUES (10718,62,69.99,15,0);
INSERT INTO oes.order_items (order_id,product_id,unit_price,quantity,discount) VALUES (10719,18,28.18,6,0.25);
INSERT INTO oes.order_items (order_id,product_id,unit_price,quantity,discount) VALUES (10719,30,339.44,9,0.25);
INSERT INTO oes.order_items (order_id,product_id,unit_price,quantity,discount) VALUES (10719,54,648.03,11,0.25);
INSERT INTO oes.order_items (order_id,product_id,unit_price,quantity,discount) VALUES (10720,35,66.24,15,0);
INSERT INTO oes.order_items (order_id,product_id,unit_price,quantity,discount) VALUES (10720,71,404.91,4,0);
INSERT INTO oes.order_items (order_id,product_id,unit_price,quantity,discount) VALUES (10721,44,561.62,10,0.05);
INSERT INTO oes.order_items (order_id,product_id,unit_price,quantity,discount) VALUES (10722,2,1484.01,6,0);
INSERT INTO oes.order_items (order_id,product_id,unit_price,quantity,discount) VALUES (10722,31,159,11,0);
INSERT INTO oes.order_items (order_id,product_id,unit_price,quantity,discount) VALUES (10722,68,49.99,14,0);
INSERT INTO oes.order_items (order_id,product_id,unit_price,quantity,discount) VALUES (10722,75,52.91,4,0);
INSERT INTO oes.order_items (order_id,product_id,unit_price,quantity,discount) VALUES (10723,26,2392,3,0);
INSERT INTO oes.order_items (order_id,product_id,unit_price,quantity,discount) VALUES (10724,10,779,5,0);
INSERT INTO oes.order_items (order_id,product_id,unit_price,quantity,discount) VALUES (10724,61,142.07,13,0);
INSERT INTO oes.order_items (order_id,product_id,unit_price,quantity,discount) VALUES (10725,41,130.93,7,0);
INSERT INTO oes.order_items (order_id,product_id,unit_price,quantity,discount) VALUES (10725,52,413.21,14,0);
INSERT INTO oes.order_items (order_id,product_id,unit_price,quantity,discount) VALUES (10725,55,391.01,1,0);
INSERT INTO oes.order_items (order_id,product_id,unit_price,quantity,discount) VALUES (10726,4,342.01,14,0);
INSERT INTO oes.order_items (order_id,product_id,unit_price,quantity,discount) VALUES (10726,11,632,12,0);
INSERT INTO oes.order_items (order_id,product_id,unit_price,quantity,discount) VALUES (10727,17,390.04,2,0.05);
INSERT INTO oes.order_items (order_id,product_id,unit_price,quantity,discount) VALUES (10727,56,1736.29,13,0.05);
INSERT INTO oes.order_items (order_id,product_id,unit_price,quantity,discount) VALUES (10727,59,1383.22,15,0.05);
INSERT INTO oes.order_items (order_id,product_id,unit_price,quantity,discount) VALUES (10728,30,339.44,8,0);
INSERT INTO oes.order_items (order_id,product_id,unit_price,quantity,discount) VALUES (10728,40,192.41,6,0);
INSERT INTO oes.order_items (order_id,product_id,unit_price,quantity,discount) VALUES (10728,55,391.01,3,0);
INSERT INTO oes.order_items (order_id,product_id,unit_price,quantity,discount) VALUES (10728,60,747.5,11,0);
INSERT INTO oes.order_items (order_id,product_id,unit_price,quantity,discount) VALUES (10729,1,1286.01,3,0);
INSERT INTO oes.order_items (order_id,product_id,unit_price,quantity,discount) VALUES (10729,21,598.56,12,0);
INSERT INTO oes.order_items (order_id,product_id,unit_price,quantity,discount) VALUES (10729,50,99,14,0);
INSERT INTO oes.order_items (order_id,product_id,unit_price,quantity,discount) VALUES (10730,16,578.99,5,0.05);
INSERT INTO oes.order_items (order_id,product_id,unit_price,quantity,discount) VALUES (10730,31,159,2,0.05);
INSERT INTO oes.order_items (order_id,product_id,unit_price,quantity,discount) VALUES (10730,65,181.02,7,0.05);
INSERT INTO oes.order_items (order_id,product_id,unit_price,quantity,discount) VALUES (10731,21,623.5,8,0.05);
INSERT INTO oes.order_items (order_id,product_id,unit_price,quantity,discount) VALUES (10731,51,44.05,12,0.05);
INSERT INTO oes.order_items (order_id,product_id,unit_price,quantity,discount) VALUES (10732,76,68,1,0);
INSERT INTO oes.order_items (order_id,product_id,unit_price,quantity,discount) VALUES (10733,14,22.32,4,0);
INSERT INTO oes.order_items (order_id,product_id,unit_price,quantity,discount) VALUES (10733,28,30.72,11,0);
INSERT INTO oes.order_items (order_id,product_id,unit_price,quantity,discount) VALUES (10733,52,413.21,7,0);
INSERT INTO oes.order_items (order_id,product_id,unit_price,quantity,discount) VALUES (10734,6,109,4,0);
INSERT INTO oes.order_items (order_id,product_id,unit_price,quantity,discount) VALUES (10734,30,339.44,4,0);
INSERT INTO oes.order_items (order_id,product_id,unit_price,quantity,discount) VALUES (10734,76,65.28,2,0);
INSERT INTO oes.order_items (order_id,product_id,unit_price,quantity,discount) VALUES (10735,61,147.99,12,0.1);
INSERT INTO oes.order_items (order_id,product_id,unit_price,quantity,discount) VALUES (10735,77,126.22,15,0.1);
INSERT INTO oes.order_items (order_id,product_id,unit_price,quantity,discount) VALUES (10736,65,175.54,7,0);
INSERT INTO oes.order_items (order_id,product_id,unit_price,quantity,discount) VALUES (10736,75,51.83,5,0);
INSERT INTO oes.order_items (order_id,product_id,unit_price,quantity,discount) VALUES (10737,13,59,14,0);
INSERT INTO oes.order_items (order_id,product_id,unit_price,quantity,discount) VALUES (10737,41,130.93,10,0);
INSERT INTO oes.order_items (order_id,product_id,unit_price,quantity,discount) VALUES (10738,16,578.99,5,0);
INSERT INTO oes.order_items (order_id,product_id,unit_price,quantity,discount) VALUES (10739,36,681.96,7,0);
INSERT INTO oes.order_items (order_id,product_id,unit_price,quantity,discount) VALUES (10739,52,408.95,6,0);
INSERT INTO oes.order_items (order_id,product_id,unit_price,quantity,discount) VALUES (10740,28,31.04,15,0.2);
INSERT INTO oes.order_items (order_id,product_id,unit_price,quantity,discount) VALUES (10740,35,66.24,2,0.2);
INSERT INTO oes.order_items (order_id,product_id,unit_price,quantity,discount) VALUES (10740,45,240.96,2,0.2);
INSERT INTO oes.order_items (order_id,product_id,unit_price,quantity,discount) VALUES (10740,56,1736.29,3,0.2);
INSERT INTO oes.order_items (order_id,product_id,unit_price,quantity,discount) VALUES (10741,2,1469.02,1,0.2);
INSERT INTO oes.order_items (order_id,product_id,unit_price,quantity,discount) VALUES (10742,3,775.03,14,0);
INSERT INTO oes.order_items (order_id,product_id,unit_price,quantity,discount) VALUES (10742,60,747.5,10,0);
INSERT INTO oes.order_items (order_id,product_id,unit_price,quantity,discount) VALUES (10742,72,98.99,4,0);
INSERT INTO oes.order_items (order_id,product_id,unit_price,quantity,discount) VALUES (10743,46,72.51,14,0.05);
INSERT INTO oes.order_items (order_id,product_id,unit_price,quantity,discount) VALUES (10744,40,192.41,1,0.2);
INSERT INTO oes.order_items (order_id,product_id,unit_price,quantity,discount) VALUES (10745,18,27.89,12,0);
INSERT INTO oes.order_items (order_id,product_id,unit_price,quantity,discount) VALUES (10745,44,561.62,13,0);
INSERT INTO oes.order_items (order_id,product_id,unit_price,quantity,discount) VALUES (10745,59,1411.74,13,0);
INSERT INTO oes.order_items (order_id,product_id,unit_price,quantity,discount) VALUES (10745,72,98.99,2,0);
INSERT INTO oes.order_items (order_id,product_id,unit_price,quantity,discount) VALUES (10746,13,57.82,5,0);
INSERT INTO oes.order_items (order_id,product_id,unit_price,quantity,discount) VALUES (10746,42,1022.67,15,0);
INSERT INTO oes.order_items (order_id,product_id,unit_price,quantity,discount) VALUES (10746,62,69.29,10,0);
INSERT INTO oes.order_items (order_id,product_id,unit_price,quantity,discount) VALUES (10746,69,326.33,13,0);
INSERT INTO oes.order_items (order_id,product_id,unit_price,quantity,discount) VALUES (10747,31,157.41,11,0);
INSERT INTO oes.order_items (order_id,product_id,unit_price,quantity,discount) VALUES (10747,41,126.96,11,0);
INSERT INTO oes.order_items (order_id,product_id,unit_price,quantity,discount) VALUES (10747,63,1880.01,15,0);
INSERT INTO oes.order_items (order_id,product_id,unit_price,quantity,discount) VALUES (10747,69,329.66,4,0);
INSERT INTO oes.order_items (order_id,product_id,unit_price,quantity,discount) VALUES (10748,23,343.93,1,0);
INSERT INTO oes.order_items (order_id,product_id,unit_price,quantity,discount) VALUES (10748,40,190.46,5,0);
INSERT INTO oes.order_items (order_id,product_id,unit_price,quantity,discount) VALUES (10748,56,1772.09,13,0);
INSERT INTO oes.order_items (order_id,product_id,unit_price,quantity,discount) VALUES (10749,56,1718.39,4,0);
INSERT INTO oes.order_items (order_id,product_id,unit_price,quantity,discount) VALUES (10749,59,1368.96,2,0);
INSERT INTO oes.order_items (order_id,product_id,unit_price,quantity,discount) VALUES (10749,76,65.96,15,0);
INSERT INTO oes.order_items (order_id,product_id,unit_price,quantity,discount) VALUES (10750,14,22.55,5,0.15);
INSERT INTO oes.order_items (order_id,product_id,unit_price,quantity,discount) VALUES (10750,45,251,11,0.15);
INSERT INTO oes.order_items (order_id,product_id,unit_price,quantity,discount) VALUES (10750,59,1383.22,8,0.15);
INSERT INTO oes.order_items (order_id,product_id,unit_price,quantity,discount) VALUES (10751,26,2466.75,14,0.1);
INSERT INTO oes.order_items (order_id,product_id,unit_price,quantity,discount) VALUES (10751,30,346.44,15,0);
INSERT INTO oes.order_items (order_id,product_id,unit_price,quantity,discount) VALUES (10751,50,99,8,0.1);
INSERT INTO oes.order_items (order_id,product_id,unit_price,quantity,discount) VALUES (10751,73,185.27,8,0);
INSERT INTO oes.order_items (order_id,product_id,unit_price,quantity,discount) VALUES (10752,1,1260.03,2,0);
INSERT INTO oes.order_items (order_id,product_id,unit_price,quantity,discount) VALUES (10752,69,323,4,0);
INSERT INTO oes.order_items (order_id,product_id,unit_price,quantity,discount) VALUES (10753,45,251,6,0);
INSERT INTO oes.order_items (order_id,product_id,unit_price,quantity,discount) VALUES (10753,74,32.81,5,0);
INSERT INTO oes.order_items (order_id,product_id,unit_price,quantity,discount) VALUES (10754,40,190.46,3,0);
INSERT INTO oes.order_items (order_id,product_id,unit_price,quantity,discount) VALUES (10755,47,949.44,8,0.25);
INSERT INTO oes.order_items (order_id,product_id,unit_price,quantity,discount) VALUES (10755,56,1772.09,5,0.25);
INSERT INTO oes.order_items (order_id,product_id,unit_price,quantity,discount) VALUES (10755,57,2040.88,10,0.25);
INSERT INTO oes.order_items (order_id,product_id,unit_price,quantity,discount) VALUES (10755,69,329.66,6,0.25);
INSERT INTO oes.order_items (order_id,product_id,unit_price,quantity,discount) VALUES (10756,18,28.75,5,0.2);
INSERT INTO oes.order_items (order_id,product_id,unit_price,quantity,discount) VALUES (10756,36,661.3,6,0.2);
INSERT INTO oes.order_items (order_id,product_id,unit_price,quantity,discount) VALUES (10756,68,48.99,14,0.2);
INSERT INTO oes.order_items (order_id,product_id,unit_price,quantity,discount) VALUES (10756,69,323,11,0.2);
INSERT INTO oes.order_items (order_id,product_id,unit_price,quantity,discount) VALUES (10757,34,1499,1,0);
INSERT INTO oes.order_items (order_id,product_id,unit_price,quantity,discount) VALUES (10757,59,1426,6,0);
INSERT INTO oes.order_items (order_id,product_id,unit_price,quantity,discount) VALUES (10757,62,69.29,4,0);
INSERT INTO oes.order_items (order_id,product_id,unit_price,quantity,discount) VALUES (10757,64,1598.99,5,0);
INSERT INTO oes.order_items (order_id,product_id,unit_price,quantity,discount) VALUES (10758,26,2491.67,9,0);
INSERT INTO oes.order_items (order_id,product_id,unit_price,quantity,discount) VALUES (10758,52,425.99,3,0);
INSERT INTO oes.order_items (order_id,product_id,unit_price,quantity,discount) VALUES (10758,70,81.48,7,0);
INSERT INTO oes.order_items (order_id,product_id,unit_price,quantity,discount) VALUES (10759,32,253.81,15,0);
INSERT INTO oes.order_items (order_id,product_id,unit_price,quantity,discount) VALUES (10760,25,898.99,9,0.25);
INSERT INTO oes.order_items (order_id,product_id,unit_price,quantity,discount) VALUES (10760,27,241.53,14,0);
INSERT INTO oes.order_items (order_id,product_id,unit_price,quantity,discount) VALUES (10760,43,84.23,4,0.25);
INSERT INTO oes.order_items (order_id,product_id,unit_price,quantity,discount) VALUES (10761,25,898.99,12,0.25);
INSERT INTO oes.order_items (order_id,product_id,unit_price,quantity,discount) VALUES (10761,75,51.83,14,0);
INSERT INTO oes.order_items (order_id,product_id,unit_price,quantity,discount) VALUES (10762,39,23,2,0);
INSERT INTO oes.order_items (order_id,product_id,unit_price,quantity,discount) VALUES (10762,47,959.33,2,0);
INSERT INTO oes.order_items (order_id,product_id,unit_price,quantity,discount) VALUES (10762,51,43.6,4,0);
INSERT INTO oes.order_items (order_id,product_id,unit_price,quantity,discount) VALUES (10762,56,1754.19,4,0);
INSERT INTO oes.order_items (order_id,product_id,unit_price,quantity,discount) VALUES (10763,21,611.03,4,0);
INSERT INTO oes.order_items (order_id,product_id,unit_price,quantity,discount) VALUES (10763,22,3706.56,13,0);
INSERT INTO oes.order_items (order_id,product_id,unit_price,quantity,discount) VALUES (10763,24,979.99,7,0);
INSERT INTO oes.order_items (order_id,product_id,unit_price,quantity,discount) VALUES (10764,3,775.03,4,0.1);
INSERT INTO oes.order_items (order_id,product_id,unit_price,quantity,discount) VALUES (10764,39,22.54,10,0.1);
INSERT INTO oes.order_items (order_id,product_id,unit_price,quantity,discount) VALUES (10765,65,175.54,5,0.1);
INSERT INTO oes.order_items (order_id,product_id,unit_price,quantity,discount) VALUES (10766,2,1499,4,0);
INSERT INTO oes.order_items (order_id,product_id,unit_price,quantity,discount) VALUES (10766,7,39,11,0);
INSERT INTO oes.order_items (order_id,product_id,unit_price,quantity,discount) VALUES (10766,68,47.99,8,0);
INSERT INTO oes.order_items (order_id,product_id,unit_price,quantity,discount) VALUES (10767,42,991.68,2,0);
INSERT INTO oes.order_items (order_id,product_id,unit_price,quantity,discount) VALUES (10768,22,3706.56,10,0);
INSERT INTO oes.order_items (order_id,product_id,unit_price,quantity,discount) VALUES (10768,31,154.23,1,0);
INSERT INTO oes.order_items (order_id,product_id,unit_price,quantity,discount) VALUES (10768,60,717.6,2,0);
INSERT INTO oes.order_items (order_id,product_id,unit_price,quantity,discount) VALUES (10768,71,396.73,14,0);
INSERT INTO oes.order_items (order_id,product_id,unit_price,quantity,discount) VALUES (10769,41,128.28,7,0.05);
INSERT INTO oes.order_items (order_id,product_id,unit_price,quantity,discount) VALUES (10769,52,421.73,4,0.05);
INSERT INTO oes.order_items (order_id,product_id,unit_price,quantity,discount) VALUES (10769,61,146.51,10,0);
INSERT INTO oes.order_items (order_id,product_id,unit_price,quantity,discount) VALUES (10769,62,69.99,9,0);
INSERT INTO oes.order_items (order_id,product_id,unit_price,quantity,discount) VALUES (10770,11,619.36,1,0.25);
INSERT INTO oes.order_items (order_id,product_id,unit_price,quantity,discount) VALUES (10771,71,404.91,3,0);
INSERT INTO oes.order_items (order_id,product_id,unit_price,quantity,discount) VALUES (10772,29,350,4,0);
INSERT INTO oes.order_items (order_id,product_id,unit_price,quantity,discount) VALUES (10772,59,1397.48,7,0);
INSERT INTO oes.order_items (order_id,product_id,unit_price,quantity,discount) VALUES (10773,17,386.06,11,0);
INSERT INTO oes.order_items (order_id,product_id,unit_price,quantity,discount) VALUES (10773,31,159,11,0.2);
INSERT INTO oes.order_items (order_id,product_id,unit_price,quantity,discount) VALUES (10773,75,52.37,9,0.2);
INSERT INTO oes.order_items (order_id,product_id,unit_price,quantity,discount) VALUES (10774,31,159,8,0.25);
INSERT INTO oes.order_items (order_id,product_id,unit_price,quantity,discount) VALUES (10774,66,79.92,6,0);
INSERT INTO oes.order_items (order_id,product_id,unit_price,quantity,discount) VALUES (10775,10,779,1,0);
INSERT INTO oes.order_items (order_id,product_id,unit_price,quantity,discount) VALUES (10775,67,19.4,9,0);
INSERT INTO oes.order_items (order_id,product_id,unit_price,quantity,discount) VALUES (10776,31,152.64,12,0.05);
INSERT INTO oes.order_items (order_id,product_id,unit_price,quantity,discount) VALUES (10776,42,1033,6,0.05);
INSERT INTO oes.order_items (order_id,product_id,unit_price,quantity,discount) VALUES (10776,45,243.47,3,0.05);
INSERT INTO oes.order_items (order_id,product_id,unit_price,quantity,discount) VALUES (10776,51,44.05,8,0.05);
INSERT INTO oes.order_items (order_id,product_id,unit_price,quantity,discount) VALUES (10777,42,1002.01,7,0.2);
INSERT INTO oes.order_items (order_id,product_id,unit_price,quantity,discount) VALUES (10778,41,129.61,10,0);
INSERT INTO oes.order_items (order_id,product_id,unit_price,quantity,discount) VALUES (10779,16,561.62,14,0);
INSERT INTO oes.order_items (order_id,product_id,unit_price,quantity,discount) VALUES (10779,62,69.99,15,0);
INSERT INTO oes.order_items (order_id,product_id,unit_price,quantity,discount) VALUES (10780,70,84,4,0);
INSERT INTO oes.order_items (order_id,product_id,unit_price,quantity,discount) VALUES (10780,77,124.94,5,0);
INSERT INTO oes.order_items (order_id,product_id,unit_price,quantity,discount) VALUES (10781,54,648.03,4,0.2);
INSERT INTO oes.order_items (order_id,product_id,unit_price,quantity,discount) VALUES (10781,56,1789.99,9,0.2);
INSERT INTO oes.order_items (order_id,product_id,unit_price,quantity,discount) VALUES (10781,74,33.48,2,0);
INSERT INTO oes.order_items (order_id,product_id,unit_price,quantity,discount) VALUES (10782,31,159,4,0);
INSERT INTO oes.order_items (order_id,product_id,unit_price,quantity,discount) VALUES (10783,31,155.82,7,0);
INSERT INTO oes.order_items (order_id,product_id,unit_price,quantity,discount) VALUES (10783,38,329.32,8,0);
INSERT INTO oes.order_items (order_id,product_id,unit_price,quantity,discount) VALUES (10784,36,668.18,5,0);
INSERT INTO oes.order_items (order_id,product_id,unit_price,quantity,discount) VALUES (10784,39,22.08,14,0.15);
INSERT INTO oes.order_items (order_id,product_id,unit_price,quantity,discount) VALUES (10784,72,97.01,13,0.15);
INSERT INTO oes.order_items (order_id,product_id,unit_price,quantity,discount) VALUES (10785,10,779,5,0);
INSERT INTO oes.order_items (order_id,product_id,unit_price,quantity,discount) VALUES (10785,75,53.45,10,0);
INSERT INTO oes.order_items (order_id,product_id,unit_price,quantity,discount) VALUES (10786,8,167.92,9,0.2);
INSERT INTO oes.order_items (order_id,product_id,unit_price,quantity,discount) VALUES (10786,30,349.94,11,0.2);
INSERT INTO oes.order_items (order_id,product_id,unit_price,quantity,discount) VALUES (10786,75,52.37,4,0.2);
INSERT INTO oes.order_items (order_id,product_id,unit_price,quantity,discount) VALUES (10787,2,1439.04,6,0.05);
INSERT INTO oes.order_items (order_id,product_id,unit_price,quantity,discount) VALUES (10787,29,343,7,0.05);
INSERT INTO oes.order_items (order_id,product_id,unit_price,quantity,discount) VALUES (10788,19,632.64,2,0.05);
INSERT INTO oes.order_items (order_id,product_id,unit_price,quantity,discount) VALUES (10788,75,52.37,10,0.05);
INSERT INTO oes.order_items (order_id,product_id,unit_price,quantity,discount) VALUES (10789,18,28.75,2,0);
INSERT INTO oes.order_items (order_id,product_id,unit_price,quantity,discount) VALUES (10789,35,66.24,11,0);
INSERT INTO oes.order_items (order_id,product_id,unit_price,quantity,discount) VALUES (10789,63,1861.02,5,0);
INSERT INTO oes.order_items (order_id,product_id,unit_price,quantity,discount) VALUES (10789,68,48.99,3,0);
INSERT INTO oes.order_items (order_id,product_id,unit_price,quantity,discount) VALUES (10790,7,38.61,7,0.15);
INSERT INTO oes.order_items (order_id,product_id,unit_price,quantity,discount) VALUES (10790,56,1736.29,14,0.15);
INSERT INTO oes.order_items (order_id,product_id,unit_price,quantity,discount) VALUES (10791,29,339.5,14,0.05);
INSERT INTO oes.order_items (order_id,product_id,unit_price,quantity,discount) VALUES (10791,41,129.61,2,0.05);
INSERT INTO oes.order_items (order_id,product_id,unit_price,quantity,discount) VALUES (10792,2,1454.03,1,0);
INSERT INTO oes.order_items (order_id,product_id,unit_price,quantity,discount) VALUES (10792,54,641.41,10,0);
INSERT INTO oes.order_items (order_id,product_id,unit_price,quantity,discount) VALUES (10792,68,48.99,6,0);
INSERT INTO oes.order_items (order_id,product_id,unit_price,quantity,discount) VALUES (10793,41,129.61,11,0);
INSERT INTO oes.order_items (order_id,product_id,unit_price,quantity,discount) VALUES (10793,52,421.73,8,0);
INSERT INTO oes.order_items (order_id,product_id,unit_price,quantity,discount) VALUES (10794,14,22.32,6,0.2);
INSERT INTO oes.order_items (order_id,product_id,unit_price,quantity,discount) VALUES (10794,54,648.03,9,0.2);
INSERT INTO oes.order_items (order_id,product_id,unit_price,quantity,discount) VALUES (10795,16,578.99,11,0);
INSERT INTO oes.order_items (order_id,product_id,unit_price,quantity,discount) VALUES (10795,17,382.08,15,0.25);
INSERT INTO oes.order_items (order_id,product_id,unit_price,quantity,discount) VALUES (10796,26,2392,8,0.2);
INSERT INTO oes.order_items (order_id,product_id,unit_price,quantity,discount) VALUES (10796,44,578.99,10,0);
INSERT INTO oes.order_items (order_id,product_id,unit_price,quantity,discount) VALUES (10796,64,1535.03,11,0.2);
INSERT INTO oes.order_items (order_id,product_id,unit_price,quantity,discount) VALUES (10796,69,326.33,4,0.2);
INSERT INTO oes.order_items (order_id,product_id,unit_price,quantity,discount) VALUES (10797,11,619.36,13,0);
INSERT INTO oes.order_items (order_id,product_id,unit_price,quantity,discount) VALUES (10798,62,67.89,7,0);
INSERT INTO oes.order_items (order_id,product_id,unit_price,quantity,discount) VALUES (10798,72,96.02,10,0);
INSERT INTO oes.order_items (order_id,product_id,unit_price,quantity,discount) VALUES (10799,13,57.82,15,0.15);
INSERT INTO oes.order_items (order_id,product_id,unit_price,quantity,discount) VALUES (10799,24,969.99,15,0.15);
INSERT INTO oes.order_items (order_id,product_id,unit_price,quantity,discount) VALUES (10799,59,1368.96,11,0);
INSERT INTO oes.order_items (order_id,product_id,unit_price,quantity,discount) VALUES (10800,11,632,9,0.1);
INSERT INTO oes.order_items (order_id,product_id,unit_price,quantity,discount) VALUES (10800,51,42.71,2,0.1);
INSERT INTO oes.order_items (order_id,product_id,unit_price,quantity,discount) VALUES (10800,54,641.41,6,0.1);
INSERT INTO oes.order_items (order_id,product_id,unit_price,quantity,discount) VALUES (10801,17,390.04,5,0.25);
INSERT INTO oes.order_items (order_id,product_id,unit_price,quantity,discount) VALUES (10801,29,336,6,0.25);
INSERT INTO oes.order_items (order_id,product_id,unit_price,quantity,discount) VALUES (10802,30,349.94,10,0.25);
INSERT INTO oes.order_items (order_id,product_id,unit_price,quantity,discount) VALUES (10802,51,44.49,6,0.25);
INSERT INTO oes.order_items (order_id,product_id,unit_price,quantity,discount) VALUES (10802,55,398.99,14,0.25);
INSERT INTO oes.order_items (order_id,product_id,unit_price,quantity,discount) VALUES (10802,62,69.29,6,0.25);
INSERT INTO oes.order_items (order_id,product_id,unit_price,quantity,discount) VALUES (10803,19,652.41,12,0.05);
INSERT INTO oes.order_items (order_id,product_id,unit_price,quantity,discount) VALUES (10803,25,898.99,7,0.05);
INSERT INTO oes.order_items (order_id,product_id,unit_price,quantity,discount) VALUES (10803,59,1426,1,0.05);
INSERT INTO oes.order_items (order_id,product_id,unit_price,quantity,discount) VALUES (10804,10,747.84,2,0);
INSERT INTO oes.order_items (order_id,product_id,unit_price,quantity,discount) VALUES (10804,28,30.72,11,0);
INSERT INTO oes.order_items (order_id,product_id,unit_price,quantity,discount) VALUES (10804,49,319.11,7,0.15);
INSERT INTO oes.order_items (order_id,product_id,unit_price,quantity,discount) VALUES (10805,34,1439.04,10,0);
INSERT INTO oes.order_items (order_id,product_id,unit_price,quantity,discount) VALUES (10805,38,329.32,3,0);
INSERT INTO oes.order_items (order_id,product_id,unit_price,quantity,discount) VALUES (10806,2,1439.04,4,0.25);
INSERT INTO oes.order_items (order_id,product_id,unit_price,quantity,discount) VALUES (10806,65,177.36,6,0);
INSERT INTO oes.order_items (order_id,product_id,unit_price,quantity,discount) VALUES (10806,74,33.48,11,0.25);
INSERT INTO oes.order_items (order_id,product_id,unit_price,quantity,discount) VALUES (10807,40,192.41,3,0);
INSERT INTO oes.order_items (order_id,product_id,unit_price,quantity,discount) VALUES (10808,56,1736.29,7,0.15);
INSERT INTO oes.order_items (order_id,product_id,unit_price,quantity,discount) VALUES (10808,76,65.28,4,0.15);
INSERT INTO oes.order_items (order_id,product_id,unit_price,quantity,discount) VALUES (10809,52,413.21,3,0);
INSERT INTO oes.order_items (order_id,product_id,unit_price,quantity,discount) VALUES (10810,13,58.41,15,0);
INSERT INTO oes.order_items (order_id,product_id,unit_price,quantity,discount) VALUES (10810,25,898.99,10,0);
INSERT INTO oes.order_items (order_id,product_id,unit_price,quantity,discount) VALUES (10810,70,80.64,13,0);
INSERT INTO oes.order_items (order_id,product_id,unit_price,quantity,discount) VALUES (10811,19,659,2,0);
INSERT INTO oes.order_items (order_id,product_id,unit_price,quantity,discount) VALUES (10811,23,347.44,1,0);
INSERT INTO oes.order_items (order_id,product_id,unit_price,quantity,discount) VALUES (10811,40,192.41,13,0);
INSERT INTO oes.order_items (order_id,product_id,unit_price,quantity,discount) VALUES (10812,31,152.64,6,0.1);
INSERT INTO oes.order_items (order_id,product_id,unit_price,quantity,discount) VALUES (10812,72,95.03,6,0.1);
INSERT INTO oes.order_items (order_id,product_id,unit_price,quantity,discount) VALUES (10812,77,127.51,7,0);
INSERT INTO oes.order_items (order_id,product_id,unit_price,quantity,discount) VALUES (10813,2,1484.01,9,0.2);
INSERT INTO oes.order_items (order_id,product_id,unit_price,quantity,discount) VALUES (10813,46,71.76,13,0);
INSERT INTO oes.order_items (order_id,product_id,unit_price,quantity,discount) VALUES (10814,41,126.96,2,0);
INSERT INTO oes.order_items (order_id,product_id,unit_price,quantity,discount) VALUES (10814,43,85.09,8,0.15);
INSERT INTO oes.order_items (order_id,product_id,unit_price,quantity,discount) VALUES (10814,48,1454.03,10,0.15);
INSERT INTO oes.order_items (order_id,product_id,unit_price,quantity,discount) VALUES (10814,61,145.03,15,0.15);
INSERT INTO oes.order_items (order_id,product_id,unit_price,quantity,discount) VALUES (10815,33,22.94,3,0);
INSERT INTO oes.order_items (order_id,product_id,unit_price,quantity,discount) VALUES (10816,38,339.5,7,0.05);
INSERT INTO oes.order_items (order_id,product_id,unit_price,quantity,discount) VALUES (10816,62,67.89,10,0.05);
INSERT INTO oes.order_items (order_id,product_id,unit_price,quantity,discount) VALUES (10817,26,2466.75,12,0.15);
INSERT INTO oes.order_items (order_id,product_id,unit_price,quantity,discount) VALUES (10817,38,325.92,10,0);
INSERT INTO oes.order_items (order_id,product_id,unit_price,quantity,discount) VALUES (10817,40,194.35,1,0.15);
INSERT INTO oes.order_items (order_id,product_id,unit_price,quantity,discount) VALUES (10817,62,69.29,6,0.15);
INSERT INTO oes.order_items (order_id,product_id,unit_price,quantity,discount) VALUES (10818,32,258.99,4,0);
INSERT INTO oes.order_items (order_id,product_id,unit_price,quantity,discount) VALUES (10818,41,129.61,15,0);
INSERT INTO oes.order_items (order_id,product_id,unit_price,quantity,discount) VALUES (10819,43,85.95,13,0);
INSERT INTO oes.order_items (order_id,product_id,unit_price,quantity,discount) VALUES (10819,75,53.99,15,0);
INSERT INTO oes.order_items (order_id,product_id,unit_price,quantity,discount) VALUES (10820,56,1789.99,7,0);
INSERT INTO oes.order_items (order_id,product_id,unit_price,quantity,discount) VALUES (10821,35,66.93,3,0);
INSERT INTO oes.order_items (order_id,product_id,unit_price,quantity,discount) VALUES (10821,51,42.71,6,0);
INSERT INTO oes.order_items (order_id,product_id,unit_price,quantity,discount) VALUES (10822,62,69.99,2,0);
INSERT INTO oes.order_items (order_id,product_id,unit_price,quantity,discount) VALUES (10822,70,80.64,5,0);
INSERT INTO oes.order_items (order_id,product_id,unit_price,quantity,discount) VALUES (10823,11,613.04,13,0.1);
INSERT INTO oes.order_items (order_id,product_id,unit_price,quantity,discount) VALUES (10823,57,2019.84,4,0);
INSERT INTO oes.order_items (order_id,product_id,unit_price,quantity,discount) VALUES (10823,59,1411.74,8,0.1);
INSERT INTO oes.order_items (order_id,product_id,unit_price,quantity,discount) VALUES (10823,77,124.94,1,0.1);
INSERT INTO oes.order_items (order_id,product_id,unit_price,quantity,discount) VALUES (10824,41,129.61,12,0);
INSERT INTO oes.order_items (order_id,product_id,unit_price,quantity,discount) VALUES (10824,70,82.32,10,0);
INSERT INTO oes.order_items (order_id,product_id,unit_price,quantity,discount) VALUES (10825,26,2392,2,0);
INSERT INTO oes.order_items (order_id,product_id,unit_price,quantity,discount) VALUES (10825,53,291,14,0);
INSERT INTO oes.order_items (order_id,product_id,unit_price,quantity,discount) VALUES (10826,31,154.23,14,0);
INSERT INTO oes.order_items (order_id,product_id,unit_price,quantity,discount) VALUES (10826,57,2040.88,15,0);
INSERT INTO oes.order_items (order_id,product_id,unit_price,quantity,discount) VALUES (10827,10,763.42,15,0);
INSERT INTO oes.order_items (order_id,product_id,unit_price,quantity,discount) VALUES (10827,39,22.77,11,0);
INSERT INTO oes.order_items (order_id,product_id,unit_price,quantity,discount) VALUES (10828,20,571.2,13,0);
INSERT INTO oes.order_items (order_id,product_id,unit_price,quantity,discount) VALUES (10828,38,325.92,11,0);
INSERT INTO oes.order_items (order_id,product_id,unit_price,quantity,discount) VALUES (10829,2,1469.02,2,0);
INSERT INTO oes.order_items (order_id,product_id,unit_price,quantity,discount) VALUES (10829,8,171.35,11,0);
INSERT INTO oes.order_items (order_id,product_id,unit_price,quantity,discount) VALUES (10829,13,56.64,8,0);
INSERT INTO oes.order_items (order_id,product_id,unit_price,quantity,discount) VALUES (10829,60,717.6,15,0);
INSERT INTO oes.order_items (order_id,product_id,unit_price,quantity,discount) VALUES (10830,6,106.82,6,0);
INSERT INTO oes.order_items (order_id,product_id,unit_price,quantity,discount) VALUES (10830,39,22.54,8,0);
INSERT INTO oes.order_items (order_id,product_id,unit_price,quantity,discount) VALUES (10830,60,732.55,8,0);
INSERT INTO oes.order_items (order_id,product_id,unit_price,quantity,discount) VALUES (10830,68,49.49,7,0);
INSERT INTO oes.order_items (order_id,product_id,unit_price,quantity,discount) VALUES (10831,19,652.41,9,0);
INSERT INTO oes.order_items (order_id,product_id,unit_price,quantity,discount) VALUES (10831,35,66.24,3,0);
INSERT INTO oes.order_items (order_id,product_id,unit_price,quantity,discount) VALUES (10831,38,325.92,7,0);
INSERT INTO oes.order_items (order_id,product_id,unit_price,quantity,discount) VALUES (10831,43,84.23,2,0);
INSERT INTO oes.order_items (order_id,product_id,unit_price,quantity,discount) VALUES (10832,13,58.41,10,0.2);
INSERT INTO oes.order_items (order_id,product_id,unit_price,quantity,discount) VALUES (10832,25,898.99,3,0.2);
INSERT INTO oes.order_items (order_id,product_id,unit_price,quantity,discount) VALUES (10832,44,555.83,5,0.2);
INSERT INTO oes.order_items (order_id,product_id,unit_price,quantity,discount) VALUES (10832,64,1535.03,3,0);
INSERT INTO oes.order_items (order_id,product_id,unit_price,quantity,discount) VALUES (10833,7,38.22,3,0.1);
INSERT INTO oes.order_items (order_id,product_id,unit_price,quantity,discount) VALUES (10833,31,154.23,14,0.1);
INSERT INTO oes.order_items (order_id,product_id,unit_price,quantity,discount) VALUES (10833,53,294,10,0.1);
INSERT INTO oes.order_items (order_id,product_id,unit_price,quantity,discount) VALUES (10834,29,339.5,14,0.05);
INSERT INTO oes.order_items (order_id,product_id,unit_price,quantity,discount) VALUES (10834,30,342.94,14,0.05);
INSERT INTO oes.order_items (order_id,product_id,unit_price,quantity,discount) VALUES (10835,59,1397.48,15,0);
INSERT INTO oes.order_items (order_id,product_id,unit_price,quantity,discount) VALUES (10835,77,128.8,13,0.2);
INSERT INTO oes.order_items (order_id,product_id,unit_price,quantity,discount) VALUES (10836,22,3744,15,0);
INSERT INTO oes.order_items (order_id,product_id,unit_price,quantity,discount) VALUES (10836,35,68.31,15,0);
INSERT INTO oes.order_items (order_id,product_id,unit_price,quantity,discount) VALUES (10836,57,2104,11,0);
INSERT INTO oes.order_items (order_id,product_id,unit_price,quantity,discount) VALUES (10836,60,725.08,2,0);
INSERT INTO oes.order_items (order_id,product_id,unit_price,quantity,discount) VALUES (10836,64,1567.01,5,0);
INSERT INTO oes.order_items (order_id,product_id,unit_price,quantity,discount) VALUES (10837,13,56.64,3,0);
INSERT INTO oes.order_items (order_id,product_id,unit_price,quantity,discount) VALUES (10837,40,186.58,5,0);
INSERT INTO oes.order_items (order_id,product_id,unit_price,quantity,discount) VALUES (10837,47,949.44,5,0.25);
INSERT INTO oes.order_items (order_id,product_id,unit_price,quantity,discount) VALUES (10837,76,68,5,0.25);
INSERT INTO oes.order_items (order_id,product_id,unit_price,quantity,discount) VALUES (10838,1,1286.01,3,0.25);
INSERT INTO oes.order_items (order_id,product_id,unit_price,quantity,discount) VALUES (10838,18,27.89,10,0.25);
INSERT INTO oes.order_items (order_id,product_id,unit_price,quantity,discount) VALUES (10838,36,668.18,15,0.25);
INSERT INTO oes.order_items (order_id,product_id,unit_price,quantity,discount) VALUES (10839,58,97.01,11,0.1);
INSERT INTO oes.order_items (order_id,product_id,unit_price,quantity,discount) VALUES (10839,72,95.03,10,0.1);
INSERT INTO oes.order_items (order_id,product_id,unit_price,quantity,discount) VALUES (10840,25,898.99,14,0.2);
INSERT INTO oes.order_items (order_id,product_id,unit_price,quantity,discount) VALUES (10840,39,22.54,11,0.2);
INSERT INTO oes.order_items (order_id,product_id,unit_price,quantity,discount) VALUES (10841,10,771.21,12,0);
INSERT INTO oes.order_items (order_id,product_id,unit_price,quantity,discount) VALUES (10841,56,1754.19,6,0);
INSERT INTO oes.order_items (order_id,product_id,unit_price,quantity,discount) VALUES (10841,59,1426,15,0);
INSERT INTO oes.order_items (order_id,product_id,unit_price,quantity,discount) VALUES (10841,77,126.22,11,0);
INSERT INTO oes.order_items (order_id,product_id,unit_price,quantity,discount) VALUES (10842,11,606.72,10,0);
INSERT INTO oes.order_items (order_id,product_id,unit_price,quantity,discount) VALUES (10842,43,82.51,14,0);
INSERT INTO oes.order_items (order_id,product_id,unit_price,quantity,discount) VALUES (10842,68,48.99,7,0);
INSERT INTO oes.order_items (order_id,product_id,unit_price,quantity,discount) VALUES (10842,70,83.16,10,0);
INSERT INTO oes.order_items (order_id,product_id,unit_price,quantity,discount) VALUES (10843,51,42.71,9,0.25);
INSERT INTO oes.order_items (order_id,product_id,unit_price,quantity,discount) VALUES (10844,22,3744,4,0);
INSERT INTO oes.order_items (order_id,product_id,unit_price,quantity,discount) VALUES (10845,23,350.95,11,0.1);
INSERT INTO oes.order_items (order_id,product_id,unit_price,quantity,discount) VALUES (10845,35,66.24,1,0.1);
INSERT INTO oes.order_items (order_id,product_id,unit_price,quantity,discount) VALUES (10845,42,1012.34,6,0.1);
INSERT INTO oes.order_items (order_id,product_id,unit_price,quantity,discount) VALUES (10845,58,95.03,12,0.1);
INSERT INTO oes.order_items (order_id,product_id,unit_price,quantity,discount) VALUES (10845,64,1551.02,12,0);
INSERT INTO oes.order_items (order_id,product_id,unit_price,quantity,discount) VALUES (10846,4,335.03,2,0);
INSERT INTO oes.order_items (order_id,product_id,unit_price,quantity,discount) VALUES (10846,70,81.48,7,0);
INSERT INTO oes.order_items (order_id,product_id,unit_price,quantity,discount) VALUES (10846,74,32.81,12,0);
INSERT INTO oes.order_items (order_id,product_id,unit_price,quantity,discount) VALUES (10847,1,1299,3,0.2);
INSERT INTO oes.order_items (order_id,product_id,unit_price,quantity,discount) VALUES (10847,19,659,14,0.2);
INSERT INTO oes.order_items (order_id,product_id,unit_price,quantity,discount) VALUES (10847,37,240.35,7,0.2);
INSERT INTO oes.order_items (order_id,product_id,unit_price,quantity,discount) VALUES (10847,45,245.98,9,0.2);
INSERT INTO oes.order_items (order_id,product_id,unit_price,quantity,discount) VALUES (10847,60,747.5,15,0.2);
INSERT INTO oes.order_items (order_id,product_id,unit_price,quantity,discount) VALUES (10847,71,396.73,6,0.2);
INSERT INTO oes.order_items (order_id,product_id,unit_price,quantity,discount) VALUES (10848,5,144.53,12,0);
INSERT INTO oes.order_items (order_id,product_id,unit_price,quantity,discount) VALUES (10848,9,495,7,0);
INSERT INTO oes.order_items (order_id,product_id,unit_price,quantity,discount) VALUES (10849,3,775.03,6,0);
INSERT INTO oes.order_items (order_id,product_id,unit_price,quantity,discount) VALUES (10849,26,2491.67,2,0.15);
INSERT INTO oes.order_items (order_id,product_id,unit_price,quantity,discount) VALUES (10248,11,632,15,0);
INSERT INTO oes.order_items (order_id,product_id,unit_price,quantity,discount) VALUES (10248,42,1033,12,0);
INSERT INTO oes.order_items (order_id,product_id,unit_price,quantity,discount) VALUES (10248,72,97.01,8,0);
INSERT INTO oes.order_items (order_id,product_id,unit_price,quantity,discount) VALUES (10249,14,23.02,2,0);
INSERT INTO oes.order_items (order_id,product_id,unit_price,quantity,discount) VALUES (10249,51,43.6,14,0);
INSERT INTO oes.order_items (order_id,product_id,unit_price,quantity,discount) VALUES (10250,41,129.61,1,0);
INSERT INTO oes.order_items (order_id,product_id,unit_price,quantity,discount) VALUES (10250,51,43.16,11,0.15);
INSERT INTO oes.order_items (order_id,product_id,unit_price,quantity,discount) VALUES (10250,65,181.02,9,0.15);
INSERT INTO oes.order_items (order_id,product_id,unit_price,quantity,discount) VALUES (10251,22,3594.24,1,0.05);
INSERT INTO oes.order_items (order_id,product_id,unit_price,quantity,discount) VALUES (10251,57,2040.88,1,0.05);
INSERT INTO oes.order_items (order_id,product_id,unit_price,quantity,discount) VALUES (10251,65,175.54,6,0);
INSERT INTO oes.order_items (order_id,product_id,unit_price,quantity,discount) VALUES (10252,20,595,9,0.05);
INSERT INTO oes.order_items (order_id,product_id,unit_price,quantity,discount) VALUES (10252,33,22.48,7,0.05);
INSERT INTO oes.order_items (order_id,product_id,unit_price,quantity,discount) VALUES (10252,60,717.6,9,0);
INSERT INTO oes.order_items (order_id,product_id,unit_price,quantity,discount) VALUES (10253,31,159,6,0);
INSERT INTO oes.order_items (order_id,product_id,unit_price,quantity,discount) VALUES (10253,39,23,1,0);
INSERT INTO oes.order_items (order_id,product_id,unit_price,quantity,discount) VALUES (10253,49,325.62,14,0);
INSERT INTO oes.order_items (order_id,product_id,unit_price,quantity,discount) VALUES (10254,24,979.99,1,0.15);
INSERT INTO oes.order_items (order_id,product_id,unit_price,quantity,discount) VALUES (10254,55,395,12,0.15);
INSERT INTO oes.order_items (order_id,product_id,unit_price,quantity,discount) VALUES (10254,74,33.48,14,0);
INSERT INTO oes.order_items (order_id,product_id,unit_price,quantity,discount) VALUES (10255,2,1469.02,2,0);
INSERT INTO oes.order_items (order_id,product_id,unit_price,quantity,discount) VALUES (10255,16,555.83,2,0);
INSERT INTO oes.order_items (order_id,product_id,unit_price,quantity,discount) VALUES (10255,36,675.07,1,0);
INSERT INTO oes.order_items (order_id,product_id,unit_price,quantity,discount) VALUES (10255,59,1397.48,1,0);
INSERT INTO oes.order_items (order_id,product_id,unit_price,quantity,discount) VALUES (10256,53,291,8,0);
INSERT INTO oes.order_items (order_id,product_id,unit_price,quantity,discount) VALUES (10256,77,126.22,10,0);
INSERT INTO oes.order_items (order_id,product_id,unit_price,quantity,discount) VALUES (10257,27,239.04,10,0);
INSERT INTO oes.order_items (order_id,product_id,unit_price,quantity,discount) VALUES (10257,39,22.31,15,0);
INSERT INTO oes.order_items (order_id,product_id,unit_price,quantity,discount) VALUES (10257,77,124.94,9,0);
INSERT INTO oes.order_items (order_id,product_id,unit_price,quantity,discount) VALUES (10258,2,1499,11,0.2);
INSERT INTO oes.order_items (order_id,product_id,unit_price,quantity,discount) VALUES (10258,5,149,12,0.2);
INSERT INTO oes.order_items (order_id,product_id,unit_price,quantity,discount) VALUES (10258,32,253.81,12,0.2);
INSERT INTO oes.order_items (order_id,product_id,unit_price,quantity,discount) VALUES (10259,21,617.27,7,0);
INSERT INTO oes.order_items (order_id,product_id,unit_price,quantity,discount) VALUES (10259,37,230.74,14,0);
INSERT INTO oes.order_items (order_id,product_id,unit_price,quantity,discount) VALUES (10260,41,130.93,9,0.25);
INSERT INTO oes.order_items (order_id,product_id,unit_price,quantity,discount) VALUES (10260,57,2019.84,1,0);
INSERT INTO oes.order_items (order_id,product_id,unit_price,quantity,discount) VALUES (10260,62,69.99,6,0.25);
INSERT INTO oes.order_items (order_id,product_id,unit_price,quantity,discount) VALUES (10260,70,84,2,0.25);
INSERT INTO oes.order_items (order_id,product_id,unit_price,quantity,discount) VALUES (10261,21,611.03,1,0);
INSERT INTO oes.order_items (order_id,product_id,unit_price,quantity,discount) VALUES (10261,35,67.62,10,0);
INSERT INTO oes.order_items (order_id,product_id,unit_price,quantity,discount) VALUES (10262,5,147.51,7,0.2);
INSERT INTO oes.order_items (order_id,product_id,unit_price,quantity,discount) VALUES (10262,7,38.22,2,0);
INSERT INTO oes.order_items (order_id,product_id,unit_price,quantity,discount) VALUES (10262,56,1754.19,2,0);
INSERT INTO oes.order_items (order_id,product_id,unit_price,quantity,discount) VALUES (10263,16,555.83,5,0.25);
INSERT INTO oes.order_items (order_id,product_id,unit_price,quantity,discount) VALUES (10263,24,969.99,12,0);
INSERT INTO oes.order_items (order_id,product_id,unit_price,quantity,discount) VALUES (10263,30,346.44,13,0.25);
INSERT INTO oes.order_items (order_id,product_id,unit_price,quantity,discount) VALUES (10263,74,32.47,4,0.25);
INSERT INTO oes.order_items (order_id,product_id,unit_price,quantity,discount) VALUES (10264,2,1499,2,0);
INSERT INTO oes.order_items (order_id,product_id,unit_price,quantity,discount) VALUES (10264,41,129.61,14,0.15);
INSERT INTO oes.order_items (order_id,product_id,unit_price,quantity,discount) VALUES (10265,17,386.06,6,0);
INSERT INTO oes.order_items (order_id,product_id,unit_price,quantity,discount) VALUES (10265,70,82.32,10,0);
INSERT INTO oes.order_items (order_id,product_id,unit_price,quantity,discount) VALUES (10266,12,445.23,3,0.05);
INSERT INTO oes.order_items (order_id,product_id,unit_price,quantity,discount) VALUES (10267,40,186.58,4,0);
INSERT INTO oes.order_items (order_id,product_id,unit_price,quantity,discount) VALUES (10267,59,1411.74,2,0.15);
INSERT INTO oes.order_items (order_id,product_id,unit_price,quantity,discount) VALUES (10267,76,66.64,8,0.15);
INSERT INTO oes.order_items (order_id,product_id,unit_price,quantity,discount) VALUES (10268,29,346.5,15,0);
INSERT INTO oes.order_items (order_id,product_id,unit_price,quantity,discount) VALUES (10268,72,96.02,15,0);
INSERT INTO oes.order_items (order_id,product_id,unit_price,quantity,discount) VALUES (10269,33,22.25,11,0.05);
INSERT INTO oes.order_items (order_id,product_id,unit_price,quantity,discount) VALUES (10269,72,96.02,2,0.05);
INSERT INTO oes.order_items (order_id,product_id,unit_price,quantity,discount) VALUES (10270,36,675.07,7,0);
INSERT INTO oes.order_items (order_id,product_id,unit_price,quantity,discount) VALUES (10270,43,83.37,14,0);
INSERT INTO oes.order_items (order_id,product_id,unit_price,quantity,discount) VALUES (10271,33,22.71,3,0);
INSERT INTO oes.order_items (order_id,product_id,unit_price,quantity,discount) VALUES (10272,20,577.15,14,0);
INSERT INTO oes.order_items (order_id,product_id,unit_price,quantity,discount) VALUES (10272,31,155.82,11,0);
INSERT INTO oes.order_items (order_id,product_id,unit_price,quantity,discount) VALUES (10272,72,98.99,9,0);
INSERT INTO oes.order_items (order_id,product_id,unit_price,quantity,discount) VALUES (10273,10,747.84,13,0.05);
INSERT INTO oes.order_items (order_id,product_id,unit_price,quantity,discount) VALUES (10273,31,154.23,9,0.05);
INSERT INTO oes.order_items (order_id,product_id,unit_price,quantity,discount) VALUES (10273,33,22.25,15,0);
INSERT INTO oes.order_items (order_id,product_id,unit_price,quantity,discount) VALUES (10273,40,192.41,8,0.05);
INSERT INTO oes.order_items (order_id,product_id,unit_price,quantity,discount) VALUES (10273,76,65.96,7,0.05);
INSERT INTO oes.order_items (order_id,product_id,unit_price,quantity,discount) VALUES (10274,71,409,4,0);
INSERT INTO oes.order_items (order_id,product_id,unit_price,quantity,discount) VALUES (10274,72,98.99,7,0);
INSERT INTO oes.order_items (order_id,product_id,unit_price,quantity,discount) VALUES (10275,24,999.99,5,0.05);
INSERT INTO oes.order_items (order_id,product_id,unit_price,quantity,discount) VALUES (10275,59,1368.96,3,0.05);
INSERT INTO oes.order_items (order_id,product_id,unit_price,quantity,discount) VALUES (10276,10,763.42,6,0);
INSERT INTO oes.order_items (order_id,product_id,unit_price,quantity,discount) VALUES (10276,13,56.64,9,0);
INSERT INTO oes.order_items (order_id,product_id,unit_price,quantity,discount) VALUES (10277,28,31.04,12,0);
INSERT INTO oes.order_items (order_id,product_id,unit_price,quantity,discount) VALUES (10277,62,69.99,3,0);
INSERT INTO oes.order_items (order_id,product_id,unit_price,quantity,discount) VALUES (10278,44,578.99,8,0);
INSERT INTO oes.order_items (order_id,product_id,unit_price,quantity,discount) VALUES (10278,59,1426,10,0);
INSERT INTO oes.order_items (order_id,product_id,unit_price,quantity,discount) VALUES (10278,63,1823.04,3,0);
INSERT INTO oes.order_items (order_id,product_id,unit_price,quantity,discount) VALUES (10278,73,189.13,2,0);
INSERT INTO oes.order_items (order_id,product_id,unit_price,quantity,discount) VALUES (10279,17,390.04,12,0.25);
INSERT INTO oes.order_items (order_id,product_id,unit_price,quantity,discount) VALUES (10280,24,979.99,3,0);
INSERT INTO oes.order_items (order_id,product_id,unit_price,quantity,discount) VALUES (10280,55,391.01,8,0);
INSERT INTO oes.order_items (order_id,product_id,unit_price,quantity,discount) VALUES (10280,75,53.45,6,0);
INSERT INTO oes.order_items (order_id,product_id,unit_price,quantity,discount) VALUES (10281,19,652.41,12,0);
INSERT INTO oes.order_items (order_id,product_id,unit_price,quantity,discount) VALUES (10281,24,979.99,9,0);
INSERT INTO oes.order_items (order_id,product_id,unit_price,quantity,discount) VALUES (10281,35,67.62,12,0);
INSERT INTO oes.order_items (order_id,product_id,unit_price,quantity,discount) VALUES (10282,30,349.94,14,0);
INSERT INTO oes.order_items (order_id,product_id,unit_price,quantity,discount) VALUES (10282,57,2019.84,1,0);
INSERT INTO oes.order_items (order_id,product_id,unit_price,quantity,discount) VALUES (10283,15,276.2,8,0);
INSERT INTO oes.order_items (order_id,product_id,unit_price,quantity,discount) VALUES (10283,19,639.23,5,0);
INSERT INTO oes.order_items (order_id,product_id,unit_price,quantity,discount) VALUES (10283,60,732.55,14,0);
INSERT INTO oes.order_items (order_id,product_id,unit_price,quantity,discount) VALUES (10283,72,95.03,5,0);
INSERT INTO oes.order_items (order_id,product_id,unit_price,quantity,discount) VALUES (10284,27,249,7,0.25);
INSERT INTO oes.order_items (order_id,product_id,unit_price,quantity,discount) VALUES (10284,44,573.2,7,0);
INSERT INTO oes.order_items (order_id,product_id,unit_price,quantity,discount) VALUES (10284,60,740.03,10,0.25);
INSERT INTO oes.order_items (order_id,product_id,unit_price,quantity,discount) VALUES (10284,67,19.8,1,0.25);
INSERT INTO oes.order_items (order_id,product_id,unit_price,quantity,discount) VALUES (10285,1,1247.04,2,0.2);
INSERT INTO oes.order_items (order_id,product_id,unit_price,quantity,discount) VALUES (10285,40,194.35,5,0.2);
INSERT INTO oes.order_items (order_id,product_id,unit_price,quantity,discount) VALUES (10285,53,294,14,0.2);
INSERT INTO oes.order_items (order_id,product_id,unit_price,quantity,discount) VALUES (10286,35,66.93,1,0);
INSERT INTO oes.order_items (order_id,product_id,unit_price,quantity,discount) VALUES (10286,62,69.29,11,0);
INSERT INTO oes.order_items (order_id,product_id,unit_price,quantity,discount) VALUES (10287,16,567.41,5,0.15);
INSERT INTO oes.order_items (order_id,product_id,unit_price,quantity,discount) VALUES (10287,34,1439.04,4,0);
INSERT INTO oes.order_items (order_id,product_id,unit_price,quantity,discount) VALUES (10287,46,74.75,8,0.15);
INSERT INTO oes.order_items (order_id,product_id,unit_price,quantity,discount) VALUES (10288,54,641.41,8,0.1);
INSERT INTO oes.order_items (order_id,product_id,unit_price,quantity,discount) VALUES (10288,68,48.99,9,0.1);
INSERT INTO oes.order_items (order_id,product_id,unit_price,quantity,discount) VALUES (10289,3,775.03,13,0);
INSERT INTO oes.order_items (order_id,product_id,unit_price,quantity,discount) VALUES (10289,64,1535.03,15,0);
INSERT INTO oes.order_items (order_id,product_id,unit_price,quantity,discount) VALUES (10290,5,146.02,11,0);
INSERT INTO oes.order_items (order_id,product_id,unit_price,quantity,discount) VALUES (10290,29,350,15,0);
INSERT INTO oes.order_items (order_id,product_id,unit_price,quantity,discount) VALUES (10290,49,315.85,4,0);
INSERT INTO oes.order_items (order_id,product_id,unit_price,quantity,discount) VALUES (10290,77,123.65,9,0);
INSERT INTO oes.order_items (order_id,product_id,unit_price,quantity,discount) VALUES (10291,13,58.41,3,0.1);
INSERT INTO oes.order_items (order_id,product_id,unit_price,quantity,discount) VALUES (10291,44,578.99,4,0.1);
INSERT INTO oes.order_items (order_id,product_id,unit_price,quantity,discount) VALUES (10291,51,43.6,7,0.1);
INSERT INTO oes.order_items (order_id,product_id,unit_price,quantity,discount) VALUES (10292,20,583.1,7,0);
INSERT INTO oes.order_items (order_id,product_id,unit_price,quantity,discount) VALUES (10293,18,28.18,13,0);
INSERT INTO oes.order_items (order_id,product_id,unit_price,quantity,discount) VALUES (10293,24,989.99,4,0);
INSERT INTO oes.order_items (order_id,product_id,unit_price,quantity,discount) VALUES (10293,63,1861.02,1,0);
INSERT INTO oes.order_items (order_id,product_id,unit_price,quantity,discount) VALUES (10293,75,53.99,10,0);
INSERT INTO oes.order_items (order_id,product_id,unit_price,quantity,discount) VALUES (10294,1,1247.04,1,0);
INSERT INTO oes.order_items (order_id,product_id,unit_price,quantity,discount) VALUES (10294,17,390.04,13,0);
INSERT INTO oes.order_items (order_id,product_id,unit_price,quantity,discount) VALUES (10294,43,85.09,12,0);
INSERT INTO oes.order_items (order_id,product_id,unit_price,quantity,discount) VALUES (10294,60,717.6,5,0);
INSERT INTO oes.order_items (order_id,product_id,unit_price,quantity,discount) VALUES (10294,75,53.45,15,0);
INSERT INTO oes.order_items (order_id,product_id,unit_price,quantity,discount) VALUES (10295,56,1789.99,1,0);
INSERT INTO oes.order_items (order_id,product_id,unit_price,quantity,discount) VALUES (10296,11,632,7,0);
INSERT INTO oes.order_items (order_id,product_id,unit_price,quantity,discount) VALUES (10296,16,573.2,9,0);
INSERT INTO oes.order_items (order_id,product_id,unit_price,quantity,discount) VALUES (10296,69,319.67,1,0);
INSERT INTO oes.order_items (order_id,product_id,unit_price,quantity,discount) VALUES (10297,39,23,1,0);
INSERT INTO oes.order_items (order_id,product_id,unit_price,quantity,discount) VALUES (10297,72,95.03,12,0);
INSERT INTO oes.order_items (order_id,product_id,unit_price,quantity,discount) VALUES (10298,2,1454.03,4,0);
INSERT INTO oes.order_items (order_id,product_id,unit_price,quantity,discount) VALUES (10298,36,688.85,3,0.25);
INSERT INTO oes.order_items (order_id,product_id,unit_price,quantity,discount) VALUES (10298,59,1383.22,3,0.25);
INSERT INTO oes.order_items (order_id,product_id,unit_price,quantity,discount) VALUES (10298,62,69.29,11,0);
INSERT INTO oes.order_items (order_id,product_id,unit_price,quantity,discount) VALUES (10299,19,639.23,13,0);
INSERT INTO oes.order_items (order_id,product_id,unit_price,quantity,discount) VALUES (10299,70,81.48,6,0);
INSERT INTO oes.order_items (order_id,product_id,unit_price,quantity,discount) VALUES (10300,66,79.12,15,0);
INSERT INTO oes.order_items (order_id,product_id,unit_price,quantity,discount) VALUES (10300,68,49.49,10,0);
INSERT INTO oes.order_items (order_id,product_id,unit_price,quantity,discount) VALUES (10301,40,188.52,3,0);
INSERT INTO oes.order_items (order_id,product_id,unit_price,quantity,discount) VALUES (10301,56,1789.99,1,0);
INSERT INTO oes.order_items (order_id,product_id,unit_price,quantity,discount) VALUES (10302,17,386.06,6,0);
INSERT INTO oes.order_items (order_id,product_id,unit_price,quantity,discount) VALUES (10302,28,31.68,7,0);
INSERT INTO oes.order_items (order_id,product_id,unit_price,quantity,discount) VALUES (10302,43,84.23,6,0);
INSERT INTO oes.order_items (order_id,product_id,unit_price,quantity,discount) VALUES (10303,40,188.52,7,0.1);
INSERT INTO oes.order_items (order_id,product_id,unit_price,quantity,discount) VALUES (10303,65,182.85,5,0.1);
INSERT INTO oes.order_items (order_id,product_id,unit_price,quantity,discount) VALUES (10303,68,48.49,7,0.1);
INSERT INTO oes.order_items (order_id,product_id,unit_price,quantity,discount) VALUES (10304,49,315.85,9,0);
INSERT INTO oes.order_items (order_id,product_id,unit_price,quantity,discount) VALUES (10304,59,1383.22,8,0);
INSERT INTO oes.order_items (order_id,product_id,unit_price,quantity,discount) VALUES (10304,71,392.64,6,0);
INSERT INTO oes.order_items (order_id,product_id,unit_price,quantity,discount) VALUES (10305,18,27.6,13,0.1);
INSERT INTO oes.order_items (order_id,product_id,unit_price,quantity,discount) VALUES (10305,29,339.5,9,0.1);
INSERT INTO oes.order_items (order_id,product_id,unit_price,quantity,discount) VALUES (10305,39,22.31,5,0.1);
INSERT INTO oes.order_items (order_id,product_id,unit_price,quantity,discount) VALUES (10306,30,335.94,15,0);
INSERT INTO oes.order_items (order_id,product_id,unit_price,quantity,discount) VALUES (10306,53,300,12,0);
INSERT INTO oes.order_items (order_id,product_id,unit_price,quantity,discount) VALUES (10306,54,634.8,7,0);
INSERT INTO oes.order_items (order_id,product_id,unit_price,quantity,discount) VALUES (10307,62,69.99,13,0);
INSERT INTO oes.order_items (order_id,product_id,unit_price,quantity,discount) VALUES (10307,68,48.49,13,0);
INSERT INTO oes.order_items (order_id,product_id,unit_price,quantity,discount) VALUES (10308,69,329.66,3,0);
INSERT INTO oes.order_items (order_id,product_id,unit_price,quantity,discount) VALUES (10308,70,81.48,13,0);
INSERT INTO oes.order_items (order_id,product_id,unit_price,quantity,discount) VALUES (10309,4,345.5,15,0);
INSERT INTO oes.order_items (order_id,product_id,unit_price,quantity,discount) VALUES (10309,6,106.82,9,0);
INSERT INTO oes.order_items (order_id,product_id,unit_price,quantity,discount) VALUES (10309,42,991.68,5,0);
INSERT INTO oes.order_items (order_id,product_id,unit_price,quantity,discount) VALUES (10309,43,84.23,7,0);
INSERT INTO oes.order_items (order_id,product_id,unit_price,quantity,discount) VALUES (10309,71,392.64,2,0);
INSERT INTO oes.order_items (order_id,product_id,unit_price,quantity,discount) VALUES (10310,16,567.41,10,0);
INSERT INTO oes.order_items (order_id,product_id,unit_price,quantity,discount) VALUES (10310,62,67.19,4,0);
INSERT INTO oes.order_items (order_id,product_id,unit_price,quantity,discount) VALUES (10311,42,1033,10,0);
INSERT INTO oes.order_items (order_id,product_id,unit_price,quantity,discount) VALUES (10311,69,319.67,4,0);
INSERT INTO oes.order_items (order_id,product_id,unit_price,quantity,discount) VALUES (10312,28,30.72,2,0);
INSERT INTO oes.order_items (order_id,product_id,unit_price,quantity,discount) VALUES (10312,43,84.23,10,0);
INSERT INTO oes.order_items (order_id,product_id,unit_price,quantity,discount) VALUES (10312,53,297,6,0);
INSERT INTO oes.order_items (order_id,product_id,unit_price,quantity,discount) VALUES (10312,75,52.37,9,0);
INSERT INTO oes.order_items (order_id,product_id,unit_price,quantity,discount) VALUES (10313,36,688.85,14,0);
INSERT INTO oes.order_items (order_id,product_id,unit_price,quantity,discount) VALUES (10314,32,251.22,12,0.1);
INSERT INTO oes.order_items (order_id,product_id,unit_price,quantity,discount) VALUES (10314,58,97.01,14,0.1);
INSERT INTO oes.order_items (order_id,product_id,unit_price,quantity,discount) VALUES (10314,62,68.59,7,0.1);
INSERT INTO oes.order_items (order_id,product_id,unit_price,quantity,discount) VALUES (10315,34,1499,14,0);
INSERT INTO oes.order_items (order_id,product_id,unit_price,quantity,discount) VALUES (10315,70,82.32,2,0);
INSERT INTO oes.order_items (order_id,product_id,unit_price,quantity,discount) VALUES (10316,41,130.93,15,0);
INSERT INTO oes.order_items (order_id,product_id,unit_price,quantity,discount) VALUES (10316,62,69.29,11,0);
INSERT INTO oes.order_items (order_id,product_id,unit_price,quantity,discount) VALUES (10317,1,1286.01,2,0);
INSERT INTO oes.order_items (order_id,product_id,unit_price,quantity,discount) VALUES (10318,41,129.61,6,0);
INSERT INTO oes.order_items (order_id,product_id,unit_price,quantity,discount) VALUES (10318,76,67.32,10,0);
INSERT INTO oes.order_items (order_id,product_id,unit_price,quantity,discount) VALUES (10319,17,394.02,8,0);
INSERT INTO oes.order_items (order_id,product_id,unit_price,quantity,discount) VALUES (10319,28,31.36,9,0);
INSERT INTO oes.order_items (order_id,product_id,unit_price,quantity,discount) VALUES (10319,76,65.28,11,0);
INSERT INTO oes.order_items (order_id,product_id,unit_price,quantity,discount) VALUES (10320,71,409,5,0);
INSERT INTO oes.order_items (order_id,product_id,unit_price,quantity,discount) VALUES (10321,35,66.24,13,0);
INSERT INTO oes.order_items (order_id,product_id,unit_price,quantity,discount) VALUES (10322,52,421.73,5,0);
INSERT INTO oes.order_items (order_id,product_id,unit_price,quantity,discount) VALUES (10323,15,278.99,3,0);
INSERT INTO oes.order_items (order_id,product_id,unit_price,quantity,discount) VALUES (10323,25,898.99,8,0);
INSERT INTO oes.order_items (order_id,product_id,unit_price,quantity,discount) VALUES (10323,39,22.08,5,0);
INSERT INTO oes.order_items (order_id,product_id,unit_price,quantity,discount) VALUES (10324,16,573.2,14,0.15);
INSERT INTO oes.order_items (order_id,product_id,unit_price,quantity,discount) VALUES (10324,35,66.93,7,0.15);
INSERT INTO oes.order_items (order_id,product_id,unit_price,quantity,discount) VALUES (10324,46,72.51,8,0);
INSERT INTO oes.order_items (order_id,product_id,unit_price,quantity,discount) VALUES (10324,59,1383.22,1,0.15);
INSERT INTO oes.order_items (order_id,product_id,unit_price,quantity,discount) VALUES (10324,63,1861.02,14,0.15);
INSERT INTO oes.order_items (order_id,product_id,unit_price,quantity,discount) VALUES (10325,6,107.91,13,0);
INSERT INTO oes.order_items (order_id,product_id,unit_price,quantity,discount) VALUES (10325,13,57.82,14,0);
INSERT INTO oes.order_items (order_id,product_id,unit_price,quantity,discount) VALUES (10325,14,23.02,2,0);
INSERT INTO oes.order_items (order_id,product_id,unit_price,quantity,discount) VALUES (10325,31,159,3,0);
INSERT INTO oes.order_items (order_id,product_id,unit_price,quantity,discount) VALUES (10325,72,98.99,9,0);
INSERT INTO oes.order_items (order_id,product_id,unit_price,quantity,discount) VALUES (10326,4,335.03,15,0);
INSERT INTO oes.order_items (order_id,product_id,unit_price,quantity,discount) VALUES (10326,57,2061.92,6,0);
INSERT INTO oes.order_items (order_id,product_id,unit_price,quantity,discount) VALUES (10326,75,53.99,12,0);
INSERT INTO oes.order_items (order_id,product_id,unit_price,quantity,discount) VALUES (10327,2,1454.03,6,0.2);
INSERT INTO oes.order_items (order_id,product_id,unit_price,quantity,discount) VALUES (10327,11,619.36,3,0.2);
INSERT INTO oes.order_items (order_id,product_id,unit_price,quantity,discount) VALUES (10327,30,349.94,11,0.2);
INSERT INTO oes.order_items (order_id,product_id,unit_price,quantity,discount) VALUES (10327,58,97.01,10,0.2);
INSERT INTO oes.order_items (order_id,product_id,unit_price,quantity,discount) VALUES (10328,59,1383.22,13,0);
INSERT INTO oes.order_items (order_id,product_id,unit_price,quantity,discount) VALUES (10328,65,182.85,2,0);
INSERT INTO oes.order_items (order_id,product_id,unit_price,quantity,discount) VALUES (10328,68,47.99,5,0);
INSERT INTO oes.order_items (order_id,product_id,unit_price,quantity,discount) VALUES (10329,19,645.82,1,0.05);
INSERT INTO oes.order_items (order_id,product_id,unit_price,quantity,discount) VALUES (10329,30,335.94,1,0.05);
INSERT INTO oes.order_items (order_id,product_id,unit_price,quantity,discount) VALUES (10329,38,339.5,8,0.05);
INSERT INTO oes.order_items (order_id,product_id,unit_price,quantity,discount) VALUES (10329,56,1718.39,7,0.05);
INSERT INTO oes.order_items (order_id,product_id,unit_price,quantity,discount) VALUES (10330,26,2392,12,0.2);
INSERT INTO oes.order_items (order_id,product_id,unit_price,quantity,discount) VALUES (10330,72,97.01,7,0.15);
INSERT INTO oes.order_items (order_id,product_id,unit_price,quantity,discount) VALUES (10331,54,654.64,6,0);
INSERT INTO oes.order_items (order_id,product_id,unit_price,quantity,discount) VALUES (10332,18,28.75,3,0.2);
INSERT INTO oes.order_items (order_id,product_id,unit_price,quantity,discount) VALUES (10332,42,1012.34,14,0.2);
INSERT INTO oes.order_items (order_id,product_id,unit_price,quantity,discount) VALUES (10332,47,979.11,5,0.2);
INSERT INTO oes.order_items (order_id,product_id,unit_price,quantity,discount) VALUES (10333,14,22.55,11,0);
INSERT INTO oes.order_items (order_id,product_id,unit_price,quantity,discount) VALUES (10333,21,623.5,13,0.1);
INSERT INTO oes.order_items (order_id,product_id,unit_price,quantity,discount) VALUES (10333,71,409,15,0.1);
INSERT INTO oes.order_items (order_id,product_id,unit_price,quantity,discount) VALUES (10334,52,408.95,1,0);
INSERT INTO oes.order_items (order_id,product_id,unit_price,quantity,discount) VALUES (10334,68,48.49,5,0);
INSERT INTO oes.order_items (order_id,product_id,unit_price,quantity,discount) VALUES (10335,2,1469.02,2,0);
INSERT INTO oes.order_items (order_id,product_id,unit_price,quantity,discount) VALUES (10335,31,155.82,1,0.2);
INSERT INTO oes.order_items (order_id,product_id,unit_price,quantity,discount) VALUES (10335,32,251.22,8,0.2);
INSERT INTO oes.order_items (order_id,product_id,unit_price,quantity,discount) VALUES (10335,51,42.71,14,0.2);
INSERT INTO oes.order_items (order_id,product_id,unit_price,quantity,discount) VALUES (10336,4,345.5,7,0.1);
INSERT INTO oes.order_items (order_id,product_id,unit_price,quantity,discount) VALUES (10337,23,336.91,2,0);
INSERT INTO oes.order_items (order_id,product_id,unit_price,quantity,discount) VALUES (10337,26,2466.75,7,0);
INSERT INTO oes.order_items (order_id,product_id,unit_price,quantity,discount) VALUES (10337,36,688.85,6,0);
INSERT INTO oes.order_items (order_id,product_id,unit_price,quantity,discount) VALUES (10337,37,235.54,12,0);
INSERT INTO oes.order_items (order_id,product_id,unit_price,quantity,discount) VALUES (10337,72,97.01,7,0);
INSERT INTO oes.order_items (order_id,product_id,unit_price,quantity,discount) VALUES (10338,17,390.04,2,0);
INSERT INTO oes.order_items (order_id,product_id,unit_price,quantity,discount) VALUES (10338,30,349.94,14,0);
INSERT INTO oes.order_items (order_id,product_id,unit_price,quantity,discount) VALUES (10339,4,335.03,11,0);
INSERT INTO oes.order_items (order_id,product_id,unit_price,quantity,discount) VALUES (10339,17,382.08,7,0.05);
INSERT INTO oes.order_items (order_id,product_id,unit_price,quantity,discount) VALUES (10339,62,67.19,12,0);
INSERT INTO oes.order_items (order_id,product_id,unit_price,quantity,discount) VALUES (10340,18,28.18,9,0.05);
INSERT INTO oes.order_items (order_id,product_id,unit_price,quantity,discount) VALUES (10340,41,130.93,13,0.05);
INSERT INTO oes.order_items (order_id,product_id,unit_price,quantity,discount) VALUES (10340,43,84.23,8,0.05);
INSERT INTO oes.order_items (order_id,product_id,unit_price,quantity,discount) VALUES (10341,33,22.71,5,0);
INSERT INTO oes.order_items (order_id,product_id,unit_price,quantity,discount) VALUES (10341,59,1426,15,0.15);
INSERT INTO oes.order_items (order_id,product_id,unit_price,quantity,discount) VALUES (10342,2,1454.03,7,0.2);
INSERT INTO oes.order_items (order_id,product_id,unit_price,quantity,discount) VALUES (10342,31,159,15,0.2);
INSERT INTO oes.order_items (order_id,product_id,unit_price,quantity,discount) VALUES (10342,36,681.96,15,0.2);
INSERT INTO oes.order_items (order_id,product_id,unit_price,quantity,discount) VALUES (10342,55,387.02,15,0.2);
INSERT INTO oes.order_items (order_id,product_id,unit_price,quantity,discount) VALUES (10343,64,1551.02,14,0);
INSERT INTO oes.order_items (order_id,product_id,unit_price,quantity,discount) VALUES (10343,68,48.99,3,0.05);
INSERT INTO oes.order_items (order_id,product_id,unit_price,quantity,discount) VALUES (10343,76,67.32,6,0);
INSERT INTO oes.order_items (order_id,product_id,unit_price,quantity,discount) VALUES (10344,4,342.01,14,0);
INSERT INTO oes.order_items (order_id,product_id,unit_price,quantity,discount) VALUES (10344,8,166.21,7,0.25);
INSERT INTO oes.order_items (order_id,product_id,unit_price,quantity,discount) VALUES (10345,8,169.64,12,0);
INSERT INTO oes.order_items (order_id,product_id,unit_price,quantity,discount) VALUES (10345,19,639.23,6,0);
INSERT INTO oes.order_items (order_id,product_id,unit_price,quantity,discount) VALUES (10345,42,1033,2,0);
INSERT INTO oes.order_items (order_id,product_id,unit_price,quantity,discount) VALUES (10346,17,386.06,11,0.1);
INSERT INTO oes.order_items (order_id,product_id,unit_price,quantity,discount) VALUES (10346,56,1772.09,4,0);
INSERT INTO oes.order_items (order_id,product_id,unit_price,quantity,discount) VALUES (10347,25,898.99,3,0);
INSERT INTO oes.order_items (order_id,product_id,unit_price,quantity,discount) VALUES (10347,39,22.31,3,0.15);
INSERT INTO oes.order_items (order_id,product_id,unit_price,quantity,discount) VALUES (10347,40,192.41,2,0);
INSERT INTO oes.order_items (order_id,product_id,unit_price,quantity,discount) VALUES (10347,75,52.37,11,0.15);
INSERT INTO oes.order_items (order_id,product_id,unit_price,quantity,discount) VALUES (10348,1,1273.02,8,0.15);
INSERT INTO oes.order_items (order_id,product_id,unit_price,quantity,discount) VALUES (10348,23,336.91,2,0);
INSERT INTO oes.order_items (order_id,product_id,unit_price,quantity,discount) VALUES (10349,54,641.41,12,0);
INSERT INTO oes.order_items (order_id,product_id,unit_price,quantity,discount) VALUES (10350,50,96.03,3,0.1);
INSERT INTO oes.order_items (order_id,product_id,unit_price,quantity,discount) VALUES (10350,69,326.33,3,0.1);
INSERT INTO oes.order_items (order_id,product_id,unit_price,quantity,discount) VALUES (10351,38,325.92,9,0.05);
INSERT INTO oes.order_items (order_id,product_id,unit_price,quantity,discount) VALUES (10351,41,132.25,6,0);
INSERT INTO oes.order_items (order_id,product_id,unit_price,quantity,discount) VALUES (10351,44,555.83,6,0.05);
INSERT INTO oes.order_items (order_id,product_id,unit_price,quantity,discount) VALUES (10351,65,179.19,13,0.05);
INSERT INTO oes.order_items (order_id,product_id,unit_price,quantity,discount) VALUES (10352,24,979.99,15,0);
INSERT INTO oes.order_items (order_id,product_id,unit_price,quantity,discount) VALUES (10352,54,654.64,2,0.15);
INSERT INTO oes.order_items (order_id,product_id,unit_price,quantity,discount) VALUES (10353,11,625.68,3,0.2);
INSERT INTO oes.order_items (order_id,product_id,unit_price,quantity,discount) VALUES (10353,38,336.11,13,0.2);
INSERT INTO oes.order_items (order_id,product_id,unit_price,quantity,discount) VALUES (10354,1,1247.04,3,0);
INSERT INTO oes.order_items (order_id,product_id,unit_price,quantity,discount) VALUES (10354,29,336,5,0);
INSERT INTO oes.order_items (order_id,product_id,unit_price,quantity,discount) VALUES (10355,24,959.99,15,0);
INSERT INTO oes.order_items (order_id,product_id,unit_price,quantity,discount) VALUES (10355,57,2040.88,2,0);
INSERT INTO oes.order_items (order_id,product_id,unit_price,quantity,discount) VALUES (10356,31,157.41,3,0);
INSERT INTO oes.order_items (order_id,product_id,unit_price,quantity,discount) VALUES (10356,55,395,10,0);
INSERT INTO oes.order_items (order_id,product_id,unit_price,quantity,discount) VALUES (10356,69,326.33,5,0);
INSERT INTO oes.order_items (order_id,product_id,unit_price,quantity,discount) VALUES (10357,10,747.84,4,0.2);
INSERT INTO oes.order_items (order_id,product_id,unit_price,quantity,discount) VALUES (10357,26,2392,12,0);
INSERT INTO oes.order_items (order_id,product_id,unit_price,quantity,discount) VALUES (10357,60,740.03,4,0.2);
INSERT INTO oes.order_items (order_id,product_id,unit_price,quantity,discount) VALUES (10358,24,959.99,8,0.05);
INSERT INTO oes.order_items (order_id,product_id,unit_price,quantity,discount) VALUES (10358,34,1499,8,0.05);
INSERT INTO oes.order_items (order_id,product_id,unit_price,quantity,discount) VALUES (10358,36,688.85,5,0.05);
INSERT INTO oes.order_items (order_id,product_id,unit_price,quantity,discount) VALUES (10359,16,555.83,6,0.05);
INSERT INTO oes.order_items (order_id,product_id,unit_price,quantity,discount) VALUES (10359,31,157.41,15,0.05);
INSERT INTO oes.order_items (order_id,product_id,unit_price,quantity,discount) VALUES (10359,60,732.55,9,0.05);
INSERT INTO oes.order_items (order_id,product_id,unit_price,quantity,discount) VALUES (10360,28,31.68,6,0);
INSERT INTO oes.order_items (order_id,product_id,unit_price,quantity,discount) VALUES (10360,29,350,8,0);
INSERT INTO oes.order_items (order_id,product_id,unit_price,quantity,discount) VALUES (10360,38,325.92,9,0);
INSERT INTO oes.order_items (order_id,product_id,unit_price,quantity,discount) VALUES (10360,49,325.62,14,0);
INSERT INTO oes.order_items (order_id,product_id,unit_price,quantity,discount) VALUES (10360,54,661.25,7,0);
INSERT INTO oes.order_items (order_id,product_id,unit_price,quantity,discount) VALUES (10361,39,23,10,0.1);
INSERT INTO oes.order_items (order_id,product_id,unit_price,quantity,discount) VALUES (10361,60,717.6,3,0.1);
INSERT INTO oes.order_items (order_id,product_id,unit_price,quantity,discount) VALUES (10362,25,898.99,2,0);
INSERT INTO oes.order_items (order_id,product_id,unit_price,quantity,discount) VALUES (10362,51,44.05,15,0);
INSERT INTO oes.order_items (order_id,product_id,unit_price,quantity,discount) VALUES (10362,54,641.41,12,0);
INSERT INTO oes.order_items (order_id,product_id,unit_price,quantity,discount) VALUES (10363,31,154.23,4,0);
INSERT INTO oes.order_items (order_id,product_id,unit_price,quantity,discount) VALUES (10363,75,51.83,8,0);
INSERT INTO oes.order_items (order_id,product_id,unit_price,quantity,discount) VALUES (10363,76,65.96,3,0);
INSERT INTO oes.order_items (order_id,product_id,unit_price,quantity,discount) VALUES (10364,69,323,14,0);
INSERT INTO oes.order_items (order_id,product_id,unit_price,quantity,discount) VALUES (10364,71,404.91,13,0);
INSERT INTO oes.order_items (order_id,product_id,unit_price,quantity,discount) VALUES (10365,11,625.68,10,0);
INSERT INTO oes.order_items (order_id,product_id,unit_price,quantity,discount) VALUES (10366,65,182.85,15,0);
INSERT INTO oes.order_items (order_id,product_id,unit_price,quantity,discount) VALUES (10366,77,127.51,1,0);
INSERT INTO oes.order_items (order_id,product_id,unit_price,quantity,discount) VALUES (10367,34,1439.04,7,0);
INSERT INTO oes.order_items (order_id,product_id,unit_price,quantity,discount) VALUES (10367,54,661.25,15,0);
INSERT INTO oes.order_items (order_id,product_id,unit_price,quantity,discount) VALUES (10367,65,177.36,7,0);
INSERT INTO oes.order_items (order_id,product_id,unit_price,quantity,discount) VALUES (10367,77,124.94,13,0);
INSERT INTO oes.order_items (order_id,product_id,unit_price,quantity,discount) VALUES (10368,21,604.8,2,0.1);
INSERT INTO oes.order_items (order_id,product_id,unit_price,quantity,discount) VALUES (10368,28,30.72,6,0.1);
INSERT INTO oes.order_items (order_id,product_id,unit_price,quantity,discount) VALUES (10368,57,2104,11,0);
INSERT INTO oes.order_items (order_id,product_id,unit_price,quantity,discount) VALUES (10368,64,1551.02,3,0.1);
INSERT INTO oes.order_items (order_id,product_id,unit_price,quantity,discount) VALUES (10369,29,343,3,0);
INSERT INTO oes.order_items (order_id,product_id,unit_price,quantity,discount) VALUES (10369,56,1736.29,12,0.25);
INSERT INTO oes.order_items (order_id,product_id,unit_price,quantity,discount) VALUES (10370,1,1299,11,0.15);
INSERT INTO oes.order_items (order_id,product_id,unit_price,quantity,discount) VALUES (10370,64,1567.01,4,0);
INSERT INTO oes.order_items (order_id,product_id,unit_price,quantity,discount) VALUES (10370,74,33.48,12,0.15);
INSERT INTO oes.order_items (order_id,product_id,unit_price,quantity,discount) VALUES (10371,36,668.18,14,0.2);
INSERT INTO oes.order_items (order_id,product_id,unit_price,quantity,discount) VALUES (10372,20,583.1,1,0.25);
INSERT INTO oes.order_items (order_id,product_id,unit_price,quantity,discount) VALUES (10372,38,329.32,8,0.25);
INSERT INTO oes.order_items (order_id,product_id,unit_price,quantity,discount) VALUES (10372,60,747.5,7,0.25);
INSERT INTO oes.order_items (order_id,product_id,unit_price,quantity,discount) VALUES (10372,72,95.03,12,0.25);
INSERT INTO oes.order_items (order_id,product_id,unit_price,quantity,discount) VALUES (10373,58,98,6,0.2);
INSERT INTO oes.order_items (order_id,product_id,unit_price,quantity,discount) VALUES (10373,71,400.82,9,0.2);
INSERT INTO oes.order_items (order_id,product_id,unit_price,quantity,discount) VALUES (10374,31,154.23,6,0);
INSERT INTO oes.order_items (order_id,product_id,unit_price,quantity,discount) VALUES (10374,58,96.02,5,0);
INSERT INTO oes.order_items (order_id,product_id,unit_price,quantity,discount) VALUES (10375,14,22.32,1,0);
INSERT INTO oes.order_items (order_id,product_id,unit_price,quantity,discount) VALUES (10375,54,641.41,10,0);
INSERT INTO oes.order_items (order_id,product_id,unit_price,quantity,discount) VALUES (10376,31,155.82,1,0.05);
INSERT INTO oes.order_items (order_id,product_id,unit_price,quantity,discount) VALUES (10377,28,31.36,5,0.15);
INSERT INTO oes.order_items (order_id,product_id,unit_price,quantity,discount) VALUES (10377,39,22.31,1,0.15);
INSERT INTO oes.order_items (order_id,product_id,unit_price,quantity,discount) VALUES (10378,71,392.64,5,0);
INSERT INTO oes.order_items (order_id,product_id,unit_price,quantity,discount) VALUES (10379,41,128.28,5,0.1);
INSERT INTO oes.order_items (order_id,product_id,unit_price,quantity,discount) VALUES (10379,63,1861.02,11,0.1);
INSERT INTO oes.order_items (order_id,product_id,unit_price,quantity,discount) VALUES (10379,65,177.36,12,0.1);
INSERT INTO oes.order_items (order_id,product_id,unit_price,quantity,discount) VALUES (10380,30,346.44,6,0.1);
INSERT INTO oes.order_items (order_id,product_id,unit_price,quantity,discount) VALUES (10380,53,294,1,0.1);
INSERT INTO oes.order_items (order_id,product_id,unit_price,quantity,discount) VALUES (10380,60,747.5,9,0.1);
INSERT INTO oes.order_items (order_id,product_id,unit_price,quantity,discount) VALUES (10380,70,80.64,6,0);
INSERT INTO oes.order_items (order_id,product_id,unit_price,quantity,discount) VALUES (10381,74,33.14,4,0);
INSERT INTO oes.order_items (order_id,product_id,unit_price,quantity,discount) VALUES (10382,5,146.02,9,0);
INSERT INTO oes.order_items (order_id,product_id,unit_price,quantity,discount) VALUES (10382,18,28.18,3,0);
INSERT INTO oes.order_items (order_id,product_id,unit_price,quantity,discount) VALUES (10382,29,339.5,6,0);
INSERT INTO oes.order_items (order_id,product_id,unit_price,quantity,discount) VALUES (10382,33,22.48,9,0);
INSERT INTO oes.order_items (order_id,product_id,unit_price,quantity,discount) VALUES (10382,74,32.47,14,0);
INSERT INTO oes.order_items (order_id,product_id,unit_price,quantity,discount) VALUES (10383,13,57.23,6,0);
INSERT INTO oes.order_items (order_id,product_id,unit_price,quantity,discount) VALUES (10383,50,97.02,3,0);
INSERT INTO oes.order_items (order_id,product_id,unit_price,quantity,discount) VALUES (10383,56,1789.99,12,0);
INSERT INTO oes.order_items (order_id,product_id,unit_price,quantity,discount) VALUES (10384,20,583.1,7,0);
INSERT INTO oes.order_items (order_id,product_id,unit_price,quantity,discount) VALUES (10384,60,717.6,11,0);
INSERT INTO oes.order_items (order_id,product_id,unit_price,quantity,discount) VALUES (10385,7,39,11,0.2);
INSERT INTO oes.order_items (order_id,product_id,unit_price,quantity,discount) VALUES (10385,60,747.5,14,0.2);
INSERT INTO oes.order_items (order_id,product_id,unit_price,quantity,discount) VALUES (10385,68,49.99,7,0.2);
INSERT INTO oes.order_items (order_id,product_id,unit_price,quantity,discount) VALUES (10386,24,959.99,15,0);
INSERT INTO oes.order_items (order_id,product_id,unit_price,quantity,discount) VALUES (10386,34,1469.02,6,0);
INSERT INTO oes.order_items (order_id,product_id,unit_price,quantity,discount) VALUES (10387,24,959.99,14,0);
INSERT INTO oes.order_items (order_id,product_id,unit_price,quantity,discount) VALUES (10387,28,31.36,12,0);
INSERT INTO oes.order_items (order_id,product_id,unit_price,quantity,discount) VALUES (10387,59,1383.22,7,0);
INSERT INTO oes.order_items (order_id,product_id,unit_price,quantity,discount) VALUES (10387,71,396.73,7,0);
INSERT INTO oes.order_items (order_id,product_id,unit_price,quantity,discount) VALUES (10388,45,248.49,8,0.2);
INSERT INTO oes.order_items (order_id,product_id,unit_price,quantity,discount) VALUES (10388,52,417.47,3,0.2);
INSERT INTO oes.order_items (order_id,product_id,unit_price,quantity,discount) VALUES (10388,53,300,4,0);
INSERT INTO oes.order_items (order_id,product_id,unit_price,quantity,discount) VALUES (10389,10,779,1,0);
INSERT INTO oes.order_items (order_id,product_id,unit_price,quantity,discount) VALUES (10389,55,398.99,12,0);
INSERT INTO oes.order_items (order_id,product_id,unit_price,quantity,discount) VALUES (10389,62,67.89,12,0);
INSERT INTO oes.order_items (order_id,product_id,unit_price,quantity,discount) VALUES (10389,70,80.64,3,0);
INSERT INTO oes.order_items (order_id,product_id,unit_price,quantity,discount) VALUES (10390,31,157.41,11,0.1);
INSERT INTO oes.order_items (order_id,product_id,unit_price,quantity,discount) VALUES (10390,35,69,8,0.1);
INSERT INTO oes.order_items (order_id,product_id,unit_price,quantity,discount) VALUES (10390,46,73.26,3,0);
INSERT INTO oes.order_items (order_id,product_id,unit_price,quantity,discount) VALUES (10390,72,98,9,0.1);
INSERT INTO oes.order_items (order_id,product_id,unit_price,quantity,discount) VALUES (10391,13,59,3,0);
INSERT INTO oes.order_items (order_id,product_id,unit_price,quantity,discount) VALUES (10392,69,323,13,0);
INSERT INTO oes.order_items (order_id,product_id,unit_price,quantity,discount) VALUES (10393,2,1439.04,6,0.25);
INSERT INTO oes.order_items (order_id,product_id,unit_price,quantity,discount) VALUES (10393,14,22.79,8,0.25);
INSERT INTO oes.order_items (order_id,product_id,unit_price,quantity,discount) VALUES (10393,25,898.99,13,0.25);
INSERT INTO oes.order_items (order_id,product_id,unit_price,quantity,discount) VALUES (10393,26,2416.92,7,0.25);
INSERT INTO oes.order_items (order_id,product_id,unit_price,quantity,discount) VALUES (10393,31,154.23,10,0);
INSERT INTO oes.order_items (order_id,product_id,unit_price,quantity,discount) VALUES (10394,13,59,7,0);
INSERT INTO oes.order_items (order_id,product_id,unit_price,quantity,discount) VALUES (10394,62,67.19,8,0);
INSERT INTO oes.order_items (order_id,product_id,unit_price,quantity,discount) VALUES (10395,46,74,13,0.1);
INSERT INTO oes.order_items (order_id,product_id,unit_price,quantity,discount) VALUES (10395,53,294,11,0.1);
INSERT INTO oes.order_items (order_id,product_id,unit_price,quantity,discount) VALUES (10395,69,323,10,0);
INSERT INTO oes.order_items (order_id,product_id,unit_price,quantity,discount) VALUES (10396,23,347.44,4,0);
INSERT INTO oes.order_items (order_id,product_id,unit_price,quantity,discount) VALUES (10396,71,400.82,2,0);
INSERT INTO oes.order_items (order_id,product_id,unit_price,quantity,discount) VALUES (10396,72,95.03,10,0);
INSERT INTO oes.order_items (order_id,product_id,unit_price,quantity,discount) VALUES (10397,21,617.27,7,0.15);
INSERT INTO oes.order_items (order_id,product_id,unit_price,quantity,discount) VALUES (10397,51,43.16,12,0.15);
INSERT INTO oes.order_items (order_id,product_id,unit_price,quantity,discount) VALUES (10398,35,67.62,5,0);
INSERT INTO oes.order_items (order_id,product_id,unit_price,quantity,discount) VALUES (10398,55,398.99,12,0.1);
INSERT INTO oes.order_items (order_id,product_id,unit_price,quantity,discount) VALUES (10399,68,49.49,8,0);
INSERT INTO oes.order_items (order_id,product_id,unit_price,quantity,discount) VALUES (10399,71,400.82,4,0);
INSERT INTO oes.order_items (order_id,product_id,unit_price,quantity,discount) VALUES (10399,76,67.32,14,0);
INSERT INTO oes.order_items (order_id,product_id,unit_price,quantity,discount) VALUES (10399,77,128.8,4,0);
INSERT INTO oes.order_items (order_id,product_id,unit_price,quantity,discount) VALUES (10400,29,346.5,4,0);
INSERT INTO oes.order_items (order_id,product_id,unit_price,quantity,discount) VALUES (10400,35,66.24,15,0);
INSERT INTO oes.order_items (order_id,product_id,unit_price,quantity,discount) VALUES (10400,49,315.85,3,0);
INSERT INTO oes.order_items (order_id,product_id,unit_price,quantity,discount) VALUES (10401,30,335.94,3,0);
INSERT INTO oes.order_items (order_id,product_id,unit_price,quantity,discount) VALUES (10401,56,1772.09,9,0);
INSERT INTO oes.order_items (order_id,product_id,unit_price,quantity,discount) VALUES (10401,65,179.19,10,0);
INSERT INTO oes.order_items (order_id,product_id,unit_price,quantity,discount) VALUES (10401,71,392.64,3,0);
INSERT INTO oes.order_items (order_id,product_id,unit_price,quantity,discount) VALUES (10402,23,350.95,10,0);
INSERT INTO oes.order_items (order_id,product_id,unit_price,quantity,discount) VALUES (10402,63,1842.03,9,0);
INSERT INTO oes.order_items (order_id,product_id,unit_price,quantity,discount) VALUES (10403,16,555.83,3,0.15);
INSERT INTO oes.order_items (order_id,product_id,unit_price,quantity,discount) VALUES (10403,48,1484.01,1,0.15);
INSERT INTO oes.order_items (order_id,product_id,unit_price,quantity,discount) VALUES (10404,26,2416.92,2,0.05);
INSERT INTO oes.order_items (order_id,product_id,unit_price,quantity,discount) VALUES (10404,42,991.68,1,0.05);
INSERT INTO oes.order_items (order_id,product_id,unit_price,quantity,discount) VALUES (10404,49,325.62,10,0.05);
INSERT INTO oes.order_items (order_id,product_id,unit_price,quantity,discount) VALUES (10405,3,775.03,6,0);
INSERT INTO oes.order_items (order_id,product_id,unit_price,quantity,discount) VALUES (10406,1,1260.03,14,0);
INSERT INTO oes.order_items (order_id,product_id,unit_price,quantity,discount) VALUES (10406,21,617.27,7,0.1);
INSERT INTO oes.order_items (order_id,product_id,unit_price,quantity,discount) VALUES (10406,28,31.36,4,0.1);
INSERT INTO oes.order_items (order_id,product_id,unit_price,quantity,discount) VALUES (10406,36,675.07,9,0.1);
INSERT INTO oes.order_items (order_id,product_id,unit_price,quantity,discount) VALUES (10406,40,190.46,6,0.1);
INSERT INTO oes.order_items (order_id,product_id,unit_price,quantity,discount) VALUES (10407,11,606.72,1,0);
INSERT INTO oes.order_items (order_id,product_id,unit_price,quantity,discount) VALUES (10407,69,329.66,5,0);
INSERT INTO oes.order_items (order_id,product_id,unit_price,quantity,discount) VALUES (10407,71,392.64,13,0);
INSERT INTO oes.order_items (order_id,product_id,unit_price,quantity,discount) VALUES (10408,37,240.35,1,0);
INSERT INTO oes.order_items (order_id,product_id,unit_price,quantity,discount) VALUES (10408,54,648.03,3,0);
INSERT INTO oes.order_items (order_id,product_id,unit_price,quantity,discount) VALUES (10408,62,69.99,13,0);
INSERT INTO oes.order_items (order_id,product_id,unit_price,quantity,discount) VALUES (10409,14,23.25,3,0);
INSERT INTO oes.order_items (order_id,product_id,unit_price,quantity,discount) VALUES (10409,21,604.8,10,0);
INSERT INTO oes.order_items (order_id,product_id,unit_price,quantity,discount) VALUES (10410,33,22.94,14,0);
INSERT INTO oes.order_items (order_id,product_id,unit_price,quantity,discount) VALUES (10410,59,1368.96,4,0);
INSERT INTO oes.order_items (order_id,product_id,unit_price,quantity,discount) VALUES (10411,41,126.96,9,0.2);
INSERT INTO oes.order_items (order_id,product_id,unit_price,quantity,discount) VALUES (10411,44,561.62,11,0.2);
INSERT INTO oes.order_items (order_id,product_id,unit_price,quantity,discount) VALUES (10411,59,1368.96,3,0.2);
INSERT INTO oes.order_items (order_id,product_id,unit_price,quantity,discount) VALUES (10412,14,22.55,12,0.1);
INSERT INTO oes.order_items (order_id,product_id,unit_price,quantity,discount) VALUES (10413,1,1299,8,0);
INSERT INTO oes.order_items (order_id,product_id,unit_price,quantity,discount) VALUES (10413,62,69.99,14,0);
INSERT INTO oes.order_items (order_id,product_id,unit_price,quantity,discount) VALUES (10413,76,65.96,10,0);
INSERT INTO oes.order_items (order_id,product_id,unit_price,quantity,discount) VALUES (10414,19,652.41,9,0.05);
INSERT INTO oes.order_items (order_id,product_id,unit_price,quantity,discount) VALUES (10414,33,22.48,3,0);
INSERT INTO oes.order_items (order_id,product_id,unit_price,quantity,discount) VALUES (10415,17,390.04,1,0);
INSERT INTO oes.order_items (order_id,product_id,unit_price,quantity,discount) VALUES (10415,33,22.94,6,0);
INSERT INTO oes.order_items (order_id,product_id,unit_price,quantity,discount) VALUES (10416,19,632.64,10,0);
INSERT INTO oes.order_items (order_id,product_id,unit_price,quantity,discount) VALUES (10416,53,294,2,0);
INSERT INTO oes.order_items (order_id,product_id,unit_price,quantity,discount) VALUES (10416,57,2061.92,13,0);
INSERT INTO oes.order_items (order_id,product_id,unit_price,quantity,discount) VALUES (10417,38,329.32,4,0);
INSERT INTO oes.order_items (order_id,product_id,unit_price,quantity,discount) VALUES (10417,46,71.76,6,0.25);
INSERT INTO oes.order_items (order_id,product_id,unit_price,quantity,discount) VALUES (10417,68,48.49,4,0.25);
INSERT INTO oes.order_items (order_id,product_id,unit_price,quantity,discount) VALUES (10417,77,124.94,7,0);
INSERT INTO oes.order_items (order_id,product_id,unit_price,quantity,discount) VALUES (10418,2,1499,8,0);
INSERT INTO oes.order_items (order_id,product_id,unit_price,quantity,discount) VALUES (10418,47,949.44,6,0);
INSERT INTO oes.order_items (order_id,product_id,unit_price,quantity,discount) VALUES (10418,61,147.99,8,0);
INSERT INTO oes.order_items (order_id,product_id,unit_price,quantity,discount) VALUES (10418,74,32.47,12,0);
INSERT INTO oes.order_items (order_id,product_id,unit_price,quantity,discount) VALUES (10419,60,747.5,15,0.05);
INSERT INTO oes.order_items (order_id,product_id,unit_price,quantity,discount) VALUES (10419,69,323,8,0.05);
INSERT INTO oes.order_items (order_id,product_id,unit_price,quantity,discount) VALUES (10420,9,495,11,0.1);
INSERT INTO oes.order_items (order_id,product_id,unit_price,quantity,discount) VALUES (10420,13,57.23,2,0.1);
INSERT INTO oes.order_items (order_id,product_id,unit_price,quantity,discount) VALUES (10420,70,82.32,15,0.1);
INSERT INTO oes.order_items (order_id,product_id,unit_price,quantity,discount) VALUES (10420,73,189.13,12,0.1);
INSERT INTO oes.order_items (order_id,product_id,unit_price,quantity,discount) VALUES (10421,19,652.41,5,0.15);
INSERT INTO oes.order_items (order_id,product_id,unit_price,quantity,discount) VALUES (10421,26,2491.67,12,0);
INSERT INTO oes.order_items (order_id,product_id,unit_price,quantity,discount) VALUES (10421,53,291,8,0.15);
INSERT INTO oes.order_items (order_id,product_id,unit_price,quantity,discount) VALUES (10421,77,126.22,15,0.15);
INSERT INTO oes.order_items (order_id,product_id,unit_price,quantity,discount) VALUES (10422,26,2466.75,9,0);
INSERT INTO oes.order_items (order_id,product_id,unit_price,quantity,discount) VALUES (10423,31,152.64,9,0);
INSERT INTO oes.order_items (order_id,product_id,unit_price,quantity,discount) VALUES (10423,59,1368.96,11,0);
INSERT INTO oes.order_items (order_id,product_id,unit_price,quantity,discount) VALUES (10424,35,67.62,1,0.2);
INSERT INTO oes.order_items (order_id,product_id,unit_price,quantity,discount) VALUES (10424,38,339.5,6,0.2);
INSERT INTO oes.order_items (order_id,product_id,unit_price,quantity,discount) VALUES (10424,68,49.99,15,0.2);
INSERT INTO oes.order_items (order_id,product_id,unit_price,quantity,discount) VALUES (10425,55,398.99,13,0.25);
INSERT INTO oes.order_items (order_id,product_id,unit_price,quantity,discount) VALUES (10425,76,65.28,15,0.25);
INSERT INTO oes.order_items (order_id,product_id,unit_price,quantity,discount) VALUES (10426,56,1772.09,9,0);
INSERT INTO oes.order_items (order_id,product_id,unit_price,quantity,discount) VALUES (10426,64,1535.03,6,0);
INSERT INTO oes.order_items (order_id,product_id,unit_price,quantity,discount) VALUES (10427,14,22.32,6,0);
INSERT INTO oes.order_items (order_id,product_id,unit_price,quantity,discount) VALUES (10428,46,74,2,0);
INSERT INTO oes.order_items (order_id,product_id,unit_price,quantity,discount) VALUES (10429,50,96.03,6,0);
INSERT INTO oes.order_items (order_id,product_id,unit_price,quantity,discount) VALUES (10429,63,1899,9,0.25);
INSERT INTO oes.order_items (order_id,product_id,unit_price,quantity,discount) VALUES (10430,17,390.04,11,0.2);
INSERT INTO oes.order_items (order_id,product_id,unit_price,quantity,discount) VALUES (10430,21,604.8,3,0);
INSERT INTO oes.order_items (order_id,product_id,unit_price,quantity,discount) VALUES (10430,56,1736.29,13,0);
INSERT INTO oes.order_items (order_id,product_id,unit_price,quantity,discount) VALUES (10430,59,1383.22,3,0.2);
INSERT INTO oes.order_items (order_id,product_id,unit_price,quantity,discount) VALUES (10431,17,386.06,10,0.25);
INSERT INTO oes.order_items (order_id,product_id,unit_price,quantity,discount) VALUES (10431,40,192.41,11,0.25);
INSERT INTO oes.order_items (order_id,product_id,unit_price,quantity,discount) VALUES (10431,47,969.22,5,0.25);
INSERT INTO oes.order_items (order_id,product_id,unit_price,quantity,discount) VALUES (10432,26,2416.92,9,0);
INSERT INTO oes.order_items (order_id,product_id,unit_price,quantity,discount) VALUES (10432,54,641.41,4,0);
INSERT INTO oes.order_items (order_id,product_id,unit_price,quantity,discount) VALUES (10433,56,1718.39,14,0);
INSERT INTO oes.order_items (order_id,product_id,unit_price,quantity,discount) VALUES (10434,11,619.36,11,0);
INSERT INTO oes.order_items (order_id,product_id,unit_price,quantity,discount) VALUES (10434,76,66.64,11,0.15);
INSERT INTO oes.order_items (order_id,product_id,unit_price,quantity,discount) VALUES (10435,2,1439.04,11,0);
INSERT INTO oes.order_items (order_id,product_id,unit_price,quantity,discount) VALUES (10435,22,3669.12,1,0);
INSERT INTO oes.order_items (order_id,product_id,unit_price,quantity,discount) VALUES (10435,72,95.03,8,0);
INSERT INTO oes.order_items (order_id,product_id,unit_price,quantity,discount) VALUES (10436,46,74.75,1,0);
INSERT INTO oes.order_items (order_id,product_id,unit_price,quantity,discount) VALUES (10436,56,1718.39,1,0.1);
INSERT INTO oes.order_items (order_id,product_id,unit_price,quantity,discount) VALUES (10436,64,1583,12,0.1);
INSERT INTO oes.order_items (order_id,product_id,unit_price,quantity,discount) VALUES (10436,75,53.99,13,0.1);
INSERT INTO oes.order_items (order_id,product_id,unit_price,quantity,discount) VALUES (10437,53,300,13,0);
INSERT INTO oes.order_items (order_id,product_id,unit_price,quantity,discount) VALUES (10438,19,632.64,5,0.2);
INSERT INTO oes.order_items (order_id,product_id,unit_price,quantity,discount) VALUES (10438,34,1469.02,3,0.2);
INSERT INTO oes.order_items (order_id,product_id,unit_price,quantity,discount) VALUES (10438,57,2019.84,6,0.2);
INSERT INTO oes.order_items (order_id,product_id,unit_price,quantity,discount) VALUES (10439,12,440.64,11,0);
INSERT INTO oes.order_items (order_id,product_id,unit_price,quantity,discount) VALUES (10439,16,567.41,2,0);
INSERT INTO oes.order_items (order_id,product_id,unit_price,quantity,discount) VALUES (10439,64,1567.01,3,0);
INSERT INTO oes.order_items (order_id,product_id,unit_price,quantity,discount) VALUES (10439,74,32.81,7,0);
INSERT INTO oes.order_items (order_id,product_id,unit_price,quantity,discount) VALUES (10440,2,1439.04,5,0.15);
INSERT INTO oes.order_items (order_id,product_id,unit_price,quantity,discount) VALUES (10440,16,567.41,13,0.15);
INSERT INTO oes.order_items (order_id,product_id,unit_price,quantity,discount) VALUES (10440,29,350,3,0.15);
INSERT INTO oes.order_items (order_id,product_id,unit_price,quantity,discount) VALUES (10440,61,145.03,11,0.15);
INSERT INTO oes.order_items (order_id,product_id,unit_price,quantity,discount) VALUES (10441,27,249,14,0);
INSERT INTO oes.order_items (order_id,product_id,unit_price,quantity,discount) VALUES (10442,11,613.04,7,0);
INSERT INTO oes.order_items (order_id,product_id,unit_price,quantity,discount) VALUES (10442,54,641.41,7,0);
INSERT INTO oes.order_items (order_id,product_id,unit_price,quantity,discount) VALUES (10442,66,76.72,3,0);
INSERT INTO oes.order_items (order_id,product_id,unit_price,quantity,discount) VALUES (10443,11,606.72,13,0.2);
INSERT INTO oes.order_items (order_id,product_id,unit_price,quantity,discount) VALUES (10443,28,31.36,10,0);
INSERT INTO oes.order_items (order_id,product_id,unit_price,quantity,discount) VALUES (10444,17,386.06,15,0);
INSERT INTO oes.order_items (order_id,product_id,unit_price,quantity,discount) VALUES (10444,26,2466.75,13,0);
INSERT INTO oes.order_items (order_id,product_id,unit_price,quantity,discount) VALUES (10444,35,66.24,10,0);
INSERT INTO oes.order_items (order_id,product_id,unit_price,quantity,discount) VALUES (10444,41,130.93,10,0);
INSERT INTO oes.order_items (order_id,product_id,unit_price,quantity,discount) VALUES (10445,39,23,15,0);
INSERT INTO oes.order_items (order_id,product_id,unit_price,quantity,discount) VALUES (10445,54,641.41,3,0);
INSERT INTO oes.order_items (order_id,product_id,unit_price,quantity,discount) VALUES (10446,19,652.41,13,0.1);
INSERT INTO oes.order_items (order_id,product_id,unit_price,quantity,discount) VALUES (10446,24,959.99,6,0.1);
INSERT INTO oes.order_items (order_id,product_id,unit_price,quantity,discount) VALUES (10446,31,154.23,3,0.1);
INSERT INTO oes.order_items (order_id,product_id,unit_price,quantity,discount) VALUES (10446,52,408.95,5,0.1);
INSERT INTO oes.order_items (order_id,product_id,unit_price,quantity,discount) VALUES (10447,19,645.82,7,0);
INSERT INTO oes.order_items (order_id,product_id,unit_price,quantity,discount) VALUES (10447,65,175.54,11,0);
INSERT INTO oes.order_items (order_id,product_id,unit_price,quantity,discount) VALUES (10447,71,409,3,0);
INSERT INTO oes.order_items (order_id,product_id,unit_price,quantity,discount) VALUES (10448,26,2491.67,6,0);
INSERT INTO oes.order_items (order_id,product_id,unit_price,quantity,discount) VALUES (10448,40,194.35,4,0);
INSERT INTO oes.order_items (order_id,product_id,unit_price,quantity,discount) VALUES (10449,10,779,12,0);
INSERT INTO oes.order_items (order_id,product_id,unit_price,quantity,discount) VALUES (10449,52,408.95,13,0);
INSERT INTO oes.order_items (order_id,product_id,unit_price,quantity,discount) VALUES (10449,62,68.59,11,0);
INSERT INTO oes.order_items (order_id,product_id,unit_price,quantity,discount) VALUES (10450,10,763.42,7,0.2);
INSERT INTO oes.order_items (order_id,product_id,unit_price,quantity,discount) VALUES (10450,54,634.8,4,0.2);
INSERT INTO oes.order_items (order_id,product_id,unit_price,quantity,discount) VALUES (10451,55,391.01,13,0.1);
INSERT INTO oes.order_items (order_id,product_id,unit_price,quantity,discount) VALUES (10451,64,1583,6,0.1);
INSERT INTO oes.order_items (order_id,product_id,unit_price,quantity,discount) VALUES (10451,65,179.19,4,0.1);
INSERT INTO oes.order_items (order_id,product_id,unit_price,quantity,discount) VALUES (10451,77,123.65,14,0.1);
INSERT INTO oes.order_items (order_id,product_id,unit_price,quantity,discount) VALUES (10452,28,32,6,0);
INSERT INTO oes.order_items (order_id,product_id,unit_price,quantity,discount) VALUES (10452,44,561.62,11,0.05);
INSERT INTO oes.order_items (order_id,product_id,unit_price,quantity,discount) VALUES (10453,48,1454.03,4,0.1);
INSERT INTO oes.order_items (order_id,product_id,unit_price,quantity,discount) VALUES (10453,70,80.64,15,0.1);
INSERT INTO oes.order_items (order_id,product_id,unit_price,quantity,discount) VALUES (10454,16,561.62,12,0.2);
INSERT INTO oes.order_items (order_id,product_id,unit_price,quantity,discount) VALUES (10454,33,22.94,5,0.2);
INSERT INTO oes.order_items (order_id,product_id,unit_price,quantity,discount) VALUES (10454,46,72.51,5,0.2);
INSERT INTO oes.order_items (order_id,product_id,unit_price,quantity,discount) VALUES (10455,39,22.77,8,0);
INSERT INTO oes.order_items (order_id,product_id,unit_price,quantity,discount) VALUES (10455,53,297,4,0);
INSERT INTO oes.order_items (order_id,product_id,unit_price,quantity,discount) VALUES (10455,61,146.51,4,0);
INSERT INTO oes.order_items (order_id,product_id,unit_price,quantity,discount) VALUES (10455,71,400.82,12,0);
INSERT INTO oes.order_items (order_id,product_id,unit_price,quantity,discount) VALUES (10456,21,598.56,11,0.15);
INSERT INTO oes.order_items (order_id,product_id,unit_price,quantity,discount) VALUES (10456,49,315.85,2,0.15);
INSERT INTO oes.order_items (order_id,product_id,unit_price,quantity,discount) VALUES (10457,59,1397.48,14,0);
INSERT INTO oes.order_items (order_id,product_id,unit_price,quantity,discount) VALUES (10458,26,2491.67,11,0);
INSERT INTO oes.order_items (order_id,product_id,unit_price,quantity,discount) VALUES (10458,28,30.72,10,0);
INSERT INTO oes.order_items (order_id,product_id,unit_price,quantity,discount) VALUES (10458,43,82.51,7,0);
INSERT INTO oes.order_items (order_id,product_id,unit_price,quantity,discount) VALUES (10458,56,1718.39,13,0);
INSERT INTO oes.order_items (order_id,product_id,unit_price,quantity,discount) VALUES (10458,71,396.73,15,0);
INSERT INTO oes.order_items (order_id,product_id,unit_price,quantity,discount) VALUES (10459,7,37.44,2,0.05);
INSERT INTO oes.order_items (order_id,product_id,unit_price,quantity,discount) VALUES (10459,46,74,4,0.05);
INSERT INTO oes.order_items (order_id,product_id,unit_price,quantity,discount) VALUES (10459,72,95.03,4,0);
INSERT INTO oes.order_items (order_id,product_id,unit_price,quantity,discount) VALUES (10460,68,47.99,12,0.25);
INSERT INTO oes.order_items (order_id,product_id,unit_price,quantity,discount) VALUES (10460,75,52.91,12,0.25);
INSERT INTO oes.order_items (order_id,product_id,unit_price,quantity,discount) VALUES (10461,21,598.56,8,0.25);
INSERT INTO oes.order_items (order_id,product_id,unit_price,quantity,discount) VALUES (10461,30,349.94,5,0.25);
INSERT INTO oes.order_items (order_id,product_id,unit_price,quantity,discount) VALUES (10461,55,387.02,14,0.25);
INSERT INTO oes.order_items (order_id,product_id,unit_price,quantity,discount) VALUES (10462,13,57.82,14,0);
INSERT INTO oes.order_items (order_id,product_id,unit_price,quantity,discount) VALUES (10462,23,347.44,5,0);
INSERT INTO oes.order_items (order_id,product_id,unit_price,quantity,discount) VALUES (10463,19,632.64,3,0);
INSERT INTO oes.order_items (order_id,product_id,unit_price,quantity,discount) VALUES (10463,42,1012.34,14,0);
INSERT INTO oes.order_items (order_id,product_id,unit_price,quantity,discount) VALUES (10464,4,335.03,9,0.2);
INSERT INTO oes.order_items (order_id,product_id,unit_price,quantity,discount) VALUES (10464,43,84.23,9,0);
INSERT INTO oes.order_items (order_id,product_id,unit_price,quantity,discount) VALUES (10464,56,1736.29,8,0.2);
INSERT INTO oes.order_items (order_id,product_id,unit_price,quantity,discount) VALUES (10464,60,717.6,6,0);
INSERT INTO oes.order_items (order_id,product_id,unit_price,quantity,discount) VALUES (10465,24,959.99,5,0);
INSERT INTO oes.order_items (order_id,product_id,unit_price,quantity,discount) VALUES (10465,29,350,10,0.1);
INSERT INTO oes.order_items (order_id,product_id,unit_price,quantity,discount) VALUES (10465,40,186.58,9,0);
INSERT INTO oes.order_items (order_id,product_id,unit_price,quantity,discount) VALUES (10465,45,251,3,0.1);
INSERT INTO oes.order_items (order_id,product_id,unit_price,quantity,discount) VALUES (10465,50,99,9,0);
INSERT INTO oes.order_items (order_id,product_id,unit_price,quantity,discount) VALUES (10466,11,606.72,14,0);
INSERT INTO oes.order_items (order_id,product_id,unit_price,quantity,discount) VALUES (10466,46,74.75,3,0);
INSERT INTO oes.order_items (order_id,product_id,unit_price,quantity,discount) VALUES (10467,24,969.99,1,0);
INSERT INTO oes.order_items (order_id,product_id,unit_price,quantity,discount) VALUES (10467,25,898.99,14,0);
INSERT INTO oes.order_items (order_id,product_id,unit_price,quantity,discount) VALUES (10468,30,349.94,15,0);
INSERT INTO oes.order_items (order_id,product_id,unit_price,quantity,discount) VALUES (10468,43,84.23,12,0);
INSERT INTO oes.order_items (order_id,product_id,unit_price,quantity,discount) VALUES (10469,2,1439.04,11,0.15);
INSERT INTO oes.order_items (order_id,product_id,unit_price,quantity,discount) VALUES (10469,16,573.2,13,0.15);
INSERT INTO oes.order_items (order_id,product_id,unit_price,quantity,discount) VALUES (10469,44,573.2,2,0.15);
INSERT INTO oes.order_items (order_id,product_id,unit_price,quantity,discount) VALUES (10470,18,27.89,9,0);
INSERT INTO oes.order_items (order_id,product_id,unit_price,quantity,discount) VALUES (10470,23,347.44,1,0);
INSERT INTO oes.order_items (order_id,product_id,unit_price,quantity,discount) VALUES (10470,64,1551.02,12,0);
INSERT INTO oes.order_items (order_id,product_id,unit_price,quantity,discount) VALUES (10471,7,39,6,0);
INSERT INTO oes.order_items (order_id,product_id,unit_price,quantity,discount) VALUES (10471,56,1718.39,9,0);
INSERT INTO oes.order_items (order_id,product_id,unit_price,quantity,discount) VALUES (10472,24,969.99,4,0.05);
INSERT INTO oes.order_items (order_id,product_id,unit_price,quantity,discount) VALUES (10472,51,44.05,2,0);
INSERT INTO oes.order_items (order_id,product_id,unit_price,quantity,discount) VALUES (10473,33,22.71,10,0);
INSERT INTO oes.order_items (order_id,product_id,unit_price,quantity,discount) VALUES (10473,71,409,1,0);
INSERT INTO oes.order_items (order_id,product_id,unit_price,quantity,discount) VALUES (10474,14,23.02,6,0);
INSERT INTO oes.order_items (order_id,product_id,unit_price,quantity,discount) VALUES (10474,28,32,5,0);
INSERT INTO oes.order_items (order_id,product_id,unit_price,quantity,discount) VALUES (10474,40,188.52,11,0);
INSERT INTO oes.order_items (order_id,product_id,unit_price,quantity,discount) VALUES (10474,75,53.99,14,0);
INSERT INTO oes.order_items (order_id,product_id,unit_price,quantity,discount) VALUES (10475,31,154.23,7,0.15);
INSERT INTO oes.order_items (order_id,product_id,unit_price,quantity,discount) VALUES (10475,66,76.72,10,0.15);
INSERT INTO oes.order_items (order_id,product_id,unit_price,quantity,discount) VALUES (10475,76,66.64,3,0.15);
INSERT INTO oes.order_items (order_id,product_id,unit_price,quantity,discount) VALUES (10476,55,398.99,8,0.05);
INSERT INTO oes.order_items (order_id,product_id,unit_price,quantity,discount) VALUES (10476,70,82.32,3,0);
INSERT INTO oes.order_items (order_id,product_id,unit_price,quantity,discount) VALUES (10477,1,1299,13,0);
INSERT INTO oes.order_items (order_id,product_id,unit_price,quantity,discount) VALUES (10477,21,598.56,7,0.25);
INSERT INTO oes.order_items (order_id,product_id,unit_price,quantity,discount) VALUES (10477,39,22.31,11,0.25);
INSERT INTO oes.order_items (order_id,product_id,unit_price,quantity,discount) VALUES (10478,10,755.63,9,0.05);
INSERT INTO oes.order_items (order_id,product_id,unit_price,quantity,discount) VALUES (10479,38,336.11,13,0);
INSERT INTO oes.order_items (order_id,product_id,unit_price,quantity,discount) VALUES (10479,53,297,6,0);
INSERT INTO oes.order_items (order_id,product_id,unit_price,quantity,discount) VALUES (10479,59,1397.48,8,0);
INSERT INTO oes.order_items (order_id,product_id,unit_price,quantity,discount) VALUES (10479,64,1567.01,4,0);
INSERT INTO oes.order_items (order_id,product_id,unit_price,quantity,discount) VALUES (10480,47,949.44,13,0);
INSERT INTO oes.order_items (order_id,product_id,unit_price,quantity,discount) VALUES (10480,59,1368.96,7,0);
INSERT INTO oes.order_items (order_id,product_id,unit_price,quantity,discount) VALUES (10481,49,315.85,7,0);
INSERT INTO oes.order_items (order_id,product_id,unit_price,quantity,discount) VALUES (10481,60,717.6,14,0);
INSERT INTO oes.order_items (order_id,product_id,unit_price,quantity,discount) VALUES (10482,40,190.46,10,0);
INSERT INTO oes.order_items (order_id,product_id,unit_price,quantity,discount) VALUES (10483,34,1484.01,5,0.05);
INSERT INTO oes.order_items (order_id,product_id,unit_price,quantity,discount) VALUES (10483,77,124.94,2,0.05);
INSERT INTO oes.order_items (order_id,product_id,unit_price,quantity,discount) VALUES (10484,21,611.03,9,0);
INSERT INTO oes.order_items (order_id,product_id,unit_price,quantity,discount) VALUES (10484,40,190.46,9,0);
INSERT INTO oes.order_items (order_id,product_id,unit_price,quantity,discount) VALUES (10484,51,44.05,2,0);
INSERT INTO oes.order_items (order_id,product_id,unit_price,quantity,discount) VALUES (10485,2,1484.01,10,0.1);
INSERT INTO oes.order_items (order_id,product_id,unit_price,quantity,discount) VALUES (10485,3,767.04,9,0.1);
INSERT INTO oes.order_items (order_id,product_id,unit_price,quantity,discount) VALUES (10485,55,387.02,11,0.1);
INSERT INTO oes.order_items (order_id,product_id,unit_price,quantity,discount) VALUES (10485,70,84,15,0.1);
INSERT INTO oes.order_items (order_id,product_id,unit_price,quantity,discount) VALUES (10486,11,632,3,0);
INSERT INTO oes.order_items (order_id,product_id,unit_price,quantity,discount) VALUES (10486,51,44.49,10,0);
INSERT INTO oes.order_items (order_id,product_id,unit_price,quantity,discount) VALUES (10486,74,33.14,12,0);
INSERT INTO oes.order_items (order_id,product_id,unit_price,quantity,discount) VALUES (10487,19,639.23,15,0);
INSERT INTO oes.order_items (order_id,product_id,unit_price,quantity,discount) VALUES (10487,26,2491.67,11,0);
INSERT INTO oes.order_items (order_id,product_id,unit_price,quantity,discount) VALUES (10487,54,661.25,6,0.25);
INSERT INTO oes.order_items (order_id,product_id,unit_price,quantity,discount) VALUES (10488,59,1426,4,0);
INSERT INTO oes.order_items (order_id,product_id,unit_price,quantity,discount) VALUES (10488,73,191.06,9,0.2);
INSERT INTO oes.order_items (order_id,product_id,unit_price,quantity,discount) VALUES (10489,11,619.36,5,0.25);
INSERT INTO oes.order_items (order_id,product_id,unit_price,quantity,discount) VALUES (10489,16,561.62,3,0);
INSERT INTO oes.order_items (order_id,product_id,unit_price,quantity,discount) VALUES (10490,59,1397.48,13,0);
INSERT INTO oes.order_items (order_id,product_id,unit_price,quantity,discount) VALUES (10490,68,48.49,4,0);
INSERT INTO oes.order_items (order_id,product_id,unit_price,quantity,discount) VALUES (10490,75,52.91,4,0);
INSERT INTO oes.order_items (order_id,product_id,unit_price,quantity,discount) VALUES (10491,44,578.99,14,0.15);
INSERT INTO oes.order_items (order_id,product_id,unit_price,quantity,discount) VALUES (10491,77,124.94,6,0.15);
INSERT INTO oes.order_items (order_id,product_id,unit_price,quantity,discount) VALUES (10492,25,898.99,8,0.05);
INSERT INTO oes.order_items (order_id,product_id,unit_price,quantity,discount) VALUES (10492,42,991.68,8,0.05);
INSERT INTO oes.order_items (order_id,product_id,unit_price,quantity,discount) VALUES (10493,65,182.85,13,0.1);
INSERT INTO oes.order_items (order_id,product_id,unit_price,quantity,discount) VALUES (10493,66,76.72,12,0.1);
INSERT INTO oes.order_items (order_id,product_id,unit_price,quantity,discount) VALUES (10493,69,319.67,3,0.1);
INSERT INTO oes.order_items (order_id,product_id,unit_price,quantity,discount) VALUES (10494,56,1789.99,8,0);
INSERT INTO oes.order_items (order_id,product_id,unit_price,quantity,discount) VALUES (10495,23,347.44,15,0);
INSERT INTO oes.order_items (order_id,product_id,unit_price,quantity,discount) VALUES (10495,41,126.96,9,0);
INSERT INTO oes.order_items (order_id,product_id,unit_price,quantity,discount) VALUES (10495,77,127.51,7,0);
INSERT INTO oes.order_items (order_id,product_id,unit_price,quantity,discount) VALUES (10496,31,152.64,13,0.05);
INSERT INTO oes.order_items (order_id,product_id,unit_price,quantity,discount) VALUES (10497,56,1736.29,8,0);
INSERT INTO oes.order_items (order_id,product_id,unit_price,quantity,discount) VALUES (10497,72,97.01,14,0);
INSERT INTO oes.order_items (order_id,product_id,unit_price,quantity,discount) VALUES (10497,77,127.51,5,0);
INSERT INTO oes.order_items (order_id,product_id,unit_price,quantity,discount) VALUES (10498,24,989.99,9,0);
INSERT INTO oes.order_items (order_id,product_id,unit_price,quantity,discount) VALUES (10498,40,188.52,3,0);
INSERT INTO oes.order_items (order_id,product_id,unit_price,quantity,discount) VALUES (10498,42,1033,1,0);
INSERT INTO oes.order_items (order_id,product_id,unit_price,quantity,discount) VALUES (10499,28,31.68,11,0);
INSERT INTO oes.order_items (order_id,product_id,unit_price,quantity,discount) VALUES (10499,49,319.11,3,0);
INSERT INTO oes.order_items (order_id,product_id,unit_price,quantity,discount) VALUES (10500,15,278.99,6,0.05);
INSERT INTO oes.order_items (order_id,product_id,unit_price,quantity,discount) VALUES (10500,28,31.68,14,0.05);
INSERT INTO oes.order_items (order_id,product_id,unit_price,quantity,discount) VALUES (10501,54,661.25,1,0);
INSERT INTO oes.order_items (order_id,product_id,unit_price,quantity,discount) VALUES (10502,45,245.98,4,0);
INSERT INTO oes.order_items (order_id,product_id,unit_price,quantity,discount) VALUES (10502,53,297,9,0);
INSERT INTO oes.order_items (order_id,product_id,unit_price,quantity,discount) VALUES (10502,67,19.8,8,0);
INSERT INTO oes.order_items (order_id,product_id,unit_price,quantity,discount) VALUES (10503,14,22.55,14,0);
INSERT INTO oes.order_items (order_id,product_id,unit_price,quantity,discount) VALUES (10503,65,177.36,5,0);
INSERT INTO oes.order_items (order_id,product_id,unit_price,quantity,discount) VALUES (10504,2,1439.04,6,0);
INSERT INTO oes.order_items (order_id,product_id,unit_price,quantity,discount) VALUES (10504,21,598.56,2,0);
INSERT INTO oes.order_items (order_id,product_id,unit_price,quantity,discount) VALUES (10504,53,288,1,0);
INSERT INTO oes.order_items (order_id,product_id,unit_price,quantity,discount) VALUES (10504,61,145.03,6,0);
INSERT INTO oes.order_items (order_id,product_id,unit_price,quantity,discount) VALUES (10505,62,69.99,12,0);
INSERT INTO oes.order_items (order_id,product_id,unit_price,quantity,discount) VALUES (10506,25,898.99,6,0.1);
INSERT INTO oes.order_items (order_id,product_id,unit_price,quantity,discount) VALUES (10506,70,81.48,3,0.1);
INSERT INTO oes.order_items (order_id,product_id,unit_price,quantity,discount) VALUES (10507,43,82.51,8,0.15);
INSERT INTO oes.order_items (order_id,product_id,unit_price,quantity,discount) VALUES (10507,48,1454.03,15,0.15);
INSERT INTO oes.order_items (order_id,product_id,unit_price,quantity,discount) VALUES (10508,13,57.23,13,0);
INSERT INTO oes.order_items (order_id,product_id,unit_price,quantity,discount) VALUES (10508,39,22.31,12,0);
INSERT INTO oes.order_items (order_id,product_id,unit_price,quantity,discount) VALUES (10509,28,30.72,4,0);
INSERT INTO oes.order_items (order_id,product_id,unit_price,quantity,discount) VALUES (10510,29,339.5,3,0);
INSERT INTO oes.order_items (order_id,product_id,unit_price,quantity,discount) VALUES (10510,75,52.91,14,0.1);
INSERT INTO oes.order_items (order_id,product_id,unit_price,quantity,discount) VALUES (10511,4,338.52,1,0.15);
INSERT INTO oes.order_items (order_id,product_id,unit_price,quantity,discount) VALUES (10511,7,37.83,4,0.15);
INSERT INTO oes.order_items (order_id,product_id,unit_price,quantity,discount) VALUES (10511,8,167.92,12,0.15);
INSERT INTO oes.order_items (order_id,product_id,unit_price,quantity,discount) VALUES (10512,24,989.99,2,0.15);
INSERT INTO oes.order_items (order_id,product_id,unit_price,quantity,discount) VALUES (10512,46,72.51,15,0.15);
INSERT INTO oes.order_items (order_id,product_id,unit_price,quantity,discount) VALUES (10512,47,949.44,4,0.15);
INSERT INTO oes.order_items (order_id,product_id,unit_price,quantity,discount) VALUES (10512,60,732.55,2,0.15);
INSERT INTO oes.order_items (order_id,product_id,unit_price,quantity,discount) VALUES (10513,21,617.27,1,0.2);
INSERT INTO oes.order_items (order_id,product_id,unit_price,quantity,discount) VALUES (10513,32,251.22,1,0.2);
INSERT INTO oes.order_items (order_id,product_id,unit_price,quantity,discount) VALUES (10513,61,146.51,7,0.2);
INSERT INTO oes.order_items (order_id,product_id,unit_price,quantity,discount) VALUES (10514,20,595,6,0);
INSERT INTO oes.order_items (order_id,product_id,unit_price,quantity,discount) VALUES (10514,28,31.68,15,0);
INSERT INTO oes.order_items (order_id,product_id,unit_price,quantity,discount) VALUES (10514,56,1772.09,5,0);
INSERT INTO oes.order_items (order_id,product_id,unit_price,quantity,discount) VALUES (10514,65,177.36,10,0);
INSERT INTO oes.order_items (order_id,product_id,unit_price,quantity,discount) VALUES (10514,75,51.83,14,0);
INSERT INTO oes.order_items (order_id,product_id,unit_price,quantity,discount) VALUES (10515,9,490.05,12,0.15);
INSERT INTO oes.order_items (order_id,product_id,unit_price,quantity,discount) VALUES (10515,16,555.83,9,0);
INSERT INTO oes.order_items (order_id,product_id,unit_price,quantity,discount) VALUES (10515,27,249,4,0);
INSERT INTO oes.order_items (order_id,product_id,unit_price,quantity,discount) VALUES (10515,33,22.94,12,0.15);
INSERT INTO oes.order_items (order_id,product_id,unit_price,quantity,discount) VALUES (10515,60,740.03,2,0.15);
INSERT INTO oes.order_items (order_id,product_id,unit_price,quantity,discount) VALUES (10516,18,27.6,15,0.1);
INSERT INTO oes.order_items (order_id,product_id,unit_price,quantity,discount) VALUES (10516,41,130.93,15,0.1);
INSERT INTO oes.order_items (order_id,product_id,unit_price,quantity,discount) VALUES (10516,42,1022.67,15,0);
INSERT INTO oes.order_items (order_id,product_id,unit_price,quantity,discount) VALUES (10517,52,408.95,1,0);
INSERT INTO oes.order_items (order_id,product_id,unit_price,quantity,discount) VALUES (10517,59,1383.22,7,0);
INSERT INTO oes.order_items (order_id,product_id,unit_price,quantity,discount) VALUES (10517,70,84,15,0);
INSERT INTO oes.order_items (order_id,product_id,unit_price,quantity,discount) VALUES (10518,24,989.99,14,0);
INSERT INTO oes.order_items (order_id,product_id,unit_price,quantity,discount) VALUES (10518,38,339.5,12,0);
INSERT INTO oes.order_items (order_id,product_id,unit_price,quantity,discount) VALUES (10518,44,567.41,14,0);
INSERT INTO oes.order_items (order_id,product_id,unit_price,quantity,discount) VALUES (10519,10,779,11,0.05);
INSERT INTO oes.order_items (order_id,product_id,unit_price,quantity,discount) VALUES (10519,56,1772.09,6,0);
INSERT INTO oes.order_items (order_id,product_id,unit_price,quantity,discount) VALUES (10519,60,747.5,14,0.05);
INSERT INTO oes.order_items (order_id,product_id,unit_price,quantity,discount) VALUES (10520,24,999.99,10,0);
INSERT INTO oes.order_items (order_id,product_id,unit_price,quantity,discount) VALUES (10520,53,297,6,0);
INSERT INTO oes.order_items (order_id,product_id,unit_price,quantity,discount) VALUES (10521,35,68.31,1,0);
INSERT INTO oes.order_items (order_id,product_id,unit_price,quantity,discount) VALUES (10521,41,132.25,9,0);
INSERT INTO oes.order_items (order_id,product_id,unit_price,quantity,discount) VALUES (10521,68,48.99,7,0);
INSERT INTO oes.order_items (order_id,product_id,unit_price,quantity,discount) VALUES (10522,1,1247.04,5,0.2);
INSERT INTO oes.order_items (order_id,product_id,unit_price,quantity,discount) VALUES (10522,8,164.5,8,0);
INSERT INTO oes.order_items (order_id,product_id,unit_price,quantity,discount) VALUES (10522,30,339.44,14,0.2);
INSERT INTO oes.order_items (order_id,product_id,unit_price,quantity,discount) VALUES (10522,40,192.41,10,0.2);
INSERT INTO oes.order_items (order_id,product_id,unit_price,quantity,discount) VALUES (10523,17,386.06,3,0.1);
INSERT INTO oes.order_items (order_id,product_id,unit_price,quantity,discount) VALUES (10523,20,589.05,14,0.1);
INSERT INTO oes.order_items (order_id,product_id,unit_price,quantity,discount) VALUES (10523,37,240.35,10,0.1);
INSERT INTO oes.order_items (order_id,product_id,unit_price,quantity,discount) VALUES (10523,41,132.25,2,0.1);
INSERT INTO oes.order_items (order_id,product_id,unit_price,quantity,discount) VALUES (10524,10,771.21,11,0);
INSERT INTO oes.order_items (order_id,product_id,unit_price,quantity,discount) VALUES (10524,30,339.44,11,0);
INSERT INTO oes.order_items (order_id,product_id,unit_price,quantity,discount) VALUES (10524,43,84.23,1,0);
INSERT INTO oes.order_items (order_id,product_id,unit_price,quantity,discount) VALUES (10524,54,641.41,14,0);
INSERT INTO oes.order_items (order_id,product_id,unit_price,quantity,discount) VALUES (10525,36,681.96,4,0);
INSERT INTO oes.order_items (order_id,product_id,unit_price,quantity,discount) VALUES (10525,40,186.58,9,0.1);
INSERT INTO oes.order_items (order_id,product_id,unit_price,quantity,discount) VALUES (10526,1,1247.04,1,0.15);
INSERT INTO oes.order_items (order_id,product_id,unit_price,quantity,discount) VALUES (10526,13,58.41,3,0);
INSERT INTO oes.order_items (order_id,product_id,unit_price,quantity,discount) VALUES (10526,56,1772.09,6,0.15);
INSERT INTO oes.order_items (order_id,product_id,unit_price,quantity,discount) VALUES (10527,4,335.03,4,0.1);
INSERT INTO oes.order_items (order_id,product_id,unit_price,quantity,discount) VALUES (10527,36,661.3,15,0.1);
INSERT INTO oes.order_items (order_id,product_id,unit_price,quantity,discount) VALUES (10528,11,606.72,2,0);
INSERT INTO oes.order_items (order_id,product_id,unit_price,quantity,discount) VALUES (10528,33,22.71,4,0.2);
INSERT INTO oes.order_items (order_id,product_id,unit_price,quantity,discount) VALUES (10528,72,98.99,4,0);
INSERT INTO oes.order_items (order_id,product_id,unit_price,quantity,discount) VALUES (10529,55,391.01,6,0);
INSERT INTO oes.order_items (order_id,product_id,unit_price,quantity,discount) VALUES (10529,68,49.99,9,0);
INSERT INTO oes.order_items (order_id,product_id,unit_price,quantity,discount) VALUES (10529,69,329.66,1,0);
INSERT INTO oes.order_items (order_id,product_id,unit_price,quantity,discount) VALUES (10530,17,390.04,2,0);
INSERT INTO oes.order_items (order_id,product_id,unit_price,quantity,discount) VALUES (10530,43,85.09,10,0);
INSERT INTO oes.order_items (order_id,product_id,unit_price,quantity,discount) VALUES (10530,61,142.07,5,0);
INSERT INTO oes.order_items (order_id,product_id,unit_price,quantity,discount) VALUES (10530,76,66.64,1,0);
INSERT INTO oes.order_items (order_id,product_id,unit_price,quantity,discount) VALUES (10531,59,1383.22,14,0);
INSERT INTO oes.order_items (order_id,product_id,unit_price,quantity,discount) VALUES (10532,30,349.94,5,0);
INSERT INTO oes.order_items (order_id,product_id,unit_price,quantity,discount) VALUES (10532,66,77.52,2,0);
INSERT INTO oes.order_items (order_id,product_id,unit_price,quantity,discount) VALUES (10533,4,338.52,13,0.05);
INSERT INTO oes.order_items (order_id,product_id,unit_price,quantity,discount) VALUES (10533,72,97.01,9,0);
INSERT INTO oes.order_items (order_id,product_id,unit_price,quantity,discount) VALUES (10533,73,191.06,5,0.05);
INSERT INTO oes.order_items (order_id,product_id,unit_price,quantity,discount) VALUES (10534,30,339.44,8,0);
INSERT INTO oes.order_items (order_id,product_id,unit_price,quantity,discount) VALUES (10534,40,186.58,5,0.2);
INSERT INTO oes.order_items (order_id,product_id,unit_price,quantity,discount) VALUES (10534,54,641.41,14,0.2);
INSERT INTO oes.order_items (order_id,product_id,unit_price,quantity,discount) VALUES (10535,11,606.72,7,0.1);
INSERT INTO oes.order_items (order_id,product_id,unit_price,quantity,discount) VALUES (10535,40,192.41,3,0.1);
INSERT INTO oes.order_items (order_id,product_id,unit_price,quantity,discount) VALUES (10535,57,2104,15,0.1);
INSERT INTO oes.order_items (order_id,product_id,unit_price,quantity,discount) VALUES (10535,59,1383.22,8,0.1);
INSERT INTO oes.order_items (order_id,product_id,unit_price,quantity,discount) VALUES (10536,12,440.64,1,0.25);
INSERT INTO oes.order_items (order_id,product_id,unit_price,quantity,discount) VALUES (10536,31,154.23,12,0);
INSERT INTO oes.order_items (order_id,product_id,unit_price,quantity,discount) VALUES (10536,33,22.94,8,0);
INSERT INTO oes.order_items (order_id,product_id,unit_price,quantity,discount) VALUES (10536,60,717.6,10,0.25);
INSERT INTO oes.order_items (order_id,product_id,unit_price,quantity,discount) VALUES (10537,31,152.64,8,0);
INSERT INTO oes.order_items (order_id,product_id,unit_price,quantity,discount) VALUES (10537,51,44.05,7,0);
INSERT INTO oes.order_items (order_id,product_id,unit_price,quantity,discount) VALUES (10537,58,96.02,8,0);
INSERT INTO oes.order_items (order_id,product_id,unit_price,quantity,discount) VALUES (10537,72,95.03,1,0);
INSERT INTO oes.order_items (order_id,product_id,unit_price,quantity,discount) VALUES (10537,73,189.13,14,0);
INSERT INTO oes.order_items (order_id,product_id,unit_price,quantity,discount) VALUES (10538,70,84,5,0);
INSERT INTO oes.order_items (order_id,product_id,unit_price,quantity,discount) VALUES (10538,72,98.99,13,0);
INSERT INTO oes.order_items (order_id,product_id,unit_price,quantity,discount) VALUES (10539,13,57.82,13,0);
INSERT INTO oes.order_items (order_id,product_id,unit_price,quantity,discount) VALUES (10539,21,617.27,2,0);
INSERT INTO oes.order_items (order_id,product_id,unit_price,quantity,discount) VALUES (10539,33,22.25,12,0);
INSERT INTO oes.order_items (order_id,product_id,unit_price,quantity,discount) VALUES (10539,49,322.36,9,0);
INSERT INTO oes.order_items (order_id,product_id,unit_price,quantity,discount) VALUES (10540,3,767.04,7,0);
INSERT INTO oes.order_items (order_id,product_id,unit_price,quantity,discount) VALUES (10540,26,2466.75,1,0);
INSERT INTO oes.order_items (order_id,product_id,unit_price,quantity,discount) VALUES (10540,38,339.5,12,0);
INSERT INTO oes.order_items (order_id,product_id,unit_price,quantity,discount) VALUES (10540,68,47.99,1,0);
INSERT INTO oes.order_items (order_id,product_id,unit_price,quantity,discount) VALUES (10541,24,959.99,8,0.1);
INSERT INTO oes.order_items (order_id,product_id,unit_price,quantity,discount) VALUES (10541,38,339.5,4,0.1);
INSERT INTO oes.order_items (order_id,product_id,unit_price,quantity,discount) VALUES (10541,65,179.19,14,0.1);
INSERT INTO oes.order_items (order_id,product_id,unit_price,quantity,discount) VALUES (10541,71,396.73,3,0.1);
INSERT INTO oes.order_items (order_id,product_id,unit_price,quantity,discount) VALUES (10542,11,613.04,8,0.05);
INSERT INTO oes.order_items (order_id,product_id,unit_price,quantity,discount) VALUES (10542,54,634.8,8,0.05);
INSERT INTO oes.order_items (order_id,product_id,unit_price,quantity,discount) VALUES (10543,12,454.41,4,0.15);
INSERT INTO oes.order_items (order_id,product_id,unit_price,quantity,discount) VALUES (10543,23,347.44,9,0.15);
INSERT INTO oes.order_items (order_id,product_id,unit_price,quantity,discount) VALUES (10544,28,32,2,0);
INSERT INTO oes.order_items (order_id,product_id,unit_price,quantity,discount) VALUES (10544,67,19.4,14,0);
INSERT INTO oes.order_items (order_id,product_id,unit_price,quantity,discount) VALUES (10545,11,632,4,0);
INSERT INTO oes.order_items (order_id,product_id,unit_price,quantity,discount) VALUES (10546,7,38.22,2,0);
INSERT INTO oes.order_items (order_id,product_id,unit_price,quantity,discount) VALUES (10546,35,69,2,0);
INSERT INTO oes.order_items (order_id,product_id,unit_price,quantity,discount) VALUES (10546,62,69.99,15,0);
INSERT INTO oes.order_items (order_id,product_id,unit_price,quantity,discount) VALUES (10547,32,248.63,7,0.15);
INSERT INTO oes.order_items (order_id,product_id,unit_price,quantity,discount) VALUES (10547,36,675.07,6,0);
INSERT INTO oes.order_items (order_id,product_id,unit_price,quantity,discount) VALUES (10548,34,1484.01,11,0.25);
INSERT INTO oes.order_items (order_id,product_id,unit_price,quantity,discount) VALUES (10548,41,128.28,13,0);
INSERT INTO oes.order_items (order_id,product_id,unit_price,quantity,discount) VALUES (10549,31,159,8,0.15);
INSERT INTO oes.order_items (order_id,product_id,unit_price,quantity,discount) VALUES (10549,45,251,15,0.15);
INSERT INTO oes.order_items (order_id,product_id,unit_price,quantity,discount) VALUES (10549,51,44.49,3,0.15);
INSERT INTO oes.order_items (order_id,product_id,unit_price,quantity,discount) VALUES (10550,17,390.04,3,0.1);
INSERT INTO oes.order_items (order_id,product_id,unit_price,quantity,discount) VALUES (10550,19,652.41,3,0);
INSERT INTO oes.order_items (order_id,product_id,unit_price,quantity,discount) VALUES (10550,21,611.03,3,0.1);
INSERT INTO oes.order_items (order_id,product_id,unit_price,quantity,discount) VALUES (10550,61,142.07,3,0.1);
INSERT INTO oes.order_items (order_id,product_id,unit_price,quantity,discount) VALUES (10551,16,561.62,9,0.15);
INSERT INTO oes.order_items (order_id,product_id,unit_price,quantity,discount) VALUES (10551,35,68.31,8,0.15);
INSERT INTO oes.order_items (order_id,product_id,unit_price,quantity,discount) VALUES (10551,44,578.99,2,0);
INSERT INTO oes.order_items (order_id,product_id,unit_price,quantity,discount) VALUES (10552,69,323,6,0);
INSERT INTO oes.order_items (order_id,product_id,unit_price,quantity,discount) VALUES (10552,75,52.91,3,0);
INSERT INTO oes.order_items (order_id,product_id,unit_price,quantity,discount) VALUES (10553,11,619.36,5,0);
INSERT INTO oes.order_items (order_id,product_id,unit_price,quantity,discount) VALUES (10553,16,573.2,2,0);
INSERT INTO oes.order_items (order_id,product_id,unit_price,quantity,discount) VALUES (10553,22,3669.12,13,0);
INSERT INTO oes.order_items (order_id,product_id,unit_price,quantity,discount) VALUES (10553,31,152.64,1,0);
INSERT INTO oes.order_items (order_id,product_id,unit_price,quantity,discount) VALUES (10553,35,66.93,12,0);
INSERT INTO oes.order_items (order_id,product_id,unit_price,quantity,discount) VALUES (10554,16,578.99,15,0.05);
INSERT INTO oes.order_items (order_id,product_id,unit_price,quantity,discount) VALUES (10554,23,347.44,14,0.05);
INSERT INTO oes.order_items (order_id,product_id,unit_price,quantity,discount) VALUES (10554,62,69.99,6,0.05);
INSERT INTO oes.order_items (order_id,product_id,unit_price,quantity,discount) VALUES (10554,77,126.22,9,0.05);
INSERT INTO oes.order_items (order_id,product_id,unit_price,quantity,discount) VALUES (10555,14,23.25,1,0.2);
INSERT INTO oes.order_items (order_id,product_id,unit_price,quantity,discount) VALUES (10555,19,639.23,12,0.2);
INSERT INTO oes.order_items (order_id,product_id,unit_price,quantity,discount) VALUES (10555,24,999.99,9,0.2);
INSERT INTO oes.order_items (order_id,product_id,unit_price,quantity,discount) VALUES (10555,51,43.6,8,0.2);
INSERT INTO oes.order_items (order_id,product_id,unit_price,quantity,discount) VALUES (10555,56,1772.09,12,0.2);
INSERT INTO oes.order_items (order_id,product_id,unit_price,quantity,discount) VALUES (10556,72,98.99,13,0);
INSERT INTO oes.order_items (order_id,product_id,unit_price,quantity,discount) VALUES (10557,64,1535.03,9,0);
INSERT INTO oes.order_items (order_id,product_id,unit_price,quantity,discount) VALUES (10557,75,52.91,11,0);
INSERT INTO oes.order_items (order_id,product_id,unit_price,quantity,discount) VALUES (10558,47,989,14,0);
INSERT INTO oes.order_items (order_id,product_id,unit_price,quantity,discount) VALUES (10558,51,43.16,4,0);
INSERT INTO oes.order_items (order_id,product_id,unit_price,quantity,discount) VALUES (10558,52,408.95,2,0);
INSERT INTO oes.order_items (order_id,product_id,unit_price,quantity,discount) VALUES (10558,53,291,1,0);
INSERT INTO oes.order_items (order_id,product_id,unit_price,quantity,discount) VALUES (10558,73,192.99,1,0);
INSERT INTO oes.order_items (order_id,product_id,unit_price,quantity,discount) VALUES (10559,41,129.61,5,0.05);
INSERT INTO oes.order_items (order_id,product_id,unit_price,quantity,discount) VALUES (10559,55,398.99,8,0.05);
INSERT INTO oes.order_items (order_id,product_id,unit_price,quantity,discount) VALUES (10560,30,342.94,6,0);
INSERT INTO oes.order_items (order_id,product_id,unit_price,quantity,discount) VALUES (10560,62,68.59,14,0.25);
INSERT INTO oes.order_items (order_id,product_id,unit_price,quantity,discount) VALUES (10561,44,573.2,8,0);
INSERT INTO oes.order_items (order_id,product_id,unit_price,quantity,discount) VALUES (10561,51,44.05,14,0);
INSERT INTO oes.order_items (order_id,product_id,unit_price,quantity,discount) VALUES (10562,33,22.48,14,0.1);
INSERT INTO oes.order_items (order_id,product_id,unit_price,quantity,discount) VALUES (10562,62,67.19,1,0.1);
INSERT INTO oes.order_items (order_id,product_id,unit_price,quantity,discount) VALUES (10563,36,661.3,2,0);
INSERT INTO oes.order_items (order_id,product_id,unit_price,quantity,discount) VALUES (10563,52,417.47,10,0);
INSERT INTO oes.order_items (order_id,product_id,unit_price,quantity,discount) VALUES (10564,17,382.08,6,0.05);
INSERT INTO oes.order_items (order_id,product_id,unit_price,quantity,discount) VALUES (10564,31,152.64,13,0.05);
INSERT INTO oes.order_items (order_id,product_id,unit_price,quantity,discount) VALUES (10564,55,383.03,12,0.05);
INSERT INTO oes.order_items (order_id,product_id,unit_price,quantity,discount) VALUES (10565,24,959.99,4,0.1);
INSERT INTO oes.order_items (order_id,product_id,unit_price,quantity,discount) VALUES (10565,64,1535.03,15,0.1);
INSERT INTO oes.order_items (order_id,product_id,unit_price,quantity,discount) VALUES (10566,11,625.68,10,0.15);
INSERT INTO oes.order_items (order_id,product_id,unit_price,quantity,discount) VALUES (10566,18,28.75,1,0.15);
INSERT INTO oes.order_items (order_id,product_id,unit_price,quantity,discount) VALUES (10566,76,66.64,8,0);
INSERT INTO oes.order_items (order_id,product_id,unit_price,quantity,discount) VALUES (10567,31,157.41,9,0.2);
INSERT INTO oes.order_items (order_id,product_id,unit_price,quantity,discount) VALUES (10567,51,44.05,15,0);
INSERT INTO oes.order_items (order_id,product_id,unit_price,quantity,discount) VALUES (10567,59,1411.74,6,0.2);
INSERT INTO oes.order_items (order_id,product_id,unit_price,quantity,discount) VALUES (10568,10,779,15,0);
INSERT INTO oes.order_items (order_id,product_id,unit_price,quantity,discount) VALUES (10569,31,152.64,7,0.2);
INSERT INTO oes.order_items (order_id,product_id,unit_price,quantity,discount) VALUES (10569,76,66.64,3,0);
INSERT INTO oes.order_items (order_id,product_id,unit_price,quantity,discount) VALUES (10570,11,632,11,0.05);
INSERT INTO oes.order_items (order_id,product_id,unit_price,quantity,discount) VALUES (10570,56,1718.39,15,0.05);
INSERT INTO oes.order_items (order_id,product_id,unit_price,quantity,discount) VALUES (10571,14,22.55,11,0.15);
INSERT INTO oes.order_items (order_id,product_id,unit_price,quantity,discount) VALUES (10571,42,1002.01,4,0.15);
INSERT INTO oes.order_items (order_id,product_id,unit_price,quantity,discount) VALUES (10572,16,573.2,13,0.1);
INSERT INTO oes.order_items (order_id,product_id,unit_price,quantity,discount) VALUES (10572,32,251.22,2,0.1);
INSERT INTO oes.order_items (order_id,product_id,unit_price,quantity,discount) VALUES (10572,40,190.46,11,0);
INSERT INTO oes.order_items (order_id,product_id,unit_price,quantity,discount) VALUES (10572,75,52.91,5,0.1);
INSERT INTO oes.order_items (order_id,product_id,unit_price,quantity,discount) VALUES (10573,17,382.08,1,0);
INSERT INTO oes.order_items (order_id,product_id,unit_price,quantity,discount) VALUES (10573,34,1484.01,10,0);
INSERT INTO oes.order_items (order_id,product_id,unit_price,quantity,discount) VALUES (10573,53,297,4,0);
INSERT INTO oes.order_items (order_id,product_id,unit_price,quantity,discount) VALUES (10574,33,22.25,12,0);
INSERT INTO oes.order_items (order_id,product_id,unit_price,quantity,discount) VALUES (10574,40,192.41,15,0);
INSERT INTO oes.order_items (order_id,product_id,unit_price,quantity,discount) VALUES (10574,62,69.29,8,0);
INSERT INTO oes.order_items (order_id,product_id,unit_price,quantity,discount) VALUES (10574,64,1551.02,8,0);
INSERT INTO oes.order_items (order_id,product_id,unit_price,quantity,discount) VALUES (10575,59,1411.74,14,0);
INSERT INTO oes.order_items (order_id,product_id,unit_price,quantity,discount) VALUES (10575,63,1842.03,6,0);
INSERT INTO oes.order_items (order_id,product_id,unit_price,quantity,discount) VALUES (10575,72,95.03,14,0);
INSERT INTO oes.order_items (order_id,product_id,unit_price,quantity,discount) VALUES (10575,76,65.96,13,0);
INSERT INTO oes.order_items (order_id,product_id,unit_price,quantity,discount) VALUES (10576,1,1286.01,7,0);
INSERT INTO oes.order_items (order_id,product_id,unit_price,quantity,discount) VALUES (10576,31,155.82,10,0);
INSERT INTO oes.order_items (order_id,product_id,unit_price,quantity,discount) VALUES (10576,44,578.99,10,0);
INSERT INTO oes.order_items (order_id,product_id,unit_price,quantity,discount) VALUES (10577,39,23,5,0);
INSERT INTO oes.order_items (order_id,product_id,unit_price,quantity,discount) VALUES (10577,75,52.91,14,0);
INSERT INTO oes.order_items (order_id,product_id,unit_price,quantity,discount) VALUES (10577,77,124.94,3,0);
INSERT INTO oes.order_items (order_id,product_id,unit_price,quantity,discount) VALUES (10578,35,69,11,0);
INSERT INTO oes.order_items (order_id,product_id,unit_price,quantity,discount) VALUES (10578,57,2040.88,9,0);
INSERT INTO oes.order_items (order_id,product_id,unit_price,quantity,discount) VALUES (10579,15,270.62,15,0);
INSERT INTO oes.order_items (order_id,product_id,unit_price,quantity,discount) VALUES (10579,75,52.91,9,0);
INSERT INTO oes.order_items (order_id,product_id,unit_price,quantity,discount) VALUES (10580,14,22.32,15,0.05);
INSERT INTO oes.order_items (order_id,product_id,unit_price,quantity,discount) VALUES (10580,41,132.25,12,0.05);
INSERT INTO oes.order_items (order_id,product_id,unit_price,quantity,discount) VALUES (10580,65,181.02,12,0.05);
INSERT INTO oes.order_items (order_id,product_id,unit_price,quantity,discount) VALUES (10581,75,53.99,12,0.2);
INSERT INTO oes.order_items (order_id,product_id,unit_price,quantity,discount) VALUES (10582,57,2019.84,12,0);
INSERT INTO oes.order_items (order_id,product_id,unit_price,quantity,discount) VALUES (10582,76,65.96,10,0);
INSERT INTO oes.order_items (order_id,product_id,unit_price,quantity,discount) VALUES (10583,29,336,4,0);
INSERT INTO oes.order_items (order_id,product_id,unit_price,quantity,discount) VALUES (10583,60,747.5,5,0.15);
INSERT INTO oes.order_items (order_id,product_id,unit_price,quantity,discount) VALUES (10583,69,329.66,6,0.15);
INSERT INTO oes.order_items (order_id,product_id,unit_price,quantity,discount) VALUES (10584,31,155.82,4,0.05);
INSERT INTO oes.order_items (order_id,product_id,unit_price,quantity,discount) VALUES (10585,47,959.33,12,0);
INSERT INTO oes.order_items (order_id,product_id,unit_price,quantity,discount) VALUES (10586,52,413.21,4,0.15);
INSERT INTO oes.order_items (order_id,product_id,unit_price,quantity,discount) VALUES (10587,26,2491.67,1,0);
INSERT INTO oes.order_items (order_id,product_id,unit_price,quantity,discount) VALUES (10587,35,68.31,5,0);
INSERT INTO oes.order_items (order_id,product_id,unit_price,quantity,discount) VALUES (10587,77,123.65,14,0);
INSERT INTO oes.order_items (order_id,product_id,unit_price,quantity,discount) VALUES (10588,18,27.6,1,0.2);
INSERT INTO oes.order_items (order_id,product_id,unit_price,quantity,discount) VALUES (10588,42,1022.67,2,0.2);
INSERT INTO oes.order_items (order_id,product_id,unit_price,quantity,discount) VALUES (10589,35,66.93,7,0);
INSERT INTO oes.order_items (order_id,product_id,unit_price,quantity,discount) VALUES (10590,1,1286.01,12,0);
INSERT INTO oes.order_items (order_id,product_id,unit_price,quantity,discount) VALUES (10590,77,124.94,8,0.05);
INSERT INTO oes.order_items (order_id,product_id,unit_price,quantity,discount) VALUES (10591,3,799,11,0);
INSERT INTO oes.order_items (order_id,product_id,unit_price,quantity,discount) VALUES (10591,7,37.44,13,0);
INSERT INTO oes.order_items (order_id,product_id,unit_price,quantity,discount) VALUES (10591,54,641.41,10,0);
INSERT INTO oes.order_items (order_id,product_id,unit_price,quantity,discount) VALUES (10592,15,270.62,6,0.05);
INSERT INTO oes.order_items (order_id,product_id,unit_price,quantity,discount) VALUES (10592,26,2491.67,3,0.05);
INSERT INTO oes.order_items (order_id,product_id,unit_price,quantity,discount) VALUES (10593,20,589.05,5,0.2);
INSERT INTO oes.order_items (order_id,product_id,unit_price,quantity,discount) VALUES (10593,69,326.33,10,0.2);
INSERT INTO oes.order_items (order_id,product_id,unit_price,quantity,discount) VALUES (10593,76,67.32,13,0.2);
INSERT INTO oes.order_items (order_id,product_id,unit_price,quantity,discount) VALUES (10594,52,413.21,13,0);
INSERT INTO oes.order_items (order_id,product_id,unit_price,quantity,discount) VALUES (10594,58,98.99,12,0);
INSERT INTO oes.order_items (order_id,product_id,unit_price,quantity,discount) VALUES (10595,35,67.62,7,0.25);
INSERT INTO oes.order_items (order_id,product_id,unit_price,quantity,discount) VALUES (10595,61,142.07,1,0.25);
INSERT INTO oes.order_items (order_id,product_id,unit_price,quantity,discount) VALUES (10595,69,332.99,15,0.25);
INSERT INTO oes.order_items (order_id,product_id,unit_price,quantity,discount) VALUES (10596,56,1772.09,15,0.2);
INSERT INTO oes.order_items (order_id,product_id,unit_price,quantity,discount) VALUES (10596,63,1861.02,11,0.2);
INSERT INTO oes.order_items (order_id,product_id,unit_price,quantity,discount) VALUES (10596,75,51.83,12,0.2);
INSERT INTO oes.order_items (order_id,product_id,unit_price,quantity,discount) VALUES (10597,24,989.99,8,0.2);
INSERT INTO oes.order_items (order_id,product_id,unit_price,quantity,discount) VALUES (10597,57,2104,13,0);
INSERT INTO oes.order_items (order_id,product_id,unit_price,quantity,discount) VALUES (10597,65,181.02,5,0.2);
INSERT INTO oes.order_items (order_id,product_id,unit_price,quantity,discount) VALUES (10598,27,241.53,4,0);
INSERT INTO oes.order_items (order_id,product_id,unit_price,quantity,discount) VALUES (10598,71,409,13,0);
INSERT INTO oes.order_items (order_id,product_id,unit_price,quantity,discount) VALUES (10599,62,69.99,15,0);
INSERT INTO oes.order_items (order_id,product_id,unit_price,quantity,discount) VALUES (10600,54,641.41,8,0);
INSERT INTO oes.order_items (order_id,product_id,unit_price,quantity,discount) VALUES (10600,73,191.06,9,0);
INSERT INTO oes.order_items (order_id,product_id,unit_price,quantity,discount) VALUES (10601,13,58.41,14,0);
INSERT INTO oes.order_items (order_id,product_id,unit_price,quantity,discount) VALUES (10601,59,1426,1,0);
INSERT INTO oes.order_items (order_id,product_id,unit_price,quantity,discount) VALUES (10602,77,127.51,11,0.25);
INSERT INTO oes.order_items (order_id,product_id,unit_price,quantity,discount) VALUES (10603,22,3744,5,0);
INSERT INTO oes.order_items (order_id,product_id,unit_price,quantity,discount) VALUES (10603,49,315.85,9,0.05);
INSERT INTO oes.order_items (order_id,product_id,unit_price,quantity,discount) VALUES (10604,48,1439.04,14,0.1);
INSERT INTO oes.order_items (order_id,product_id,unit_price,quantity,discount) VALUES (10604,76,65.96,4,0.1);
INSERT INTO oes.order_items (order_id,product_id,unit_price,quantity,discount) VALUES (10605,16,567.41,9,0.05);
INSERT INTO oes.order_items (order_id,product_id,unit_price,quantity,discount) VALUES (10605,59,1368.96,9,0.05);
INSERT INTO oes.order_items (order_id,product_id,unit_price,quantity,discount) VALUES (10605,60,747.5,12,0.05);
INSERT INTO oes.order_items (order_id,product_id,unit_price,quantity,discount) VALUES (10605,71,409,15,0.05);
INSERT INTO oes.order_items (order_id,product_id,unit_price,quantity,discount) VALUES (10606,4,348.99,4,0.2);
INSERT INTO oes.order_items (order_id,product_id,unit_price,quantity,discount) VALUES (10606,55,383.03,2,0.2);
INSERT INTO oes.order_items (order_id,product_id,unit_price,quantity,discount) VALUES (10606,62,69.29,11,0.2);
INSERT INTO oes.order_items (order_id,product_id,unit_price,quantity,discount) VALUES (10850,25,898.99,9,0.15);
INSERT INTO oes.order_items (order_id,product_id,unit_price,quantity,discount) VALUES (10850,33,22.94,1,0.15);
INSERT INTO oes.order_items (order_id,product_id,unit_price,quantity,discount) VALUES (10850,70,84,2,0.15);
INSERT INTO oes.order_items (order_id,product_id,unit_price,quantity,discount) VALUES (10851,2,1454.03,2,0.05);
INSERT INTO oes.order_items (order_id,product_id,unit_price,quantity,discount) VALUES (10851,25,898.99,4,0.05);
INSERT INTO oes.order_items (order_id,product_id,unit_price,quantity,discount) VALUES (10851,57,2061.92,2,0.05);
INSERT INTO oes.order_items (order_id,product_id,unit_price,quantity,discount) VALUES (10851,59,1426,6,0.05);
INSERT INTO oes.order_items (order_id,product_id,unit_price,quantity,discount) VALUES (10852,2,1499,2,0);
INSERT INTO oes.order_items (order_id,product_id,unit_price,quantity,discount) VALUES (10852,17,382.08,8,0);
INSERT INTO oes.order_items (order_id,product_id,unit_price,quantity,discount) VALUES (10852,62,67.89,13,0);
INSERT INTO oes.order_items (order_id,product_id,unit_price,quantity,discount) VALUES (10853,18,27.6,15,0);
INSERT INTO oes.order_items (order_id,product_id,unit_price,quantity,discount) VALUES (10854,10,755.63,2,0.15);
INSERT INTO oes.order_items (order_id,product_id,unit_price,quantity,discount) VALUES (10854,13,58.41,11,0.15);
INSERT INTO oes.order_items (order_id,product_id,unit_price,quantity,discount) VALUES (10855,16,573.2,13,0);
INSERT INTO oes.order_items (order_id,product_id,unit_price,quantity,discount) VALUES (10855,31,154.23,10,0);
INSERT INTO oes.order_items (order_id,product_id,unit_price,quantity,discount) VALUES (10855,56,1718.39,1,0);
INSERT INTO oes.order_items (order_id,product_id,unit_price,quantity,discount) VALUES (10855,65,179.19,6,0.15);
INSERT INTO oes.order_items (order_id,product_id,unit_price,quantity,discount) VALUES (10856,2,1469.02,5,0);
INSERT INTO oes.order_items (order_id,product_id,unit_price,quantity,discount) VALUES (10856,42,1002.01,3,0);
INSERT INTO oes.order_items (order_id,product_id,unit_price,quantity,discount) VALUES (10857,3,775.03,3,0);
INSERT INTO oes.order_items (order_id,product_id,unit_price,quantity,discount) VALUES (10857,26,2392,10,0.25);
INSERT INTO oes.order_items (order_id,product_id,unit_price,quantity,discount) VALUES (10857,29,336,10,0.25);
INSERT INTO oes.order_items (order_id,product_id,unit_price,quantity,discount) VALUES (10858,7,38.61,1,0);
INSERT INTO oes.order_items (order_id,product_id,unit_price,quantity,discount) VALUES (10858,27,246.51,11,0);
INSERT INTO oes.order_items (order_id,product_id,unit_price,quantity,discount) VALUES (10858,70,84,4,0);
INSERT INTO oes.order_items (order_id,product_id,unit_price,quantity,discount) VALUES (10859,24,979.99,7,0.25);
INSERT INTO oes.order_items (order_id,product_id,unit_price,quantity,discount) VALUES (10859,54,661.25,12,0.25);
INSERT INTO oes.order_items (order_id,product_id,unit_price,quantity,discount) VALUES (10859,64,1567.01,2,0.25);
INSERT INTO oes.order_items (order_id,product_id,unit_price,quantity,discount) VALUES (10860,51,43.16,3,0);
INSERT INTO oes.order_items (order_id,product_id,unit_price,quantity,discount) VALUES (10860,76,65.28,10,0);
INSERT INTO oes.order_items (order_id,product_id,unit_price,quantity,discount) VALUES (10861,17,386.06,1,0);
INSERT INTO oes.order_items (order_id,product_id,unit_price,quantity,discount) VALUES (10861,18,28.75,2,0);
INSERT INTO oes.order_items (order_id,product_id,unit_price,quantity,discount) VALUES (10861,21,623.5,4,0);
INSERT INTO oes.order_items (order_id,product_id,unit_price,quantity,discount) VALUES (10861,33,22.48,1,0);
INSERT INTO oes.order_items (order_id,product_id,unit_price,quantity,discount) VALUES (10861,62,68.59,10,0);
INSERT INTO oes.order_items (order_id,product_id,unit_price,quantity,discount) VALUES (10862,11,613.04,10,0);
INSERT INTO oes.order_items (order_id,product_id,unit_price,quantity,discount) VALUES (10862,52,421.73,3,0);
INSERT INTO oes.order_items (order_id,product_id,unit_price,quantity,discount) VALUES (10863,1,1273.02,8,0.15);
INSERT INTO oes.order_items (order_id,product_id,unit_price,quantity,discount) VALUES (10863,58,96.02,9,0.15);
INSERT INTO oes.order_items (order_id,product_id,unit_price,quantity,discount) VALUES (10864,35,69,12,0);
INSERT INTO oes.order_items (order_id,product_id,unit_price,quantity,discount) VALUES (10864,67,19.2,3,0);
INSERT INTO oes.order_items (order_id,product_id,unit_price,quantity,discount) VALUES (10865,38,339.5,7,0.05);
INSERT INTO oes.order_items (order_id,product_id,unit_price,quantity,discount) VALUES (10865,39,22.31,6,0.05);
INSERT INTO oes.order_items (order_id,product_id,unit_price,quantity,discount) VALUES (10866,2,1499,13,0.25);
INSERT INTO oes.order_items (order_id,product_id,unit_price,quantity,discount) VALUES (10866,24,979.99,4,0.25);
INSERT INTO oes.order_items (order_id,product_id,unit_price,quantity,discount) VALUES (10866,30,342.94,4,0.25);
INSERT INTO oes.order_items (order_id,product_id,unit_price,quantity,discount) VALUES (10867,53,297,7,0);
INSERT INTO oes.order_items (order_id,product_id,unit_price,quantity,discount) VALUES (10868,26,2416.92,1,0);
INSERT INTO oes.order_items (order_id,product_id,unit_price,quantity,discount) VALUES (10868,35,68.31,11,0);
INSERT INTO oes.order_items (order_id,product_id,unit_price,quantity,discount) VALUES (10868,49,312.6,1,0.1);
INSERT INTO oes.order_items (order_id,product_id,unit_price,quantity,discount) VALUES (10869,1,1273.02,9,0);
INSERT INTO oes.order_items (order_id,product_id,unit_price,quantity,discount) VALUES (10869,11,619.36,10,0);
INSERT INTO oes.order_items (order_id,product_id,unit_price,quantity,discount) VALUES (10869,23,350.95,7,0);
INSERT INTO oes.order_items (order_id,product_id,unit_price,quantity,discount) VALUES (10869,68,48.49,2,0);
INSERT INTO oes.order_items (order_id,product_id,unit_price,quantity,discount) VALUES (10870,35,66.24,5,0);
INSERT INTO oes.order_items (order_id,product_id,unit_price,quantity,discount) VALUES (10870,51,43.6,4,0);
INSERT INTO oes.order_items (order_id,product_id,unit_price,quantity,discount) VALUES (10871,6,107.91,10,0.05);
INSERT INTO oes.order_items (order_id,product_id,unit_price,quantity,discount) VALUES (10871,16,578.99,10,0.05);
INSERT INTO oes.order_items (order_id,product_id,unit_price,quantity,discount) VALUES (10871,17,398,7,0.05);
INSERT INTO oes.order_items (order_id,product_id,unit_price,quantity,discount) VALUES (10872,55,391.01,9,0.05);
INSERT INTO oes.order_items (order_id,product_id,unit_price,quantity,discount) VALUES (10872,62,67.89,12,0.05);
INSERT INTO oes.order_items (order_id,product_id,unit_price,quantity,discount) VALUES (10872,64,1551.02,4,0.05);
INSERT INTO oes.order_items (order_id,product_id,unit_price,quantity,discount) VALUES (10872,65,175.54,12,0.05);
INSERT INTO oes.order_items (order_id,product_id,unit_price,quantity,discount) VALUES (10873,21,598.56,8,0);
INSERT INTO oes.order_items (order_id,product_id,unit_price,quantity,discount) VALUES (10873,28,30.72,8,0);
INSERT INTO oes.order_items (order_id,product_id,unit_price,quantity,discount) VALUES (10874,10,763.42,1,0);
INSERT INTO oes.order_items (order_id,product_id,unit_price,quantity,discount) VALUES (10875,19,632.64,9,0);
INSERT INTO oes.order_items (order_id,product_id,unit_price,quantity,discount) VALUES (10875,47,979.11,12,0.1);
INSERT INTO oes.order_items (order_id,product_id,unit_price,quantity,discount) VALUES (10875,49,312.6,2,0);
INSERT INTO oes.order_items (order_id,product_id,unit_price,quantity,discount) VALUES (10876,46,72.51,9,0);
INSERT INTO oes.order_items (order_id,product_id,unit_price,quantity,discount) VALUES (10876,64,1583,9,0);
INSERT INTO oes.order_items (order_id,product_id,unit_price,quantity,discount) VALUES (10877,16,567.41,2,0.25);
INSERT INTO oes.order_items (order_id,product_id,unit_price,quantity,discount) VALUES (10877,18,27.89,11,0);
INSERT INTO oes.order_items (order_id,product_id,unit_price,quantity,discount) VALUES (10878,20,571.2,14,0.05);
INSERT INTO oes.order_items (order_id,product_id,unit_price,quantity,discount) VALUES (10879,40,186.58,10,0);
INSERT INTO oes.order_items (order_id,product_id,unit_price,quantity,discount) VALUES (10879,65,182.85,1,0);
INSERT INTO oes.order_items (order_id,product_id,unit_price,quantity,discount) VALUES (10879,76,65.28,13,0);
INSERT INTO oes.order_items (order_id,product_id,unit_price,quantity,discount) VALUES (10880,23,343.93,12,0.2);
INSERT INTO oes.order_items (order_id,product_id,unit_price,quantity,discount) VALUES (10880,61,147.99,8,0.2);
INSERT INTO oes.order_items (order_id,product_id,unit_price,quantity,discount) VALUES (10880,70,80.64,2,0.2);
INSERT INTO oes.order_items (order_id,product_id,unit_price,quantity,discount) VALUES (10881,73,192.99,2,0);
INSERT INTO oes.order_items (order_id,product_id,unit_price,quantity,discount) VALUES (10882,42,1022.67,3,0);
INSERT INTO oes.order_items (order_id,product_id,unit_price,quantity,discount) VALUES (10882,49,319.11,9,0.15);
INSERT INTO oes.order_items (order_id,product_id,unit_price,quantity,discount) VALUES (10882,54,634.8,9,0.15);
INSERT INTO oes.order_items (order_id,product_id,unit_price,quantity,discount) VALUES (10883,24,969.99,13,0);
INSERT INTO oes.order_items (order_id,product_id,unit_price,quantity,discount) VALUES (10884,21,617.27,8,0.05);
INSERT INTO oes.order_items (order_id,product_id,unit_price,quantity,discount) VALUES (10884,56,1736.29,12,0.05);
INSERT INTO oes.order_items (order_id,product_id,unit_price,quantity,discount) VALUES (10884,65,179.19,6,0.05);
INSERT INTO oes.order_items (order_id,product_id,unit_price,quantity,discount) VALUES (10885,2,1454.03,11,0);
INSERT INTO oes.order_items (order_id,product_id,unit_price,quantity,discount) VALUES (10885,24,979.99,12,0);
INSERT INTO oes.order_items (order_id,product_id,unit_price,quantity,discount) VALUES (10885,70,80.64,3,0);
INSERT INTO oes.order_items (order_id,product_id,unit_price,quantity,discount) VALUES (10885,77,123.65,4,0);
INSERT INTO oes.order_items (order_id,product_id,unit_price,quantity,discount) VALUES (10886,10,779,8,0);
INSERT INTO oes.order_items (order_id,product_id,unit_price,quantity,discount) VALUES (10886,31,159,8,0);
INSERT INTO oes.order_items (order_id,product_id,unit_price,quantity,discount) VALUES (10886,77,123.65,5,0);
INSERT INTO oes.order_items (order_id,product_id,unit_price,quantity,discount) VALUES (10887,25,898.99,5,0);
INSERT INTO oes.order_items (order_id,product_id,unit_price,quantity,discount) VALUES (10888,2,1499,15,0);
INSERT INTO oes.order_items (order_id,product_id,unit_price,quantity,discount) VALUES (10888,68,48.49,1,0);
INSERT INTO oes.order_items (order_id,product_id,unit_price,quantity,discount) VALUES (10889,11,606.72,11,0);
INSERT INTO oes.order_items (order_id,product_id,unit_price,quantity,discount) VALUES (10889,38,336.11,13,0);
INSERT INTO oes.order_items (order_id,product_id,unit_price,quantity,discount) VALUES (10890,17,382.08,4,0);
INSERT INTO oes.order_items (order_id,product_id,unit_price,quantity,discount) VALUES (10890,34,1484.01,2,0);
INSERT INTO oes.order_items (order_id,product_id,unit_price,quantity,discount) VALUES (10890,41,128.28,1,0);
INSERT INTO oes.order_items (order_id,product_id,unit_price,quantity,discount) VALUES (10891,30,349.94,8,0.05);
INSERT INTO oes.order_items (order_id,product_id,unit_price,quantity,discount) VALUES (10892,59,1411.74,8,0.05);
INSERT INTO oes.order_items (order_id,product_id,unit_price,quantity,discount) VALUES (10893,8,171.35,7,0);
INSERT INTO oes.order_items (order_id,product_id,unit_price,quantity,discount) VALUES (10893,24,959.99,13,0);
INSERT INTO oes.order_items (order_id,product_id,unit_price,quantity,discount) VALUES (10893,29,336,4,0);
INSERT INTO oes.order_items (order_id,product_id,unit_price,quantity,discount) VALUES (10893,30,346.44,15,0);
INSERT INTO oes.order_items (order_id,product_id,unit_price,quantity,discount) VALUES (10893,36,681.96,11,0);
INSERT INTO oes.order_items (order_id,product_id,unit_price,quantity,discount) VALUES (10894,13,57.23,12,0.05);
INSERT INTO oes.order_items (order_id,product_id,unit_price,quantity,discount) VALUES (10894,69,326.33,10,0.05);
INSERT INTO oes.order_items (order_id,product_id,unit_price,quantity,discount) VALUES (10894,75,52.37,1,0.05);
INSERT INTO oes.order_items (order_id,product_id,unit_price,quantity,discount) VALUES (10895,24,999.99,4,0);
INSERT INTO oes.order_items (order_id,product_id,unit_price,quantity,discount) VALUES (10895,39,23,10,0);
INSERT INTO oes.order_items (order_id,product_id,unit_price,quantity,discount) VALUES (10895,40,190.46,11,0);
INSERT INTO oes.order_items (order_id,product_id,unit_price,quantity,discount) VALUES (10895,60,717.6,5,0);
INSERT INTO oes.order_items (order_id,product_id,unit_price,quantity,discount) VALUES (10896,45,243.47,6,0);
INSERT INTO oes.order_items (order_id,product_id,unit_price,quantity,discount) VALUES (10896,56,1772.09,2,0);
INSERT INTO oes.order_items (order_id,product_id,unit_price,quantity,discount) VALUES (10897,29,343,1,0);
INSERT INTO oes.order_items (order_id,product_id,unit_price,quantity,discount) VALUES (10897,30,335.94,3,0);
INSERT INTO oes.order_items (order_id,product_id,unit_price,quantity,discount) VALUES (10898,13,57.82,1,0);
INSERT INTO oes.order_items (order_id,product_id,unit_price,quantity,discount) VALUES (10899,39,23,5,0.15);
INSERT INTO oes.order_items (order_id,product_id,unit_price,quantity,discount) VALUES (10900,70,81.48,8,0.25);
INSERT INTO oes.order_items (order_id,product_id,unit_price,quantity,discount) VALUES (10901,41,129.61,4,0);
INSERT INTO oes.order_items (order_id,product_id,unit_price,quantity,discount) VALUES (10901,71,400.82,14,0);
INSERT INTO oes.order_items (order_id,product_id,unit_price,quantity,discount) VALUES (10902,55,391.01,7,0.15);
INSERT INTO oes.order_items (order_id,product_id,unit_price,quantity,discount) VALUES (10902,62,67.89,15,0.15);
INSERT INTO oes.order_items (order_id,product_id,unit_price,quantity,discount) VALUES (10903,13,57.23,3,0);
INSERT INTO oes.order_items (order_id,product_id,unit_price,quantity,discount) VALUES (10903,65,175.54,2,0);
INSERT INTO oes.order_items (order_id,product_id,unit_price,quantity,discount) VALUES (10903,68,48.99,9,0);
INSERT INTO oes.order_items (order_id,product_id,unit_price,quantity,discount) VALUES (10904,58,96.02,7,0);
INSERT INTO oes.order_items (order_id,product_id,unit_price,quantity,discount) VALUES (10904,62,69.29,6,0);
INSERT INTO oes.order_items (order_id,product_id,unit_price,quantity,discount) VALUES (10905,1,1247.04,12,0.05);
INSERT INTO oes.order_items (order_id,product_id,unit_price,quantity,discount) VALUES (10906,61,147.99,8,0);
INSERT INTO oes.order_items (order_id,product_id,unit_price,quantity,discount) VALUES (10907,75,52.37,1,0);
INSERT INTO oes.order_items (order_id,product_id,unit_price,quantity,discount) VALUES (10908,7,37.83,14,0.05);
INSERT INTO oes.order_items (order_id,product_id,unit_price,quantity,discount) VALUES (10908,52,417.47,14,0.05);
INSERT INTO oes.order_items (order_id,product_id,unit_price,quantity,discount) VALUES (10909,7,38.61,2,0);
INSERT INTO oes.order_items (order_id,product_id,unit_price,quantity,discount) VALUES (10909,16,561.62,8,0);
INSERT INTO oes.order_items (order_id,product_id,unit_price,quantity,discount) VALUES (10909,41,126.96,11,0);
INSERT INTO oes.order_items (order_id,product_id,unit_price,quantity,discount) VALUES (10910,19,645.82,5,0);
INSERT INTO oes.order_items (order_id,product_id,unit_price,quantity,discount) VALUES (10910,49,315.85,12,0);
INSERT INTO oes.order_items (order_id,product_id,unit_price,quantity,discount) VALUES (10910,61,147.99,15,0);
INSERT INTO oes.order_items (order_id,product_id,unit_price,quantity,discount) VALUES (10911,1,1247.04,2,0);
INSERT INTO oes.order_items (order_id,product_id,unit_price,quantity,discount) VALUES (10911,17,382.08,13,0);
INSERT INTO oes.order_items (order_id,product_id,unit_price,quantity,discount) VALUES (10911,67,19.4,3,0);
INSERT INTO oes.order_items (order_id,product_id,unit_price,quantity,discount) VALUES (10912,11,613.04,12,0.25);
INSERT INTO oes.order_items (order_id,product_id,unit_price,quantity,discount) VALUES (10912,29,339.5,13,0.25);
INSERT INTO oes.order_items (order_id,product_id,unit_price,quantity,discount) VALUES (10913,4,335.03,14,0.25);
INSERT INTO oes.order_items (order_id,product_id,unit_price,quantity,discount) VALUES (10913,33,22.94,7,0.25);
INSERT INTO oes.order_items (order_id,product_id,unit_price,quantity,discount) VALUES (10913,58,98.99,1,0);
INSERT INTO oes.order_items (order_id,product_id,unit_price,quantity,discount) VALUES (10914,71,400.82,13,0);
INSERT INTO oes.order_items (order_id,product_id,unit_price,quantity,discount) VALUES (10915,17,398,11,0);
INSERT INTO oes.order_items (order_id,product_id,unit_price,quantity,discount) VALUES (10915,33,22.25,6,0);
INSERT INTO oes.order_items (order_id,product_id,unit_price,quantity,discount) VALUES (10915,54,634.8,13,0);
INSERT INTO oes.order_items (order_id,product_id,unit_price,quantity,discount) VALUES (10916,16,573.2,6,0);
INSERT INTO oes.order_items (order_id,product_id,unit_price,quantity,discount) VALUES (10916,32,256.4,11,0);
INSERT INTO oes.order_items (order_id,product_id,unit_price,quantity,discount) VALUES (10916,57,2061.92,2,0);
INSERT INTO oes.order_items (order_id,product_id,unit_price,quantity,discount) VALUES (10917,30,346.44,6,0);
INSERT INTO oes.order_items (order_id,product_id,unit_price,quantity,discount) VALUES (10917,60,732.55,6,0);
INSERT INTO oes.order_items (order_id,product_id,unit_price,quantity,discount) VALUES (10918,1,1286.01,8,0.25);
INSERT INTO oes.order_items (order_id,product_id,unit_price,quantity,discount) VALUES (10918,60,732.55,2,0.25);
INSERT INTO oes.order_items (order_id,product_id,unit_price,quantity,discount) VALUES (10919,16,578.99,13,0);
INSERT INTO oes.order_items (order_id,product_id,unit_price,quantity,discount) VALUES (10919,25,898.99,7,0);
INSERT INTO oes.order_items (order_id,product_id,unit_price,quantity,discount) VALUES (10919,40,194.35,7,0);
INSERT INTO oes.order_items (order_id,product_id,unit_price,quantity,discount) VALUES (10920,50,96.03,2,0);
INSERT INTO oes.order_items (order_id,product_id,unit_price,quantity,discount) VALUES (10921,35,67.62,1,0);
INSERT INTO oes.order_items (order_id,product_id,unit_price,quantity,discount) VALUES (10921,63,1861.02,4,0);
INSERT INTO oes.order_items (order_id,product_id,unit_price,quantity,discount) VALUES (10922,17,394.02,8,0);
INSERT INTO oes.order_items (order_id,product_id,unit_price,quantity,discount) VALUES (10922,24,989.99,3,0);
INSERT INTO oes.order_items (order_id,product_id,unit_price,quantity,discount) VALUES (10923,42,1012.34,14,0.2);
INSERT INTO oes.order_items (order_id,product_id,unit_price,quantity,discount) VALUES (10923,43,85.09,10,0.2);
INSERT INTO oes.order_items (order_id,product_id,unit_price,quantity,discount) VALUES (10923,67,20,10,0.2);
INSERT INTO oes.order_items (order_id,product_id,unit_price,quantity,discount) VALUES (10924,10,771.21,15,0.1);
INSERT INTO oes.order_items (order_id,product_id,unit_price,quantity,discount) VALUES (10924,28,31.36,13,0.1);
INSERT INTO oes.order_items (order_id,product_id,unit_price,quantity,discount) VALUES (10924,75,51.83,2,0);
INSERT INTO oes.order_items (order_id,product_id,unit_price,quantity,discount) VALUES (10925,36,675.07,6,0.15);
INSERT INTO oes.order_items (order_id,product_id,unit_price,quantity,discount) VALUES (10925,52,408.95,12,0.15);
INSERT INTO oes.order_items (order_id,product_id,unit_price,quantity,discount) VALUES (10926,11,606.72,9,0);
INSERT INTO oes.order_items (order_id,product_id,unit_price,quantity,discount) VALUES (10926,13,59,7,0);
INSERT INTO oes.order_items (order_id,product_id,unit_price,quantity,discount) VALUES (10926,19,639.23,5,0);
INSERT INTO oes.order_items (order_id,product_id,unit_price,quantity,discount) VALUES (10926,72,97.01,10,0);
INSERT INTO oes.order_items (order_id,product_id,unit_price,quantity,discount) VALUES (10927,20,577.15,13,0);
INSERT INTO oes.order_items (order_id,product_id,unit_price,quantity,discount) VALUES (10927,52,421.73,5,0);
INSERT INTO oes.order_items (order_id,product_id,unit_price,quantity,discount) VALUES (10927,76,67.32,11,0);
INSERT INTO oes.order_items (order_id,product_id,unit_price,quantity,discount) VALUES (10928,47,989,10,0);
INSERT INTO oes.order_items (order_id,product_id,unit_price,quantity,discount) VALUES (10928,76,67.32,3,0);
INSERT INTO oes.order_items (order_id,product_id,unit_price,quantity,discount) VALUES (10929,21,604.8,15,0);
INSERT INTO oes.order_items (order_id,product_id,unit_price,quantity,discount) VALUES (10929,75,53.45,4,0);
INSERT INTO oes.order_items (order_id,product_id,unit_price,quantity,discount) VALUES (10929,77,128.8,15,0);
INSERT INTO oes.order_items (order_id,product_id,unit_price,quantity,discount) VALUES (10930,21,604.8,7,0);
INSERT INTO oes.order_items (order_id,product_id,unit_price,quantity,discount) VALUES (10930,27,244.02,2,0);
INSERT INTO oes.order_items (order_id,product_id,unit_price,quantity,discount) VALUES (10930,55,383.03,6,0.2);
INSERT INTO oes.order_items (order_id,product_id,unit_price,quantity,discount) VALUES (10930,58,98,15,0.2);
INSERT INTO oes.order_items (order_id,product_id,unit_price,quantity,discount) VALUES (10931,13,57.82,4,0.15);
INSERT INTO oes.order_items (order_id,product_id,unit_price,quantity,discount) VALUES (10931,57,2082.96,5,0);
INSERT INTO oes.order_items (order_id,product_id,unit_price,quantity,discount) VALUES (10932,16,573.2,7,0.1);
INSERT INTO oes.order_items (order_id,product_id,unit_price,quantity,discount) VALUES (10932,62,68.59,1,0.1);
INSERT INTO oes.order_items (order_id,product_id,unit_price,quantity,discount) VALUES (10932,72,98.99,10,0);
INSERT INTO oes.order_items (order_id,product_id,unit_price,quantity,discount) VALUES (10932,75,53.45,1,0.1);
INSERT INTO oes.order_items (order_id,product_id,unit_price,quantity,discount) VALUES (10933,53,288,15,0);
INSERT INTO oes.order_items (order_id,product_id,unit_price,quantity,discount) VALUES (10933,61,143.55,6,0);
INSERT INTO oes.order_items (order_id,product_id,unit_price,quantity,discount) VALUES (10934,6,105.73,5,0);
INSERT INTO oes.order_items (order_id,product_id,unit_price,quantity,discount) VALUES (10935,1,1286.01,1,0);
INSERT INTO oes.order_items (order_id,product_id,unit_price,quantity,discount) VALUES (10935,18,27.89,2,0.25);
INSERT INTO oes.order_items (order_id,product_id,unit_price,quantity,discount) VALUES (10935,23,340.42,12,0.25);
INSERT INTO oes.order_items (order_id,product_id,unit_price,quantity,discount) VALUES (10936,36,668.18,11,0.2);
INSERT INTO oes.order_items (order_id,product_id,unit_price,quantity,discount) VALUES (10937,28,31.04,14,0);
INSERT INTO oes.order_items (order_id,product_id,unit_price,quantity,discount) VALUES (10937,34,1454.03,12,0);
INSERT INTO oes.order_items (order_id,product_id,unit_price,quantity,discount) VALUES (10938,13,57.82,11,0.25);
INSERT INTO oes.order_items (order_id,product_id,unit_price,quantity,discount) VALUES (10938,43,85.95,11,0.25);
INSERT INTO oes.order_items (order_id,product_id,unit_price,quantity,discount) VALUES (10938,60,725.08,6,0.25);
INSERT INTO oes.order_items (order_id,product_id,unit_price,quantity,discount) VALUES (10938,71,409,11,0.25);
INSERT INTO oes.order_items (order_id,product_id,unit_price,quantity,discount) VALUES (10939,2,1469.02,12,0.15);
INSERT INTO oes.order_items (order_id,product_id,unit_price,quantity,discount) VALUES (10939,67,20,6,0.15);
INSERT INTO oes.order_items (order_id,product_id,unit_price,quantity,discount) VALUES (10940,7,39,15,0);
INSERT INTO oes.order_items (order_id,product_id,unit_price,quantity,discount) VALUES (10940,13,59,6,0);
INSERT INTO oes.order_items (order_id,product_id,unit_price,quantity,discount) VALUES (10941,31,154.23,4,0.25);
INSERT INTO oes.order_items (order_id,product_id,unit_price,quantity,discount) VALUES (10941,62,69.29,3,0.25);
INSERT INTO oes.order_items (order_id,product_id,unit_price,quantity,discount) VALUES (10941,68,47.99,1,0.25);
INSERT INTO oes.order_items (order_id,product_id,unit_price,quantity,discount) VALUES (10941,72,98,12,0);
INSERT INTO oes.order_items (order_id,product_id,unit_price,quantity,discount) VALUES (10942,49,322.36,13,0);
INSERT INTO oes.order_items (order_id,product_id,unit_price,quantity,discount) VALUES (10943,13,56.64,12,0);
INSERT INTO oes.order_items (order_id,product_id,unit_price,quantity,discount) VALUES (10943,22,3669.12,1,0);
INSERT INTO oes.order_items (order_id,product_id,unit_price,quantity,discount) VALUES (10943,46,71.76,15,0);
INSERT INTO oes.order_items (order_id,product_id,unit_price,quantity,discount) VALUES (10944,11,613.04,13,0.25);
INSERT INTO oes.order_items (order_id,product_id,unit_price,quantity,discount) VALUES (10944,44,555.83,8,0.25);
INSERT INTO oes.order_items (order_id,product_id,unit_price,quantity,discount) VALUES (10944,56,1736.29,10,0);
INSERT INTO oes.order_items (order_id,product_id,unit_price,quantity,discount) VALUES (10945,13,57.82,15,0);
INSERT INTO oes.order_items (order_id,product_id,unit_price,quantity,discount) VALUES (10945,31,152.64,13,0);
INSERT INTO oes.order_items (order_id,product_id,unit_price,quantity,discount) VALUES (10946,10,763.42,2,0);
INSERT INTO oes.order_items (order_id,product_id,unit_price,quantity,discount) VALUES (10946,24,959.99,12,0);
INSERT INTO oes.order_items (order_id,product_id,unit_price,quantity,discount) VALUES (10946,77,127.51,8,0);
INSERT INTO oes.order_items (order_id,product_id,unit_price,quantity,discount) VALUES (10947,59,1411.74,10,0);
INSERT INTO oes.order_items (order_id,product_id,unit_price,quantity,discount) VALUES (10948,50,99,6,0);
INSERT INTO oes.order_items (order_id,product_id,unit_price,quantity,discount) VALUES (10948,51,44.49,11,0);
INSERT INTO oes.order_items (order_id,product_id,unit_price,quantity,discount) VALUES (10948,55,398.99,10,0);
INSERT INTO oes.order_items (order_id,product_id,unit_price,quantity,discount) VALUES (10949,6,106.82,8,0);
INSERT INTO oes.order_items (order_id,product_id,unit_price,quantity,discount) VALUES (10949,10,755.63,4,0);
INSERT INTO oes.order_items (order_id,product_id,unit_price,quantity,discount) VALUES (10949,17,386.06,3,0);
INSERT INTO oes.order_items (order_id,product_id,unit_price,quantity,discount) VALUES (10949,62,69.99,14,0);
INSERT INTO oes.order_items (order_id,product_id,unit_price,quantity,discount) VALUES (10950,4,335.03,15,0);
INSERT INTO oes.order_items (order_id,product_id,unit_price,quantity,discount) VALUES (10951,33,22.94,2,0.05);
INSERT INTO oes.order_items (order_id,product_id,unit_price,quantity,discount) VALUES (10951,41,126.96,1,0.05);
INSERT INTO oes.order_items (order_id,product_id,unit_price,quantity,discount) VALUES (10951,75,52.37,4,0.05);
INSERT INTO oes.order_items (order_id,product_id,unit_price,quantity,discount) VALUES (10952,6,107.91,11,0.05);
INSERT INTO oes.order_items (order_id,product_id,unit_price,quantity,discount) VALUES (10952,28,31.04,9,0);
INSERT INTO oes.order_items (order_id,product_id,unit_price,quantity,discount) VALUES (10953,20,589.05,2,0.05);
INSERT INTO oes.order_items (order_id,product_id,unit_price,quantity,discount) VALUES (10953,31,152.64,11,0.05);
INSERT INTO oes.order_items (order_id,product_id,unit_price,quantity,discount) VALUES (10954,16,567.41,3,0.15);
INSERT INTO oes.order_items (order_id,product_id,unit_price,quantity,discount) VALUES (10954,31,155.82,8,0.15);
INSERT INTO oes.order_items (order_id,product_id,unit_price,quantity,discount) VALUES (10954,45,240.96,13,0);
INSERT INTO oes.order_items (order_id,product_id,unit_price,quantity,discount) VALUES (10954,60,747.5,12,0.15);
INSERT INTO oes.order_items (order_id,product_id,unit_price,quantity,discount) VALUES (10955,75,52.91,7,0.2);
INSERT INTO oes.order_items (order_id,product_id,unit_price,quantity,discount) VALUES (10956,21,604.8,6,0);
INSERT INTO oes.order_items (order_id,product_id,unit_price,quantity,discount) VALUES (10956,47,959.33,6,0);
INSERT INTO oes.order_items (order_id,product_id,unit_price,quantity,discount) VALUES (10956,51,42.71,6,0);
INSERT INTO oes.order_items (order_id,product_id,unit_price,quantity,discount) VALUES (10957,30,335.94,15,0);
INSERT INTO oes.order_items (order_id,product_id,unit_price,quantity,discount) VALUES (10957,35,66.93,15,0);
INSERT INTO oes.order_items (order_id,product_id,unit_price,quantity,discount) VALUES (10957,64,1583,12,0);
INSERT INTO oes.order_items (order_id,product_id,unit_price,quantity,discount) VALUES (10958,5,147.51,13,0);
INSERT INTO oes.order_items (order_id,product_id,unit_price,quantity,discount) VALUES (10958,7,38.22,11,0);
INSERT INTO oes.order_items (order_id,product_id,unit_price,quantity,discount) VALUES (10958,72,97.01,14,0);
INSERT INTO oes.order_items (order_id,product_id,unit_price,quantity,discount) VALUES (10959,75,53.99,10,0.15);
INSERT INTO oes.order_items (order_id,product_id,unit_price,quantity,discount) VALUES (10960,24,999.99,6,0.25);
INSERT INTO oes.order_items (order_id,product_id,unit_price,quantity,discount) VALUES (10960,41,126.96,6,0);
INSERT INTO oes.order_items (order_id,product_id,unit_price,quantity,discount) VALUES (10961,52,417.47,3,0.05);
INSERT INTO oes.order_items (order_id,product_id,unit_price,quantity,discount) VALUES (10961,76,65.28,10,0);
INSERT INTO oes.order_items (order_id,product_id,unit_price,quantity,discount) VALUES (10962,7,37.83,9,0);
INSERT INTO oes.order_items (order_id,product_id,unit_price,quantity,discount) VALUES (10962,13,58.41,6,0);
INSERT INTO oes.order_items (order_id,product_id,unit_price,quantity,discount) VALUES (10962,53,294,12,0);
INSERT INTO oes.order_items (order_id,product_id,unit_price,quantity,discount) VALUES (10962,69,332.99,14,0);
INSERT INTO oes.order_items (order_id,product_id,unit_price,quantity,discount) VALUES (10962,76,65.28,1,0);
INSERT INTO oes.order_items (order_id,product_id,unit_price,quantity,discount) VALUES (10963,60,732.55,11,0.15);
INSERT INTO oes.order_items (order_id,product_id,unit_price,quantity,discount) VALUES (10964,18,28.75,5,0);
INSERT INTO oes.order_items (order_id,product_id,unit_price,quantity,discount) VALUES (10964,38,339.5,3,0);
INSERT INTO oes.order_items (order_id,product_id,unit_price,quantity,discount) VALUES (10964,69,332.99,2,0);
INSERT INTO oes.order_items (order_id,product_id,unit_price,quantity,discount) VALUES (10965,51,42.71,14,0);
INSERT INTO oes.order_items (order_id,product_id,unit_price,quantity,discount) VALUES (10966,37,240.35,13,0);
INSERT INTO oes.order_items (order_id,product_id,unit_price,quantity,discount) VALUES (10966,56,1718.39,15,0.15);
INSERT INTO oes.order_items (order_id,product_id,unit_price,quantity,discount) VALUES (10966,62,67.89,15,0.15);
INSERT INTO oes.order_items (order_id,product_id,unit_price,quantity,discount) VALUES (10967,19,639.23,9,0);
INSERT INTO oes.order_items (order_id,product_id,unit_price,quantity,discount) VALUES (10967,49,325.62,6,0);
INSERT INTO oes.order_items (order_id,product_id,unit_price,quantity,discount) VALUES (10968,12,449.82,7,0);
INSERT INTO oes.order_items (order_id,product_id,unit_price,quantity,discount) VALUES (10968,24,959.99,2,0);
INSERT INTO oes.order_items (order_id,product_id,unit_price,quantity,discount) VALUES (10968,64,1551.02,5,0);
INSERT INTO oes.order_items (order_id,product_id,unit_price,quantity,discount) VALUES (10969,46,74,10,0);
INSERT INTO oes.order_items (order_id,product_id,unit_price,quantity,discount) VALUES (10970,52,408.95,11,0.2);
INSERT INTO oes.order_items (order_id,product_id,unit_price,quantity,discount) VALUES (10971,29,336,6,0);
INSERT INTO oes.order_items (order_id,product_id,unit_price,quantity,discount) VALUES (10972,17,382.08,7,0);
INSERT INTO oes.order_items (order_id,product_id,unit_price,quantity,discount) VALUES (10972,33,22.71,7,0);
INSERT INTO oes.order_items (order_id,product_id,unit_price,quantity,discount) VALUES (10973,26,2491.67,2,0);
INSERT INTO oes.order_items (order_id,product_id,unit_price,quantity,discount) VALUES (10973,41,129.61,9,0);
INSERT INTO oes.order_items (order_id,product_id,unit_price,quantity,discount) VALUES (10973,75,53.45,8,0);
INSERT INTO oes.order_items (order_id,product_id,unit_price,quantity,discount) VALUES (10974,63,1880.01,7,0);
INSERT INTO oes.order_items (order_id,product_id,unit_price,quantity,discount) VALUES (10975,8,166.21,1,0);
INSERT INTO oes.order_items (order_id,product_id,unit_price,quantity,discount) VALUES (10975,75,53.45,5,0);
INSERT INTO oes.order_items (order_id,product_id,unit_price,quantity,discount) VALUES (10976,28,31.68,13,0);
INSERT INTO oes.order_items (order_id,product_id,unit_price,quantity,discount) VALUES (10977,39,22.77,10,0);
INSERT INTO oes.order_items (order_id,product_id,unit_price,quantity,discount) VALUES (10977,47,949.44,11,0);
INSERT INTO oes.order_items (order_id,product_id,unit_price,quantity,discount) VALUES (10977,51,43.6,5,0);
INSERT INTO oes.order_items (order_id,product_id,unit_price,quantity,discount) VALUES (10977,63,1899,11,0);
INSERT INTO oes.order_items (order_id,product_id,unit_price,quantity,discount) VALUES (10978,8,167.92,6,0.15);
INSERT INTO oes.order_items (order_id,product_id,unit_price,quantity,discount) VALUES (10978,21,617.27,14,0.15);
INSERT INTO oes.order_items (order_id,product_id,unit_price,quantity,discount) VALUES (10978,40,194.35,1,0);
INSERT INTO oes.order_items (order_id,product_id,unit_price,quantity,discount) VALUES (10978,44,561.62,5,0.15);
INSERT INTO oes.order_items (order_id,product_id,unit_price,quantity,discount) VALUES (10979,7,37.44,2,0);
INSERT INTO oes.order_items (order_id,product_id,unit_price,quantity,discount) VALUES (10979,12,454.41,14,0);
INSERT INTO oes.order_items (order_id,product_id,unit_price,quantity,discount) VALUES (10979,24,969.99,5,0);
INSERT INTO oes.order_items (order_id,product_id,unit_price,quantity,discount) VALUES (10979,27,239.04,1,0);
INSERT INTO oes.order_items (order_id,product_id,unit_price,quantity,discount) VALUES (10979,31,154.23,15,0);
INSERT INTO oes.order_items (order_id,product_id,unit_price,quantity,discount) VALUES (10979,63,1899,13,0);
INSERT INTO oes.order_items (order_id,product_id,unit_price,quantity,discount) VALUES (10980,75,52.37,5,0.2);
INSERT INTO oes.order_items (order_id,product_id,unit_price,quantity,discount) VALUES (10981,38,332.71,11,0);
INSERT INTO oes.order_items (order_id,product_id,unit_price,quantity,discount) VALUES (10982,7,37.83,11,0);
INSERT INTO oes.order_items (order_id,product_id,unit_price,quantity,discount) VALUES (10982,43,82.51,15,0);
INSERT INTO oes.order_items (order_id,product_id,unit_price,quantity,discount) VALUES (10983,13,58.41,5,0.15);
INSERT INTO oes.order_items (order_id,product_id,unit_price,quantity,discount) VALUES (10983,57,2061.92,2,0);
INSERT INTO oes.order_items (order_id,product_id,unit_price,quantity,discount) VALUES (10984,16,578.99,5,0);
INSERT INTO oes.order_items (order_id,product_id,unit_price,quantity,discount) VALUES (10984,24,969.99,14,0);
INSERT INTO oes.order_items (order_id,product_id,unit_price,quantity,discount) VALUES (10984,36,661.3,4,0);
INSERT INTO oes.order_items (order_id,product_id,unit_price,quantity,discount) VALUES (10985,16,573.2,11,0.1);
INSERT INTO oes.order_items (order_id,product_id,unit_price,quantity,discount) VALUES (10985,18,28.46,11,0.1);
INSERT INTO oes.order_items (order_id,product_id,unit_price,quantity,discount) VALUES (10985,32,256.4,14,0.1);
INSERT INTO oes.order_items (order_id,product_id,unit_price,quantity,discount) VALUES (10986,11,625.68,3,0);
INSERT INTO oes.order_items (order_id,product_id,unit_price,quantity,discount) VALUES (10986,20,595,2,0);
INSERT INTO oes.order_items (order_id,product_id,unit_price,quantity,discount) VALUES (10986,76,66.64,2,0);
INSERT INTO oes.order_items (order_id,product_id,unit_price,quantity,discount) VALUES (10986,77,127.51,2,0);
INSERT INTO oes.order_items (order_id,product_id,unit_price,quantity,discount) VALUES (10987,7,39,7,0);
INSERT INTO oes.order_items (order_id,product_id,unit_price,quantity,discount) VALUES (10987,43,83.37,6,0);
INSERT INTO oes.order_items (order_id,product_id,unit_price,quantity,discount) VALUES (10987,72,97.01,7,0);
INSERT INTO oes.order_items (order_id,product_id,unit_price,quantity,discount) VALUES (10988,7,39,10,0);
INSERT INTO oes.order_items (order_id,product_id,unit_price,quantity,discount) VALUES (10988,62,69.29,6,0.1);
INSERT INTO oes.order_items (order_id,product_id,unit_price,quantity,discount) VALUES (10989,6,109,3,0);
INSERT INTO oes.order_items (order_id,product_id,unit_price,quantity,discount) VALUES (10989,11,613.04,1,0);
INSERT INTO oes.order_items (order_id,product_id,unit_price,quantity,discount) VALUES (10989,41,130.93,13,0);
INSERT INTO oes.order_items (order_id,product_id,unit_price,quantity,discount) VALUES (10990,21,623.5,9,0);
INSERT INTO oes.order_items (order_id,product_id,unit_price,quantity,discount) VALUES (10990,34,1484.01,12,0.15);
INSERT INTO oes.order_items (order_id,product_id,unit_price,quantity,discount) VALUES (10990,55,395,9,0.15);
INSERT INTO oes.order_items (order_id,product_id,unit_price,quantity,discount) VALUES (10990,61,146.51,3,0.15);
INSERT INTO oes.order_items (order_id,product_id,unit_price,quantity,discount) VALUES (10991,2,1484.01,15,0.2);
INSERT INTO oes.order_items (order_id,product_id,unit_price,quantity,discount) VALUES (10991,70,81.48,15,0.2);
INSERT INTO oes.order_items (order_id,product_id,unit_price,quantity,discount) VALUES (10991,76,68,2,0.2);
INSERT INTO oes.order_items (order_id,product_id,unit_price,quantity,discount) VALUES (10992,72,96.02,7,0);
INSERT INTO oes.order_items (order_id,product_id,unit_price,quantity,discount) VALUES (10993,29,346.5,3,0.25);
INSERT INTO oes.order_items (order_id,product_id,unit_price,quantity,discount) VALUES (10993,41,128.28,15,0.25);
INSERT INTO oes.order_items (order_id,product_id,unit_price,quantity,discount) VALUES (10994,59,1411.74,1,0.05);
INSERT INTO oes.order_items (order_id,product_id,unit_price,quantity,discount) VALUES (10995,51,44.49,7,0);
INSERT INTO oes.order_items (order_id,product_id,unit_price,quantity,discount) VALUES (10995,60,732.55,8,0);
INSERT INTO oes.order_items (order_id,product_id,unit_price,quantity,discount) VALUES (10996,42,991.68,6,0);
INSERT INTO oes.order_items (order_id,product_id,unit_price,quantity,discount) VALUES (10997,32,256.4,1,0);
INSERT INTO oes.order_items (order_id,product_id,unit_price,quantity,discount) VALUES (10997,46,73.26,4,0.25);
INSERT INTO oes.order_items (order_id,product_id,unit_price,quantity,discount) VALUES (10997,52,417.47,14,0.25);
INSERT INTO oes.order_items (order_id,product_id,unit_price,quantity,discount) VALUES (10998,24,959.99,6,0);
INSERT INTO oes.order_items (order_id,product_id,unit_price,quantity,discount) VALUES (10998,61,142.07,8,0);
INSERT INTO oes.order_items (order_id,product_id,unit_price,quantity,discount) VALUES (10998,74,33.48,7,0);
INSERT INTO oes.order_items (order_id,product_id,unit_price,quantity,discount) VALUES (10998,75,53.99,4,0);
INSERT INTO oes.order_items (order_id,product_id,unit_price,quantity,discount) VALUES (10999,41,132.25,7,0.05);
INSERT INTO oes.order_items (order_id,product_id,unit_price,quantity,discount) VALUES (10999,51,42.71,1,0.05);
INSERT INTO oes.order_items (order_id,product_id,unit_price,quantity,discount) VALUES (10999,77,126.22,14,0.05);
INSERT INTO oes.order_items (order_id,product_id,unit_price,quantity,discount) VALUES (11000,4,338.52,10,0.25);
INSERT INTO oes.order_items (order_id,product_id,unit_price,quantity,discount) VALUES (11000,24,979.99,5,0.25);
INSERT INTO oes.order_items (order_id,product_id,unit_price,quantity,discount) VALUES (11000,77,127.51,12,0);
INSERT INTO oes.order_items (order_id,product_id,unit_price,quantity,discount) VALUES (11001,7,38.22,15,0);
INSERT INTO oes.order_items (order_id,product_id,unit_price,quantity,discount) VALUES (11001,22,3744,10,0);
INSERT INTO oes.order_items (order_id,product_id,unit_price,quantity,discount) VALUES (11001,46,72.51,11,0);
INSERT INTO oes.order_items (order_id,product_id,unit_price,quantity,discount) VALUES (11001,55,391.01,11,0);
INSERT INTO oes.order_items (order_id,product_id,unit_price,quantity,discount) VALUES (11002,13,57.23,15,0);
INSERT INTO oes.order_items (order_id,product_id,unit_price,quantity,discount) VALUES (11002,35,68.31,8,0.15);
INSERT INTO oes.order_items (order_id,product_id,unit_price,quantity,discount) VALUES (11002,42,991.68,9,0.15);
INSERT INTO oes.order_items (order_id,product_id,unit_price,quantity,discount) VALUES (11002,55,398.99,1,0);
INSERT INTO oes.order_items (order_id,product_id,unit_price,quantity,discount) VALUES (11003,1,1273.02,2,0);
INSERT INTO oes.order_items (order_id,product_id,unit_price,quantity,discount) VALUES (11003,40,194.35,10,0);
INSERT INTO oes.order_items (order_id,product_id,unit_price,quantity,discount) VALUES (11003,52,408.95,7,0);
INSERT INTO oes.order_items (order_id,product_id,unit_price,quantity,discount) VALUES (11004,26,2441.84,8,0);
INSERT INTO oes.order_items (order_id,product_id,unit_price,quantity,discount) VALUES (11004,76,68,15,0);
INSERT INTO oes.order_items (order_id,product_id,unit_price,quantity,discount) VALUES (11005,1,1299,6,0);
INSERT INTO oes.order_items (order_id,product_id,unit_price,quantity,discount) VALUES (11005,59,1397.48,12,0);
INSERT INTO oes.order_items (order_id,product_id,unit_price,quantity,discount) VALUES (11006,1,1273.02,5,0);
INSERT INTO oes.order_items (order_id,product_id,unit_price,quantity,discount) VALUES (11006,29,346.5,7,0.25);
INSERT INTO oes.order_items (order_id,product_id,unit_price,quantity,discount) VALUES (11007,8,169.64,9,0);
INSERT INTO oes.order_items (order_id,product_id,unit_price,quantity,discount) VALUES (11007,29,350,12,0);
INSERT INTO oes.order_items (order_id,product_id,unit_price,quantity,discount) VALUES (11007,42,1033,11,0);
INSERT INTO oes.order_items (order_id,product_id,unit_price,quantity,discount) VALUES (11008,28,31.68,14,0.05);
INSERT INTO oes.order_items (order_id,product_id,unit_price,quantity,discount) VALUES (11008,34,1499,3,0.05);
INSERT INTO oes.order_items (order_id,product_id,unit_price,quantity,discount) VALUES (11008,71,396.73,4,0);
INSERT INTO oes.order_items (order_id,product_id,unit_price,quantity,discount) VALUES (11009,24,979.99,8,0);
INSERT INTO oes.order_items (order_id,product_id,unit_price,quantity,discount) VALUES (11009,36,668.18,15,0.25);
INSERT INTO oes.order_items (order_id,product_id,unit_price,quantity,discount) VALUES (11009,60,717.6,14,0);
INSERT INTO oes.order_items (order_id,product_id,unit_price,quantity,discount) VALUES (11010,7,38.61,5,0);
INSERT INTO oes.order_items (order_id,product_id,unit_price,quantity,discount) VALUES (11010,24,959.99,14,0);
INSERT INTO oes.order_items (order_id,product_id,unit_price,quantity,discount) VALUES (11011,58,96.02,7,0.05);
INSERT INTO oes.order_items (order_id,product_id,unit_price,quantity,discount) VALUES (11011,71,404.91,9,0);
INSERT INTO oes.order_items (order_id,product_id,unit_price,quantity,discount) VALUES (11012,19,652.41,8,0.05);
INSERT INTO oes.order_items (order_id,product_id,unit_price,quantity,discount) VALUES (11012,60,732.55,1,0.05);
INSERT INTO oes.order_items (order_id,product_id,unit_price,quantity,discount) VALUES (11012,71,392.64,7,0.05);
INSERT INTO oes.order_items (order_id,product_id,unit_price,quantity,discount) VALUES (11013,23,350.95,4,0);
INSERT INTO oes.order_items (order_id,product_id,unit_price,quantity,discount) VALUES (11013,42,1033,6,0);
INSERT INTO oes.order_items (order_id,product_id,unit_price,quantity,discount) VALUES (11013,45,248.49,2,0);
INSERT INTO oes.order_items (order_id,product_id,unit_price,quantity,discount) VALUES (11013,68,49.49,13,0);
INSERT INTO oes.order_items (order_id,product_id,unit_price,quantity,discount) VALUES (11014,41,126.96,10,0.1);
INSERT INTO oes.order_items (order_id,product_id,unit_price,quantity,discount) VALUES (11015,30,339.44,9,0);
INSERT INTO oes.order_items (order_id,product_id,unit_price,quantity,discount) VALUES (11015,77,127.51,3,0);
INSERT INTO oes.order_items (order_id,product_id,unit_price,quantity,discount) VALUES (11016,31,155.82,10,0);
INSERT INTO oes.order_items (order_id,product_id,unit_price,quantity,discount) VALUES (11016,36,668.18,1,0);
INSERT INTO oes.order_items (order_id,product_id,unit_price,quantity,discount) VALUES (11017,3,767.04,8,0);
INSERT INTO oes.order_items (order_id,product_id,unit_price,quantity,discount) VALUES (11017,59,1411.74,13,0);
INSERT INTO oes.order_items (order_id,product_id,unit_price,quantity,discount) VALUES (11017,70,81.48,15,0);
INSERT INTO oes.order_items (order_id,product_id,unit_price,quantity,discount) VALUES (11018,12,454.41,6,0);
INSERT INTO oes.order_items (order_id,product_id,unit_price,quantity,discount) VALUES (11018,18,28.18,3,0);
INSERT INTO oes.order_items (order_id,product_id,unit_price,quantity,discount) VALUES (11018,56,1772.09,15,0);
INSERT INTO oes.order_items (order_id,product_id,unit_price,quantity,discount) VALUES (11019,46,74.75,12,0);
INSERT INTO oes.order_items (order_id,product_id,unit_price,quantity,discount) VALUES (11019,49,315.85,12,0);
INSERT INTO oes.order_items (order_id,product_id,unit_price,quantity,discount) VALUES (11020,10,747.84,1,0.15);
INSERT INTO oes.order_items (order_id,product_id,unit_price,quantity,discount) VALUES (11021,2,1439.04,10,0.25);
INSERT INTO oes.order_items (order_id,product_id,unit_price,quantity,discount) VALUES (11021,20,595,2,0);
INSERT INTO oes.order_items (order_id,product_id,unit_price,quantity,discount) VALUES (11021,26,2392,3,0);
INSERT INTO oes.order_items (order_id,product_id,unit_price,quantity,discount) VALUES (11021,51,44.49,13,0.25);
INSERT INTO oes.order_items (order_id,product_id,unit_price,quantity,discount) VALUES (11021,72,98,3,0);
INSERT INTO oes.order_items (order_id,product_id,unit_price,quantity,discount) VALUES (11022,19,639.23,4,0);
INSERT INTO oes.order_items (order_id,product_id,unit_price,quantity,discount) VALUES (11022,69,323,12,0);
INSERT INTO oes.order_items (order_id,product_id,unit_price,quantity,discount) VALUES (11023,7,39,15,0);
INSERT INTO oes.order_items (order_id,product_id,unit_price,quantity,discount) VALUES (11023,43,82.51,10,0);
INSERT INTO oes.order_items (order_id,product_id,unit_price,quantity,discount) VALUES (11024,26,2466.75,8,0);
INSERT INTO oes.order_items (order_id,product_id,unit_price,quantity,discount) VALUES (11024,33,22.02,1,0);
INSERT INTO oes.order_items (order_id,product_id,unit_price,quantity,discount) VALUES (11024,65,179.19,2,0);
INSERT INTO oes.order_items (order_id,product_id,unit_price,quantity,discount) VALUES (11024,71,409,13,0);
INSERT INTO oes.order_items (order_id,product_id,unit_price,quantity,discount) VALUES (11025,1,1260.03,15,0.1);
INSERT INTO oes.order_items (order_id,product_id,unit_price,quantity,discount) VALUES (11025,13,56.64,13,0.1);
INSERT INTO oes.order_items (order_id,product_id,unit_price,quantity,discount) VALUES (11026,18,28.46,8,0);
INSERT INTO oes.order_items (order_id,product_id,unit_price,quantity,discount) VALUES (11026,51,43.6,11,0);
INSERT INTO oes.order_items (order_id,product_id,unit_price,quantity,discount) VALUES (11027,24,959.99,12,0.25);
INSERT INTO oes.order_items (order_id,product_id,unit_price,quantity,discount) VALUES (11027,62,69.29,11,0.25);
INSERT INTO oes.order_items (order_id,product_id,unit_price,quantity,discount) VALUES (11028,55,395,15,0);
INSERT INTO oes.order_items (order_id,product_id,unit_price,quantity,discount) VALUES (11028,59,1397.48,3,0);
INSERT INTO oes.order_items (order_id,product_id,unit_price,quantity,discount) VALUES (11029,56,1718.39,1,0);
INSERT INTO oes.order_items (order_id,product_id,unit_price,quantity,discount) VALUES (11029,63,1823.04,4,0);
INSERT INTO oes.order_items (order_id,product_id,unit_price,quantity,discount) VALUES (11030,2,1484.01,12,0.25);
INSERT INTO oes.order_items (order_id,product_id,unit_price,quantity,discount) VALUES (11030,5,143.04,9,0);
INSERT INTO oes.order_items (order_id,product_id,unit_price,quantity,discount) VALUES (11030,29,339.5,1,0.25);
INSERT INTO oes.order_items (order_id,product_id,unit_price,quantity,discount) VALUES (11030,59,1397.48,9,0.25);
INSERT INTO oes.order_items (order_id,product_id,unit_price,quantity,discount) VALUES (11031,1,1247.04,6,0);
INSERT INTO oes.order_items (order_id,product_id,unit_price,quantity,discount) VALUES (11031,13,57.82,25,0);
INSERT INTO oes.order_items (order_id,product_id,unit_price,quantity,discount) VALUES (11031,24,999.99,12,0);
INSERT INTO oes.order_items (order_id,product_id,unit_price,quantity,discount) VALUES (11031,64,1551.02,15,0);
INSERT INTO oes.order_items (order_id,product_id,unit_price,quantity,discount) VALUES (11031,71,392.64,6,0);
INSERT INTO oes.order_items (order_id,product_id,unit_price,quantity,discount) VALUES (11032,36,688.85,4,0);
INSERT INTO oes.order_items (order_id,product_id,unit_price,quantity,discount) VALUES (11032,38,339.5,15,0);
INSERT INTO oes.order_items (order_id,product_id,unit_price,quantity,discount) VALUES (11032,59,1383.22,14,0);
INSERT INTO oes.order_items (order_id,product_id,unit_price,quantity,discount) VALUES (11033,53,294,12,0.1);
INSERT INTO oes.order_items (order_id,product_id,unit_price,quantity,discount) VALUES (11033,69,332.99,1,0.1);
INSERT INTO oes.order_items (order_id,product_id,unit_price,quantity,discount) VALUES (11034,21,623.5,4,0.1);
INSERT INTO oes.order_items (order_id,product_id,unit_price,quantity,discount) VALUES (11034,44,578.99,10,0);
INSERT INTO oes.order_items (order_id,product_id,unit_price,quantity,discount) VALUES (11034,61,145.03,4,0);
INSERT INTO oes.order_items (order_id,product_id,unit_price,quantity,discount) VALUES (11035,1,1273.02,3,0);
INSERT INTO oes.order_items (order_id,product_id,unit_price,quantity,discount) VALUES (11035,35,66.24,5,0);
INSERT INTO oes.order_items (order_id,product_id,unit_price,quantity,discount) VALUES (11035,42,1033,6,0);
INSERT INTO oes.order_items (order_id,product_id,unit_price,quantity,discount) VALUES (11035,54,641.41,6,0);
INSERT INTO oes.order_items (order_id,product_id,unit_price,quantity,discount) VALUES (11036,13,58.41,8,0);
INSERT INTO oes.order_items (order_id,product_id,unit_price,quantity,discount) VALUES (11036,59,1368.96,8,0);
INSERT INTO oes.order_items (order_id,product_id,unit_price,quantity,discount) VALUES (11037,70,80.64,8,0);
INSERT INTO oes.order_items (order_id,product_id,unit_price,quantity,discount) VALUES (11038,40,194.35,13,0.2);
INSERT INTO oes.order_items (order_id,product_id,unit_price,quantity,discount) VALUES (11038,52,421.73,11,0);
INSERT INTO oes.order_items (order_id,product_id,unit_price,quantity,discount) VALUES (11038,71,404.91,5,0);
INSERT INTO oes.order_items (order_id,product_id,unit_price,quantity,discount) VALUES (11039,28,32,7,0);
INSERT INTO oes.order_items (order_id,product_id,unit_price,quantity,discount) VALUES (11039,35,68.31,4,0);
INSERT INTO oes.order_items (order_id,product_id,unit_price,quantity,discount) VALUES (11039,49,319.11,11,0);
INSERT INTO oes.order_items (order_id,product_id,unit_price,quantity,discount) VALUES (11039,57,2104,8,0);
INSERT INTO oes.order_items (order_id,product_id,unit_price,quantity,discount) VALUES (11040,21,598.56,7,0);
INSERT INTO oes.order_items (order_id,product_id,unit_price,quantity,discount) VALUES (11041,2,1484.01,6,0.2);
INSERT INTO oes.order_items (order_id,product_id,unit_price,quantity,discount) VALUES (11041,63,1823.04,4,0);
INSERT INTO oes.order_items (order_id,product_id,unit_price,quantity,discount) VALUES (11042,44,561.62,6,0);
INSERT INTO oes.order_items (order_id,product_id,unit_price,quantity,discount) VALUES (11042,61,147.99,11,0);
INSERT INTO oes.order_items (order_id,product_id,unit_price,quantity,discount) VALUES (11043,11,632,4,0);
INSERT INTO oes.order_items (order_id,product_id,unit_price,quantity,discount) VALUES (11044,62,67.19,6,0);
INSERT INTO oes.order_items (order_id,product_id,unit_price,quantity,discount) VALUES (11045,33,22.25,12,0);
INSERT INTO oes.order_items (order_id,product_id,unit_price,quantity,discount) VALUES (11045,51,43.16,14,0);
INSERT INTO oes.order_items (order_id,product_id,unit_price,quantity,discount) VALUES (11046,12,454.41,8,0.05);
INSERT INTO oes.order_items (order_id,product_id,unit_price,quantity,discount) VALUES (11046,32,258.99,4,0.05);
INSERT INTO oes.order_items (order_id,product_id,unit_price,quantity,discount) VALUES (11046,35,67.62,9,0.05);
INSERT INTO oes.order_items (order_id,product_id,unit_price,quantity,discount) VALUES (11047,1,1247.04,12,0.25);
INSERT INTO oes.order_items (order_id,product_id,unit_price,quantity,discount) VALUES (11047,5,147.51,6,0.25);
INSERT INTO oes.order_items (order_id,product_id,unit_price,quantity,discount) VALUES (11048,68,49.99,14,0);
INSERT INTO oes.order_items (order_id,product_id,unit_price,quantity,discount) VALUES (11049,2,1469.02,15,0.2);
INSERT INTO oes.order_items (order_id,product_id,unit_price,quantity,discount) VALUES (11049,12,440.64,11,0.2);
INSERT INTO oes.order_items (order_id,product_id,unit_price,quantity,discount) VALUES (11050,76,68,4,0.1);
INSERT INTO oes.order_items (order_id,product_id,unit_price,quantity,discount) VALUES (11051,24,959.99,6,0.2);
INSERT INTO oes.order_items (order_id,product_id,unit_price,quantity,discount) VALUES (11052,43,85.95,13,0.2);
INSERT INTO oes.order_items (order_id,product_id,unit_price,quantity,discount) VALUES (11052,61,143.55,8,0.2);
INSERT INTO oes.order_items (order_id,product_id,unit_price,quantity,discount) VALUES (11053,18,27.6,2,0.2);
INSERT INTO oes.order_items (order_id,product_id,unit_price,quantity,discount) VALUES (11053,32,251.22,9,0);
INSERT INTO oes.order_items (order_id,product_id,unit_price,quantity,discount) VALUES (11053,64,1535.03,7,0.2);
INSERT INTO oes.order_items (order_id,product_id,unit_price,quantity,discount) VALUES (11054,33,22.94,6,0);
INSERT INTO oes.order_items (order_id,product_id,unit_price,quantity,discount) VALUES (11054,67,19.4,1,0);
INSERT INTO oes.order_items (order_id,product_id,unit_price,quantity,discount) VALUES (11055,24,979.99,7,0);
INSERT INTO oes.order_items (order_id,product_id,unit_price,quantity,discount) VALUES (11055,25,898.99,5,0);
INSERT INTO oes.order_items (order_id,product_id,unit_price,quantity,discount) VALUES (11055,51,44.05,10,0);
INSERT INTO oes.order_items (order_id,product_id,unit_price,quantity,discount) VALUES (11055,57,2104,6,0);
INSERT INTO oes.order_items (order_id,product_id,unit_price,quantity,discount) VALUES (11056,7,37.44,12,0);
INSERT INTO oes.order_items (order_id,product_id,unit_price,quantity,discount) VALUES (11056,55,395,6,0);
INSERT INTO oes.order_items (order_id,product_id,unit_price,quantity,discount) VALUES (11056,60,732.55,11,0);
INSERT INTO oes.order_items (order_id,product_id,unit_price,quantity,discount) VALUES (11057,70,82.32,7,0);
INSERT INTO oes.order_items (order_id,product_id,unit_price,quantity,discount) VALUES (11058,21,604.8,11,0);
INSERT INTO oes.order_items (order_id,product_id,unit_price,quantity,discount) VALUES (11058,60,747.5,13,0);
INSERT INTO oes.order_items (order_id,product_id,unit_price,quantity,discount) VALUES (11058,61,143.55,1,0);
INSERT INTO oes.order_items (order_id,product_id,unit_price,quantity,discount) VALUES (11059,13,57.82,8,0);
INSERT INTO oes.order_items (order_id,product_id,unit_price,quantity,discount) VALUES (11059,17,394.02,11,0);
INSERT INTO oes.order_items (order_id,product_id,unit_price,quantity,discount) VALUES (11059,60,747.5,14,0);
INSERT INTO oes.order_items (order_id,product_id,unit_price,quantity,discount) VALUES (11060,60,732.55,14,0);
INSERT INTO oes.order_items (order_id,product_id,unit_price,quantity,discount) VALUES (11060,77,124.94,9,0);
INSERT INTO oes.order_items (order_id,product_id,unit_price,quantity,discount) VALUES (11061,60,732.55,4,0);
INSERT INTO oes.order_items (order_id,product_id,unit_price,quantity,discount) VALUES (11062,53,294,13,0.2);
INSERT INTO oes.order_items (order_id,product_id,unit_price,quantity,discount) VALUES (11062,70,80.64,1,0.2);
INSERT INTO oes.order_items (order_id,product_id,unit_price,quantity,discount) VALUES (11063,34,1484.01,11,0);
INSERT INTO oes.order_items (order_id,product_id,unit_price,quantity,discount) VALUES (11063,40,192.41,15,0.1);
INSERT INTO oes.order_items (order_id,product_id,unit_price,quantity,discount) VALUES (11063,41,128.28,8,0.1);
INSERT INTO oes.order_items (order_id,product_id,unit_price,quantity,discount) VALUES (11064,17,398,10,0.1);
INSERT INTO oes.order_items (order_id,product_id,unit_price,quantity,discount) VALUES (11064,41,130.93,2,0);
INSERT INTO oes.order_items (order_id,product_id,unit_price,quantity,discount) VALUES (11064,53,294,11,0.1);
INSERT INTO oes.order_items (order_id,product_id,unit_price,quantity,discount) VALUES (11064,55,387.02,8,0.1);
INSERT INTO oes.order_items (order_id,product_id,unit_price,quantity,discount) VALUES (11064,68,49.99,3,0);
INSERT INTO oes.order_items (order_id,product_id,unit_price,quantity,discount) VALUES (11065,30,339.44,1,0.25);
INSERT INTO oes.order_items (order_id,product_id,unit_price,quantity,discount) VALUES (11065,54,654.64,5,0.25);
INSERT INTO oes.order_items (order_id,product_id,unit_price,quantity,discount) VALUES (11066,16,573.2,15,0);
INSERT INTO oes.order_items (order_id,product_id,unit_price,quantity,discount) VALUES (11066,19,652.41,2,0);
INSERT INTO oes.order_items (order_id,product_id,unit_price,quantity,discount) VALUES (11066,34,1469.02,4,0);
INSERT INTO oes.order_items (order_id,product_id,unit_price,quantity,discount) VALUES (11067,41,126.96,5,0);
INSERT INTO oes.order_items (order_id,product_id,unit_price,quantity,discount) VALUES (11068,28,32,8,0.15);
INSERT INTO oes.order_items (order_id,product_id,unit_price,quantity,discount) VALUES (11068,43,84.23,2,0.15);
INSERT INTO oes.order_items (order_id,product_id,unit_price,quantity,discount) VALUES (11068,77,124.94,11,0.15);
INSERT INTO oes.order_items (order_id,product_id,unit_price,quantity,discount) VALUES (11069,39,23,4,0);
INSERT INTO oes.order_items (order_id,product_id,unit_price,quantity,discount) VALUES (11070,1,1286.01,1,0.15);
INSERT INTO oes.order_items (order_id,product_id,unit_price,quantity,discount) VALUES (11070,2,1454.03,13,0.15);
INSERT INTO oes.order_items (order_id,product_id,unit_price,quantity,discount) VALUES (11070,16,578.99,15,0.15);
INSERT INTO oes.order_items (order_id,product_id,unit_price,quantity,discount) VALUES (11070,31,154.23,7,0);
INSERT INTO oes.order_items (order_id,product_id,unit_price,quantity,discount) VALUES (11071,7,38.61,12,0.05);
INSERT INTO oes.order_items (order_id,product_id,unit_price,quantity,discount) VALUES (11071,13,58.41,1,0.05);
INSERT INTO oes.order_items (order_id,product_id,unit_price,quantity,discount) VALUES (11072,2,1469.02,13,0);
INSERT INTO oes.order_items (order_id,product_id,unit_price,quantity,discount) VALUES (11072,41,128.28,6,0);
INSERT INTO oes.order_items (order_id,product_id,unit_price,quantity,discount) VALUES (11072,50,99,13,0);
INSERT INTO oes.order_items (order_id,product_id,unit_price,quantity,discount) VALUES (11072,64,1567.01,5,0);
INSERT INTO oes.order_items (order_id,product_id,unit_price,quantity,discount) VALUES (11073,11,613.04,4,0);
INSERT INTO oes.order_items (order_id,product_id,unit_price,quantity,discount) VALUES (11073,24,999.99,11,0);
INSERT INTO oes.order_items (order_id,product_id,unit_price,quantity,discount) VALUES (11074,16,573.2,3,0.05);
INSERT INTO oes.order_items (order_id,product_id,unit_price,quantity,discount) VALUES (11075,2,1454.03,2,0.15);
INSERT INTO oes.order_items (order_id,product_id,unit_price,quantity,discount) VALUES (11075,46,71.76,1,0.15);
INSERT INTO oes.order_items (order_id,product_id,unit_price,quantity,discount) VALUES (11075,76,65.96,1,0.15);
INSERT INTO oes.order_items (order_id,product_id,unit_price,quantity,discount) VALUES (11076,6,106.82,11,0.25);
INSERT INTO oes.order_items (order_id,product_id,unit_price,quantity,discount) VALUES (11076,14,23.02,5,0.25);
INSERT INTO oes.order_items (order_id,product_id,unit_price,quantity,discount) VALUES (11076,19,645.82,12,0.25);
INSERT INTO oes.order_items (order_id,product_id,unit_price,quantity,discount) VALUES (11077,2,1469.02,8,0.2);
INSERT INTO oes.order_items (order_id,product_id,unit_price,quantity,discount) VALUES (11077,3,791.01,8,0);
INSERT INTO oes.order_items (order_id,product_id,unit_price,quantity,discount) VALUES (11077,4,342.01,10,0);
INSERT INTO oes.order_items (order_id,product_id,unit_price,quantity,discount) VALUES (11077,6,105.73,9,0.02);
INSERT INTO oes.order_items (order_id,product_id,unit_price,quantity,discount) VALUES (11077,7,37.44,9,0.05);
INSERT INTO oes.order_items (order_id,product_id,unit_price,quantity,discount) VALUES (11077,8,166.21,7,0.1);
INSERT INTO oes.order_items (order_id,product_id,unit_price,quantity,discount) VALUES (11077,10,779,2,0);
INSERT INTO oes.order_items (order_id,product_id,unit_price,quantity,discount) VALUES (11077,12,445.23,10,0.05);
INSERT INTO oes.order_items (order_id,product_id,unit_price,quantity,discount) VALUES (11077,13,57.82,11,0);
INSERT INTO oes.order_items (order_id,product_id,unit_price,quantity,discount) VALUES (11077,14,22.55,7,0.03);
INSERT INTO oes.order_items (order_id,product_id,unit_price,quantity,discount) VALUES (11077,16,555.83,13,0.03);
INSERT INTO oes.order_items (order_id,product_id,unit_price,quantity,discount) VALUES (11077,20,571.2,7,0.04);
INSERT INTO oes.order_items (order_id,product_id,unit_price,quantity,discount) VALUES (11077,23,347.44,3,0);
INSERT INTO oes.order_items (order_id,product_id,unit_price,quantity,discount) VALUES (11077,32,256.4,4,0);
INSERT INTO oes.order_items (order_id,product_id,unit_price,quantity,discount) VALUES (11077,39,22.54,13,0.05);
INSERT INTO oes.order_items (order_id,product_id,unit_price,quantity,discount) VALUES (11077,41,129.61,11,0);
INSERT INTO oes.order_items (order_id,product_id,unit_price,quantity,discount) VALUES (11077,46,72.51,4,0.02);
INSERT INTO oes.order_items (order_id,product_id,unit_price,quantity,discount) VALUES (11077,52,417.47,6,0);
INSERT INTO oes.order_items (order_id,product_id,unit_price,quantity,discount) VALUES (11077,55,387.02,15,0);
INSERT INTO oes.order_items (order_id,product_id,unit_price,quantity,discount) VALUES (11077,60,740.03,6,0.06);
INSERT INTO oes.order_items (order_id,product_id,unit_price,quantity,discount) VALUES (11077,64,1551.02,4,0.03);
INSERT INTO oes.order_items (order_id,product_id,unit_price,quantity,discount) VALUES (11077,66,76.72,3,0);
INSERT INTO oes.order_items (order_id,product_id,unit_price,quantity,discount) VALUES (11077,73,191.06,7,0.01);
INSERT INTO oes.order_items (order_id,product_id,unit_price,quantity,discount) VALUES (11077,75,53.99,13,0);
INSERT INTO oes.order_items (order_id,product_id,unit_price,quantity,discount) VALUES (11077,77,128.8,6,0);




